"","V1","V2","V3","V4","V5","V6","V7","V8","V9","V10","V11","V12","V13","V14","V15","V16","V17","V18","V19","V20","V21","V22","V23","V24","V25","V26","V27","V28","V29","V30","V31","V32","V33","V34","V35","V36","V37","V38","V39","V40","V41","V42","V43","V44","V45"
"1","Bra011348","Bra019443","Bra031058,Bra031059","Bra003617","Bra014506","Bra033505","Bra003946","Bra040771","Bra041120","Bra005961","Bra027553","Bra030262","Bra019940","Bra003062","Bra030248","Bra027035","Bra012753","Bra035940,Bra035941","Bra013225","Bra013592","Bra029903","Bra030832","Bra026226","Bra003458","Bra037748","Bra002879","Bra001392","Bra017403,Bra017404","Bra005536","Bra020585","Bra007460","Bra011455","Bra016471","Bra005824","Bra034450","Bra036146","Bra005417","Bra023673","Bra018570","Bra000625","Bra033773","Bra027278","Bra006216","Bra001865","Bra011270"
"2","Bra004235","Bra008790","Bra003087","Bra022596","Bra008760","Bra016093","Bra040599","Bra009018,Bra009019,Bra009020","Bra001122","Bra009312","Bra003989","Bra026850","Bra004878","Bra023327","Bra029363","Bra020998","Bra018214","Bra022138","Bra002255","Bra014730","Bra035381","Bra002519","Bra006150","Bra012422","Bra035652","Bra016108","Bra005508","Bra001271,snoR130","Bra000998","Bra030366","Bra028597","Bra020100","Bra014326","Bra001197","Bra015038","Bra004968","Bra005924","Bra018702","Bra006551,Bra006552","Bra010126","Bra036391","Bra009226","Bra001789","Bra036127","Bra037414"
"3","Bra014253","Bra008628","Bra018086","Bra009625","Bra033478","Bra017705","Bra039719","Bra021792","Bra014037","Bra013423","Bra027934","Bra010867","Bra018168","Bra030741","Bra000937","Bra039466","Bra018232","Bra031739","Bra040669","Bra038326","Bra036823","Bra005441","Bra015337","Bra029628","Bra036894,Bra036895,Bra036896","Bra030031","Bra016320","Bra039821","Bra014870","Bra006251","Bra002348","Bra006771","Bra003169,Bra003170","Bra013094","Bra029005","Bra014056","Bra031502","Bra025064","Bra015694","Bra029586","Bra004839","Bra022147","Bra006536","Bra007241","Bra002288"
"4","Bra028323","Bra018922","Bra008844","Bra004679","Bra020622","Bra027736","Bra015795,Bra015796","Bra034758,Bra034759","Bra039341","Bra014883","Bra006079","Bra040529","Bra012544","Bra020157","Bra017464","Bra009734","Bra008392,Bra008393","Bra000563","Bra013846","Bra019684","Bra035332","Bra015922","Bra022482","Bra000864","Bra021567","Bra034063","Bra022505","Bra018735","Bra012166","Bra036642","Bra004948","Bra033110","Bra010733","Bra025009","Bra001551","Bra004651","Bra034183","Bra007174","Bra039768","Bra035064","Bra030320","Bra013464","Bra019764","Bra000741","Bra026231"
"5","Bra004387","Bra035904","Bra013156","Bra039681","Bra012133","Bra024547","Bra000354","Bra002352","Bra030595","Bra031617","Bra033788","Bra024755,Bra024756","Bra024107","Bra038835",NA,"Bra025882,Bra025883,Bra025884,Bra025886","Bra037380","Bra020112","Bra009416","Bra017985","Bra020984","Bra027225","Bra012342","Bra008651","Bra024478","Bra036507","Bra034779","Bra024290,Bra024291,Bra024292,Bra024293,Bra024294","Bra017122","Bra011305","Bra016894","Bra018806","Bra007566,Bra007567","Bra001500","Bra010759","Bra004688","Bra009927","Bra015290","Bra011608","Bra016866","Bra014469","Bra011950","Bra003053","Bra022836","Bra025242,Bra025243"
"6","Bra032483","Bra011714","Bra019307","Bra001071","Bra004286","Bra028417","Bra021079","Bra012606","Bra008544","Bra030820","Bra017110","Bra032674","Bra005169","Bra004687",NA,"Bra002023","Bra015594","Bra023658","Bra027258","Bra005742","Bra008029","Bra037358","Bra027868","Bra030808","Bra036155","Bra011116",NA,"Bra032026",NA,"Bra000840","Bra026393","Bra008158","Bra021606","Bra008953","Bra022598","Bra028357","Bra015592","Bra005888","Bra005140","Bra029620","Bra014871","Bra031084,Bra031085","Bra004244",NA,"Bra019194"
"7","Bra006654","Bra016190","Bra029201,Bra029202","Bra006140","Bra024029","Bra032925","Bra026039","Bra023392","Bra040972","Bra037939","Bra008690","Bra012201","Bra007695","Bra028123",NA,"Bra001490","Bra020051","Bra022857","Bra023249","Bra008344","Bra032016,Bra032017","Bra028907","Bra039049","Bra015678","Bra002749","Bra017162",NA,"Bra013764",NA,"Bra003072","Bra032466","Bra025995","Bra010243","Bra025541","Bra003729","Bra013881,Bra013882,Bra013883","Bra011084","Bra020008","Bra012252","Bra005982","Bra030103","Bra028809","Bra006043",NA,"Bra028596"
"8","Bra024075","Bra019704","Bra012721,Bra012722","Bra016095","Bra039925","Bra036357","Bra037167,Bra037168","Bra024316","Bra001854","Bra013190","Bra033796","Bra025889","Bra005818","Bra022473",NA,"Bra002822","Bra037055","Bra010391","Bra037170","Bra011362","Bra029940","Bra030908","Bra029036","Bra017823","Bra013002",NA,NA,"Bra019795,Bra019796",NA,"Bra020400,Bra020401","Bra004438","Bra040573","Bra031784","Bra039799","Bra032137","Bra003196,Bra003197","Bra037554","Bra015721","Bra034873","Bra021898,Bra021899","Bra008877","Bra002665","Bra033329,Bra033330",NA,"Bra022310"
"9","Bra038658","Bra024214","Bra032669","Bra025461","Bra025725","Bra036758","Bra018920","Bra006290","Bra022212","Bra000591","Bra028603","Bra033368","Bra019616","Bra006094",NA,"Bra027057","Bra039499","Bra030817","Bra040652","Bra010085","Bra032169","Bra038555","Bra037933","Bra001857","Bra038842",NA,NA,NA,NA,"Bra019132,Bra019133","Bra000483","Bra005632","Bra007950","Bra016883","Bra005096","Bra000024","Bra004769,Bra004770","Bra022241,Bra022242","Bra027235,Bra027236","Bra019626","Bra023378","Bra036587","Bra033783",NA,"Bra011536"
"10","Bra027147","Bra035788","Bra000028",NA,"Bra030813,Bra030815","Bra017758,Bra017759","Bra011839","Bra014226","Bra017140","Bra035100","Bra025945","Bra004999","Bra006090","Bra017310",NA,"Bra015219",NA,"Bra025671",NA,"Bra013372","Bra007462","Bra027967,Bra027968","Bra009410","Bra040264","Bra003502",NA,NA,NA,NA,"Bra030285","Bra016617,Bra016618,Bra016619","Bra017475","Bra014529","Bra036601","Bra008933","Bra032394","Bra003675","Bra002574","Bra034602,Bra034603","Bra013069","Bra034108,Bra034109","Bra010681","Bra008842",NA,"Bra039483"
"11","Bra022618","Bra026248","Bra036908",NA,"Bra004998","Bra036239","Bra008476,Bra008477","Bra027654","Bra026032","Bra036447","Bra003055","Bra026305","Bra039786","Bra019150",NA,"Bra029392,Bra029393",NA,"Bra035269",NA,"Bra040547","Bra035172,Bra035173","Bra027468","Bra006710,Bra006711,Bra006712,Bra006713,Bra006714","Bra035813","Bra000342",NA,NA,NA,NA,"Bra022242","Bra040029","Bra028617","Bra038950","Bra008097","Bra036346","Bra013001","Bra028144","Bra022813","Bra022567","Bra035551","Bra018684","Bra017597","Bra037640,Bra037641",NA,"Bra011059"
"12","Bra035477","Bra007622",NA,NA,"Bra007608,Bra007609","Bra034268","Bra017907","Bra013191","Bra009589","Bra040819","Bra025452,Bra025453,Bra025454","Bra015511","Bra000038","Bra009970",NA,"Bra011735",NA,"Bra006555",NA,NA,"Bra014938","Bra031641","Bra033104","Bra005806","Bra029019",NA,NA,NA,NA,"Bra003618","Bra005064","Bra000488,Bra000489","Bra018740","Bra040053","Bra034611,Bra034612","Bra023982","Bra030764,Bra030765","Bra030873","Bra026420",NA,"Bra003636","Bra021171","Bra024300",NA,"Bra012620"
"13","Bra012539,Bra012540","Bra031983",NA,NA,"Bra025162","Bra005792","Bra020082","Bra028134","Bra005309","Bra031158","Bra008935","Bra033990","Bra022702","Bra039661",NA,"Bra033382",NA,"Bra005976",NA,NA,"Bra037430","Bra034989","Bra028870","Bra031686","Bra011920",NA,NA,NA,NA,"Bra006750","Bra005729","Bra029043","Bra028000","Bra013924","Bra001093","Bra011164","Bra022288",NA,"Bra035584",NA,"Bra000136","Bra010977","Bra006517",NA,"Bra022979"
"14","Bra022938","Bra002697",NA,NA,"Bra036001","Bra012303","Bra000294","Bra024302","Bra003715","Bra031191,Bra031192","Bra026290","Bra013213",NA,"Bra008710",NA,"Bra003677",NA,"Bra004879",NA,NA,"Bra013132",NA,"Bra036462","Bra030653","Bra027644",NA,NA,NA,NA,"Bra006879","Bra039986,Bra039987","Bra027626","Bra037439","Bra028689,tRNA-Leu","Bra001266","Bra038127","Bra003212",NA,"Bra021220",NA,"Bra019149","Bra005235","Bra017055",NA,"Bra001216"
"15","Bra039048","Bra023023",NA,NA,"Bra034561","Bra025887","Bra006622","Bra040041","Bra011422","Bra026028","Bra000063","Bra009338",NA,"Bra019181",NA,"Bra013584",NA,"Bra009578",NA,NA,"Bra024701",NA,"Bra033274","Bra032104","Bra036302",NA,NA,NA,NA,"Bra005275","Bra002346","Bra018458","Bra001373","Bra015753","Bra014802","Bra002191","Bra028898",NA,"Bra028777",NA,NA,"Bra019908",NA,NA,"Bra009680"
"16","Bra014348","Bra029902",NA,NA,"Bra040425,Bra040426","Bra033275,Bra033276","Bra009750","Bra022908","Bra011703","Bra022133","Bra034990","Bra011307",NA,"Bra033837",NA,"Bra037739",NA,"Bra031586",NA,NA,"Bra020759",NA,"Bra034697,tRNA-Gly","Bra017672","Bra019354",NA,NA,NA,NA,"Bra028539","Bra001542","Bra021961","Bra035486","Bra005338","Bra033919","Bra002877","Bra028789",NA,"Bra001183",NA,NA,"Bra004177,Bra004178",NA,NA,"Bra010510"
"17","Bra009015","Bra016337",NA,NA,"Bra029038","Bra022736","Bra011733","Bra029654","Bra017712","Bra029472,Bra029473","Bra004030","Bra030231",NA,"Bra036322",NA,NA,NA,"Bra022164",NA,NA,"Bra015257,Bra015258",NA,"Bra011228","Bra004108","Bra019693,Bra019694",NA,NA,NA,NA,"Bra018897","Bra003876,Bra003877","Bra003049","Bra023056,tRNA-Tyr","Bra009586","Bra025785","Bra013167","Bra022638",NA,"Bra007867",NA,NA,"Bra014757",NA,NA,"Bra024819,Bra024820,Bra024821"
"18","Bra000621","Bra003504",NA,NA,"Bra001951","Bra032518,Bra032519","Bra032284","Bra003597","Bra017769,Bra017770,Bra017771","Bra002322","Bra015070","Bra017209",NA,"Bra038949",NA,NA,NA,"Bra000460",NA,NA,"Bra026581",NA,"Bra020017","Bra036321","Bra009558",NA,NA,NA,NA,"Bra006794","Bra000827","Bra013744","Bra000256","Bra018111","Bra033987","Bra040403","Bra036142",NA,"Bra005290",NA,NA,"Bra007131",NA,NA,"Bra037191"
"19","Bra010566","Bra029697",NA,NA,"Bra009107,Bra009108","Bra032196","Bra012153","Bra009963","Bra039645","Bra013756","Bra006778","Bra029344",NA,"Bra001427",NA,NA,NA,"Bra007610",NA,NA,"Bra014689",NA,"Bra037006","Bra024199","Bra025089",NA,NA,NA,NA,"Bra004421","Bra017697","Bra025091,Bra025092","Bra005531","Bra012814","Bra004499",NA,"Bra024186,Bra024187",NA,"Bra000285",NA,NA,"Bra001516",NA,NA,"Bra040475"
"20","Bra007075","Bra032565",NA,NA,"Bra036194","Bra039175","Bra000901","Bra013025","Bra015762","Bra003603","Bra040442","Bra033949",NA,"Bra011500",NA,NA,NA,"Bra018573",NA,NA,"Bra030340",NA,"Bra005706","Bra034713","Bra034527",NA,NA,NA,NA,"Bra028549","Bra001942","Bra017053,Bra017054","Bra012076,Bra012077,Bra012079","Bra022271","Bra018548",NA,"Bra033224",NA,"Bra003845",NA,NA,"Bra027635",NA,NA,"Bra023432"
"21","Bra032589","Bra010855",NA,NA,"Bra003482","Bra022923","Bra020036","Bra001573","Bra009809","Bra039144","Bra018002","Bra003142",NA,"Bra008127",NA,NA,NA,"Bra001045",NA,NA,"Bra012637",NA,"Bra024163","Bra009896","Bra016046",NA,NA,NA,NA,"Bra010616","Bra016809","Bra025276",NA,"Bra023712","Bra016330",NA,"Bra020185",NA,NA,NA,NA,"Bra014766",NA,NA,"Bra029783"
"22","Bra004809","Bra017698",NA,NA,"Bra031802","Bra018695","Bra001645","Bra020883","Bra015564","Bra005677","Bra038089","Bra028844",NA,"Bra036834",NA,NA,NA,"Bra023365",NA,NA,"Bra008212,Bra008213",NA,"Bra039109","Bra032954,Bra032955","Bra010216",NA,NA,NA,NA,"Bra014656","Bra028559","Bra000808",NA,"Bra033672","Bra010270",NA,"Bra039678",NA,NA,NA,NA,"Bra033564,Bra033565",NA,NA,"Bra024615"
"23","Bra008749","Bra028011",NA,NA,"Bra037991","Bra026017,Bra026018","Bra015341","Bra036254","Bra011749","Bra019253,Bra019254","Bra024890","Bra041145",NA,"Bra016117",NA,NA,NA,"Bra037045",NA,NA,"Bra031745",NA,"Bra032199","Bra036721,Bra036722","Bra026351",NA,NA,NA,NA,"Bra026155","Bra009596","Bra008847",NA,"Bra000700","Bra035169,Bra035170",NA,"Bra038233",NA,NA,NA,NA,"Bra014340",NA,NA,"Bra011134"
"24","Bra034231","Bra009745",NA,NA,"Bra023597,Bra023599","Bra027792,Bra027793","Bra015668","Bra031740,Bra031741","Bra012865","Bra021529,Bra021530","Bra006454","Bra011777",NA,"Bra028520",NA,NA,NA,"Bra001196",NA,NA,"Bra001250",NA,"Bra039284","Bra017986","Bra014343",NA,NA,NA,NA,"Bra013053","Bra002181","Bra000883",NA,"Bra014351","Bra022060",NA,"Bra004397",NA,NA,NA,NA,"Bra017454",NA,NA,"Bra006660"
"25","Bra018090,Bra018091","Bra033526",NA,NA,"Bra029108","Bra020949","Bra009433","Bra031705","Bra038091,Bra038092","Bra012337","Bra004225","Bra035686",NA,"Bra029438",NA,NA,NA,"Bra010337",NA,NA,"Bra040776",NA,"Bra000749","Bra021650","Bra015715",NA,NA,NA,NA,"Bra040630","Bra030488","Bra040118",NA,"Bra037655","Bra008657",NA,"Bra022593",NA,NA,NA,NA,"Bra038621,Bra038622",NA,NA,"Bra012899"
"26","Bra035161","Bra003024",NA,NA,"Bra026969","Bra012364","Bra023418","Bra014467","Bra006813","Bra002038","Bra005603","Bra018859",NA,"Bra010416",NA,NA,NA,"Bra026770",NA,NA,"Bra021661",NA,"Bra012984,Bra012985","Bra002140","Bra016557",NA,NA,NA,NA,"Bra014696","Bra005498","Bra000122",NA,"Bra020137,Bra020138","Bra038644",NA,"Bra012203",NA,NA,NA,NA,"Bra036495",NA,NA,"Bra000240"
"27","Bra032166","Bra002265,Bra002266",NA,NA,"Bra015349","Bra027695","Bra032807,Bra032808","Bra033670","Bra001992","Bra002470","Bra025816","Bra037316",NA,"Bra013993",NA,NA,NA,"Bra027124",NA,NA,"Bra039713,Bra039714",NA,"Bra033709","Bra001745","Bra000885",NA,NA,NA,NA,"Bra017427,Bra017428","Bra035382","Bra011541",NA,"Bra001177",NA,NA,"Bra006351,Bra006352",NA,NA,NA,NA,"Bra027421,Bra027422",NA,NA,"Bra011047"
"28","Bra025469","Bra033053,Bra033054",NA,NA,"Bra007682","Bra004066","Bra004460","Bra030447,Bra030448","Bra003570","Bra014855","Bra007239","Bra027207",NA,"Bra021455",NA,NA,NA,"Bra000328",NA,NA,"Bra000550",NA,"Bra001802","Bra010956,Bra010957","Bra033973",NA,NA,NA,NA,"Bra006067","Bra035348","Bra005031",NA,"Bra001848",NA,NA,"Bra033757",NA,NA,NA,NA,"Bra014264",NA,NA,"Bra012083"
"29","Bra031115","Bra028702",NA,NA,"Bra038161","Bra004267","Bra003835","Bra028579","Bra014626","Bra026143","Bra020062","Bra032640",NA,"Bra009659",NA,NA,NA,"Bra026366",NA,NA,"Bra032409",NA,"Bra005014","Bra010171","Bra037411",NA,NA,NA,NA,"Bra021929","Bra009298","Bra033565,Bra033566",NA,"Bra007047",NA,NA,"Bra000384",NA,NA,NA,NA,"Bra008975",NA,NA,"Bra003655"
"30","Bra028655","Bra000880",NA,NA,"Bra000472",NA,"Bra030732","Bra000440","Bra032313","Bra016419","Bra039321","Bra013176",NA,"Bra036942",NA,NA,NA,"Bra030842",NA,NA,"Bra020838",NA,"Bra005365","Bra027828","Bra036730",NA,NA,NA,NA,"Bra029362,Bra029363","Bra028940","Bra040347",NA,NA,NA,NA,"Bra008876",NA,NA,NA,NA,"Bra019853",NA,NA,"Bra028405"
"31","Bra037292","Bra005213",NA,NA,"Bra020884",NA,"Bra006248","Bra000773","Bra038289","Bra004928","Bra004924","Bra034460",NA,"Bra037478",NA,NA,NA,"Bra026629,Bra026630",NA,NA,"Bra014057",NA,"Bra000931","Bra023035","Bra024893,Bra024894",NA,NA,NA,NA,"Bra032053,Bra032054","Bra010771",NA,NA,NA,NA,NA,"Bra027294",NA,NA,NA,NA,"Bra039472",NA,NA,"Bra025223"
"32","Bra007978","Bra018284",NA,NA,"Bra005077",NA,"Bra001587","Bra001536","Bra014446","Bra008497","Bra018306","Bra027343",NA,"Bra036463",NA,NA,NA,"Bra029978",NA,NA,"Bra016752",NA,"Bra038415","Bra016081","Bra010983",NA,NA,NA,NA,"Bra039120","Bra028334",NA,NA,NA,NA,NA,"Bra037164",NA,NA,NA,NA,"Bra015397",NA,NA,"Bra000915"
"33","Bra023736","Bra000977",NA,NA,"Bra038489",NA,"Bra010484","Bra010339","Bra012588",NA,"Bra034815","Bra031879",NA,"Bra025488",NA,NA,NA,"Bra032191",NA,NA,"Bra029253",NA,"Bra004528","Bra001368","Bra007520",NA,NA,NA,NA,"Bra011775","Bra012146",NA,NA,NA,NA,NA,"Bra009909",NA,NA,NA,NA,"Bra001618",NA,NA,"Bra013859"
"34","Bra024941","Bra026875,Bra026876",NA,NA,"Bra019539",NA,"Bra010749","Bra030570","Bra026621",NA,"Bra020393","Bra034306",NA,"Bra013828",NA,NA,NA,"Bra000207",NA,NA,"Bra016870",NA,"Bra006875","Bra035511","Bra016305",NA,NA,NA,NA,"Bra023093","Bra034775",NA,NA,NA,NA,NA,"Bra038541",NA,NA,NA,NA,"Bra025335,Bra025336",NA,NA,"Bra024964"
"35","Bra035536","Bra027527,Bra027528",NA,NA,"Bra029228,Bra029229",NA,"Bra011565","Bra019384","Bra026116",NA,"Bra012244","Bra031923",NA,"Bra028999",NA,NA,NA,"Bra003344",NA,NA,"Bra028191",NA,"Bra027640","Bra023115","Bra024662",NA,NA,NA,NA,"Bra011180","Bra013747",NA,NA,NA,NA,NA,"Bra014044",NA,NA,NA,NA,"Bra003549",NA,NA,"Bra005718,Bra005767"
"36","Bra025105","Bra039184",NA,NA,"Bra025865",NA,"Bra038815","Bra033489","Bra039052",NA,"Bra017723","Bra032795",NA,"Bra033082",NA,NA,NA,"Bra023706,Bra023707",NA,NA,"Bra038656",NA,"Bra040416","Bra033415","Bra002980",NA,NA,NA,NA,"Bra031771","Bra010079",NA,NA,NA,NA,NA,"Bra038426,Bra038427",NA,NA,NA,NA,"Bra035490",NA,NA,"Bra023164"
"37","Bra030622","Bra034281",NA,NA,"Bra031874",NA,"Bra024138,Bra024139","Bra001983","Bra031478",NA,NA,"Bra011146",NA,"Bra015843",NA,NA,NA,"Bra013824",NA,NA,"Bra004782",NA,"Bra010303","Bra007063","Bra017912",NA,NA,NA,NA,NA,"Bra030877",NA,NA,NA,NA,NA,"Bra030319",NA,NA,NA,NA,"Bra024957,Bra024958,Bra024959",NA,NA,"Bra010476"
"38","Bra000662","Bra019433",NA,NA,"Bra021198,Bra021199",NA,"Bra000863","Bra016375,Bra016376","Bra003948",NA,NA,"Bra012999",NA,"Bra016205",NA,NA,NA,"Bra029295",NA,NA,"Bra009336",NA,"Bra004589","Bra019486",NA,NA,NA,NA,NA,NA,"Bra023780",NA,NA,NA,NA,NA,"Bra031532,Bra031533,Bra032413,tRNA-Ala",NA,NA,NA,NA,"Bra003841",NA,NA,"Bra036904"
"39","Bra009649","Bra013329",NA,NA,"Bra013436",NA,"Bra024366,Bra024367","Bra009948,Bra009949","Bra015199",NA,NA,"Bra011668",NA,"Bra027237",NA,NA,NA,"Bra017684",NA,NA,"Bra000424",NA,"Bra015433","Bra018723",NA,NA,NA,NA,NA,NA,"Bra032635,Bra032636",NA,NA,NA,NA,NA,"Bra038081,Bra038082,Bra038083",NA,NA,NA,NA,"Bra036120",NA,NA,"Bra014361"
"40","Bra018039","Bra013853",NA,NA,"Bra006283",NA,"Bra035101","Bra034715,Bra034716","Bra024103",NA,NA,"Bra006051",NA,"Bra001422",NA,NA,NA,"Bra009600",NA,NA,"Bra037777,tRNA-Val",NA,"Bra000898","Bra039018,Bra039019",NA,NA,NA,NA,NA,NA,"Bra025007",NA,NA,NA,NA,NA,"Bra028411",NA,NA,NA,NA,"Bra032122",NA,NA,"Bra015781"
"41","Bra021314","Bra040598",NA,NA,"Bra023848",NA,"Bra037680,Bra037682","Bra012462","Bra020828",NA,NA,"Bra025363",NA,"Bra038899",NA,NA,NA,"Bra015298",NA,NA,"Bra005261",NA,"Bra024729","Bra034828",NA,NA,NA,NA,NA,NA,"Bra020607",NA,NA,NA,NA,NA,"Bra002221",NA,NA,NA,NA,"Bra004324",NA,NA,"Bra030316"
"42","Bra007802","Bra002655,Bra002656",NA,NA,"Bra001136",NA,"Bra008766","Bra022693","Bra009756",NA,NA,"Bra004508",NA,"Bra001641,Bra001643",NA,NA,NA,"Bra015954",NA,NA,"Bra004023",NA,"Bra019784","Bra000044",NA,NA,NA,NA,NA,NA,"Bra011767",NA,NA,NA,NA,NA,"Bra013013",NA,NA,NA,NA,"Bra036258",NA,NA,"Bra016016,Bra016017"
"43","Bra000054","Bra008903,Bra008904",NA,NA,"Bra026998",NA,"Bra012339","Bra000302,Bra000303","Bra006304",NA,NA,"Bra022425",NA,"Bra009140",NA,NA,NA,"Bra007924",NA,NA,"Bra004587",NA,"Bra005135","Bra011196",NA,NA,NA,NA,NA,NA,"Bra028525",NA,NA,NA,NA,NA,"Bra002043",NA,NA,NA,NA,"Bra025534",NA,NA,"Bra004057,Bra004058,Bra004059,Bra004060"
"44","Bra034589","Bra018828",NA,NA,"Bra018277",NA,"Bra006052","Bra000610","Bra033480",NA,NA,"Bra008540",NA,"Bra019686,Bra019688,Bra019689,Bra019690",NA,NA,NA,"Bra022600",NA,NA,"Bra001735",NA,"Bra028183","Bra003775",NA,NA,NA,NA,NA,NA,"Bra008638",NA,NA,NA,NA,NA,"Bra022743",NA,NA,NA,NA,"Bra001415",NA,NA,"Bra007738"
"45","Bra020188","Bra002890",NA,NA,"Bra028837",NA,"Bra009644","Bra033455","Bra031896",NA,NA,"Bra031635",NA,"Bra000875,Bra000876",NA,NA,NA,"Bra023619",NA,NA,"Bra023971",NA,"Bra012697","Bra014661",NA,NA,NA,NA,NA,NA,"Bra037119",NA,NA,NA,NA,NA,"Bra004510",NA,NA,NA,NA,"Bra036409",NA,NA,"Bra000538"
"46","Bra039880","Bra007275,Bra007276,Bra007277",NA,NA,"Bra022867",NA,"Bra008627","Bra001223","Bra011409",NA,NA,"Bra018857",NA,"Bra004101",NA,NA,NA,"Bra003034",NA,NA,"Bra023704",NA,"Bra039664","Bra018369",NA,NA,NA,NA,NA,NA,"Bra000620",NA,NA,NA,NA,NA,"Bra025682",NA,NA,NA,NA,"Bra004639",NA,NA,"Bra031296"
"47",NA,"Bra011186",NA,NA,"Bra034297",NA,"Bra033438","Bra036243","Bra021672,tRNA-Ala",NA,NA,"Bra012651",NA,NA,NA,NA,NA,"Bra036252",NA,NA,"Bra008116,Bra008117",NA,"Bra039578","Bra015000",NA,NA,NA,NA,NA,NA,"Bra027373",NA,NA,NA,NA,NA,"Bra000914",NA,NA,NA,NA,"Bra005134",NA,NA,"Bra015741,Bra015742"
"48",NA,"Bra023900",NA,NA,"Bra028470",NA,"Bra033540","Bra021658,Bra021659,Bra021660","Bra036175",NA,NA,"Bra022067",NA,NA,NA,NA,NA,"Bra029801,tRNA-Phe",NA,NA,"Bra015798,Bra015799",NA,"Bra014136","Bra010815",NA,NA,NA,NA,NA,NA,"Bra013339",NA,NA,NA,NA,NA,"Bra007301,Bra007302",NA,NA,NA,NA,"Bra026243",NA,NA,"Bra024776,Bra024777"
"49",NA,"Bra020737",NA,NA,"Bra035446",NA,"Bra027196","Bra006538","Bra011696",NA,NA,"Bra025847",NA,NA,NA,NA,NA,"Bra031652,Bra031653,Bra031654",NA,NA,"Bra006233",NA,"Bra021851","Bra003396",NA,NA,NA,NA,NA,NA,"Bra011539",NA,NA,NA,NA,NA,"Bra018209",NA,NA,NA,NA,"Bra000952,Bra000953",NA,NA,"Bra030540"
"50",NA,"Bra009800",NA,NA,"Bra004094",NA,"Bra004853","Bra037787","Bra004645",NA,NA,"Bra005521",NA,NA,NA,NA,NA,"Bra034271",NA,NA,"Bra006200",NA,"Bra016590","Bra002856",NA,NA,NA,NA,NA,NA,"Bra005979",NA,NA,NA,NA,NA,"Bra036878",NA,NA,NA,NA,"Bra003147",NA,NA,"Bra029427"
"51",NA,"Bra007776,Bra007777",NA,NA,"Bra018864",NA,"Bra017317,Bra017318","Bra003928","Bra006194",NA,NA,"Bra001958,Bra001959",NA,NA,NA,NA,NA,"Bra018525",NA,NA,"Bra023413",NA,"Bra034501","Bra036467",NA,NA,NA,NA,NA,NA,"Bra002460",NA,NA,NA,NA,NA,"Bra032875",NA,NA,NA,NA,"Bra006413",NA,NA,"Bra010430"
"52",NA,"Bra014074",NA,NA,"Bra009295",NA,"Bra008470","Bra013582","Bra025853",NA,NA,"Bra016074",NA,NA,NA,NA,NA,"Bra001949",NA,NA,"Bra022751,Bra022752",NA,"Bra036247","Bra010644",NA,NA,NA,NA,NA,NA,"Bra016703",NA,NA,NA,NA,NA,"Bra034798,Bra034799",NA,NA,NA,NA,"Bra012040",NA,NA,"Bra037432"
"53",NA,"Bra034441",NA,NA,"Bra029826",NA,"Bra013565","Bra018030","Bra012088",NA,NA,"Bra028754",NA,NA,NA,NA,NA,"Bra013087",NA,NA,"Bra017386",NA,"Bra037962","Bra009184",NA,NA,NA,NA,NA,NA,"Bra018559",NA,NA,NA,NA,NA,"Bra015305",NA,NA,NA,NA,"Bra027163",NA,NA,"Bra013517"
"54",NA,"Bra020764",NA,NA,"Bra029165",NA,"Bra004168","Bra022597","Bra003778",NA,NA,"Bra033122",NA,NA,NA,NA,NA,"Bra038913,Bra038914",NA,NA,"Bra035050,Bra035051",NA,"Bra039653","Bra009043",NA,NA,NA,NA,NA,NA,"Bra008732",NA,NA,NA,NA,NA,"Bra009609,Bra009610",NA,NA,NA,NA,"Bra040427",NA,NA,"Bra037181,Bra037182"
"55",NA,"Bra010567",NA,NA,"Bra029099",NA,"Bra005141","Bra013218","Bra001457",NA,NA,"Bra004657",NA,NA,NA,NA,NA,"Bra032135,Bra032136",NA,NA,"Bra012595,Bra012596",NA,"Bra009010","Bra025764",NA,NA,NA,NA,NA,NA,"Bra037570,Bra037571",NA,NA,NA,NA,NA,"Bra024234",NA,NA,NA,NA,"Bra014663",NA,NA,"Bra014755"
"56",NA,"Bra002828",NA,NA,"Bra022108",NA,"Bra015315","Bra018531","Bra004155",NA,NA,"Bra023612",NA,NA,NA,NA,NA,"Bra026514",NA,NA,"Bra034088,Bra034089",NA,"Bra020186","Bra003398,Bra003399",NA,NA,NA,NA,NA,NA,"Bra006181",NA,NA,NA,NA,NA,NA,NA,NA,NA,NA,"Bra015878",NA,NA,"Bra006182"
"57",NA,"Bra028401",NA,NA,"Bra035320",NA,"Bra034566,Bra034569","Bra008070","Bra015384",NA,NA,"Bra008785",NA,NA,NA,NA,NA,"Bra039710",NA,NA,"Bra018378",NA,"Bra032011","Bra018340",NA,NA,NA,NA,NA,NA,"Bra016075,Bra016076",NA,NA,NA,NA,NA,NA,NA,NA,NA,NA,"Bra019170",NA,NA,"Bra032548"
"58",NA,"Bra030220",NA,NA,"Bra017081",NA,"Bra033859,Bra033860","Bra029140","Bra001988",NA,NA,"Bra005021",NA,NA,NA,NA,NA,"Bra005206",NA,NA,"Bra019508",NA,"Bra037896","Bra020184",NA,NA,NA,NA,NA,NA,NA,NA,NA,NA,NA,NA,NA,NA,NA,NA,NA,"Bra037364",NA,NA,"Bra014229"
"59",NA,"Bra000130",NA,NA,"Bra019154",NA,"Bra012683","Bra033389","Bra006275",NA,NA,"Bra032050",NA,NA,NA,NA,NA,"Bra014504",NA,NA,"Bra005387",NA,"Bra015464","Bra025681",NA,NA,NA,NA,NA,NA,NA,NA,NA,NA,NA,NA,NA,NA,NA,NA,NA,"Bra014131",NA,NA,"Bra035518,Bra035529"
"60",NA,"Bra005172",NA,NA,"Bra009055",NA,"Bra013761","Bra005476","Bra030166",NA,NA,"Bra016144",NA,NA,NA,NA,NA,"Bra016198,Bra016199",NA,NA,"Bra040756",NA,"Bra030962","Bra037955",NA,NA,NA,NA,NA,NA,NA,NA,NA,NA,NA,NA,NA,NA,NA,NA,NA,"Bra027274",NA,NA,"Bra013017,Bra013018"
"61",NA,"Bra036931",NA,NA,"Bra008801",NA,"Bra018329","Bra024062,Bra024063","Bra000660",NA,NA,"Bra037412",NA,NA,NA,NA,NA,"Bra004081",NA,NA,"Bra008509",NA,"Bra014042","Bra035608",NA,NA,NA,NA,NA,NA,NA,NA,NA,NA,NA,NA,NA,NA,NA,NA,NA,"Bra022734",NA,NA,"Bra028651"
"62",NA,"Bra005620,Bra005622,Bra005624",NA,NA,"Bra032742",NA,"Bra025905,tRNA-Asp","Bra033214,Bra033215,Bra033216","Bra010209",NA,NA,"Bra018876",NA,NA,NA,NA,NA,"Bra007614",NA,NA,"Bra000271",NA,"Bra008027","Bra025167",NA,NA,NA,NA,NA,NA,NA,NA,NA,NA,NA,NA,NA,NA,NA,NA,NA,"Bra010853",NA,NA,"Bra037309"
"63",NA,"Bra015317",NA,NA,"Bra007105",NA,"Bra006029","Bra012445","Bra033400",NA,NA,"Bra016572,Bra016573",NA,NA,NA,NA,NA,"Bra027573,Bra027574",NA,NA,"Bra037220",NA,"Bra011315","Bra001333",NA,NA,NA,NA,NA,NA,NA,NA,NA,NA,NA,NA,NA,NA,NA,NA,NA,"Bra039091",NA,NA,NA
"64",NA,NA,NA,NA,"Bra031360",NA,"Bra030306","Bra008840","Bra006374",NA,NA,"Bra034012",NA,NA,NA,NA,NA,"Bra018593",NA,NA,"Bra024144,Bra024145",NA,"Bra002816","Bra010474,Bra010475",NA,NA,NA,NA,NA,NA,NA,NA,NA,NA,NA,NA,NA,NA,NA,NA,NA,"Bra040448",NA,NA,NA
"65",NA,NA,NA,NA,"Bra030342,Bra030343",NA,"Bra016481,Bra016482","Bra003604","Bra001507",NA,NA,"Bra038670",NA,NA,NA,NA,NA,"Bra017604",NA,NA,"Bra036571",NA,"Bra002174,Bra002175","Bra014283",NA,NA,NA,NA,NA,NA,NA,NA,NA,NA,NA,NA,NA,NA,NA,NA,NA,NA,NA,NA,NA
"66",NA,NA,NA,NA,"Bra022182",NA,"Bra011314","Bra037671","Bra025654",NA,NA,"Bra010941",NA,NA,NA,NA,NA,"Bra004247,Bra004248",NA,NA,"Bra011114",NA,"Bra012181","Bra000073",NA,NA,NA,NA,NA,NA,NA,NA,NA,NA,NA,NA,NA,NA,NA,NA,NA,NA,NA,NA,NA
"67",NA,NA,NA,NA,"Bra009671",NA,"Bra017964","Bra011081","Bra016317",NA,NA,"Bra040447",NA,NA,NA,NA,NA,"Bra035937,Bra035938",NA,NA,"Bra004243",NA,"Bra007071","Bra023573",NA,NA,NA,NA,NA,NA,NA,NA,NA,NA,NA,NA,NA,NA,NA,NA,NA,NA,NA,NA,NA
"68",NA,NA,NA,NA,"Bra026238",NA,"Bra012005","Bra009670","Bra010453",NA,NA,"Bra002745",NA,NA,NA,NA,NA,"Bra039085",NA,NA,"Bra006456",NA,"Bra037398","Bra008132",NA,NA,NA,NA,NA,NA,NA,NA,NA,NA,NA,NA,NA,NA,NA,NA,NA,NA,NA,NA,NA
"69",NA,NA,NA,NA,"Bra023101",NA,"Bra031183,Bra031184","Bra002326","Bra013175",NA,NA,"Bra017685",NA,NA,NA,NA,NA,"Bra002354",NA,NA,"Bra039740",NA,"Bra034506","Bra035450,Bra035451",NA,NA,NA,NA,NA,NA,NA,NA,NA,NA,NA,NA,NA,NA,NA,NA,NA,NA,NA,NA,NA
"70",NA,NA,NA,NA,"Bra039891",NA,"Bra035563","Bra028963","Bra007337",NA,NA,"Bra036145",NA,NA,NA,NA,NA,"Bra014853",NA,NA,"Bra018009,Bra018010",NA,"Bra009723","Bra011819",NA,NA,NA,NA,NA,NA,NA,NA,NA,NA,NA,NA,NA,NA,NA,NA,NA,NA,NA,NA,NA
"71",NA,NA,NA,NA,"Bra034484",NA,"Bra003776","Bra004683","Bra032058",NA,NA,"Bra004546",NA,NA,NA,NA,NA,"Bra026097",NA,NA,"Bra017844",NA,"Bra023739","Bra017809",NA,NA,NA,NA,NA,NA,NA,NA,NA,NA,NA,NA,NA,NA,NA,NA,NA,NA,NA,NA,NA
"72",NA,NA,NA,NA,"Bra019403",NA,"Bra019667","Bra039094","Bra028635",NA,NA,"Bra013805",NA,NA,NA,NA,NA,"Bra030054",NA,NA,"Bra001047",NA,NA,"Bra010549,Bra010550",NA,NA,NA,NA,NA,NA,NA,NA,NA,NA,NA,NA,NA,NA,NA,NA,NA,NA,NA,NA,NA
"73",NA,NA,NA,NA,"Bra032315,Bra032316",NA,"Bra039835","Bra025364","Bra018943",NA,NA,"Bra031413",NA,NA,NA,NA,NA,"Bra039310",NA,NA,"Bra004977",NA,NA,"Bra030256",NA,NA,NA,NA,NA,NA,NA,NA,NA,NA,NA,NA,NA,NA,NA,NA,NA,NA,NA,NA,NA
"74",NA,NA,NA,NA,"Bra037862",NA,"Bra002973,Bra002974","Bra002561","Bra009746",NA,NA,"Bra005727",NA,NA,NA,NA,NA,"Bra035864",NA,NA,"Bra011331",NA,NA,"Bra002975",NA,NA,NA,NA,NA,NA,NA,NA,NA,NA,NA,NA,NA,NA,NA,NA,NA,NA,NA,NA,NA
"75",NA,NA,NA,NA,"Bra017031",NA,"Bra021041","Bra031785","Bra006441",NA,NA,"Bra029936",NA,NA,NA,NA,NA,"Bra019522",NA,NA,"Bra020905",NA,NA,"Bra013606",NA,NA,NA,NA,NA,NA,NA,NA,NA,NA,NA,NA,NA,NA,NA,NA,NA,NA,NA,NA,NA
"76",NA,NA,NA,NA,"Bra040234",NA,"Bra025958","Bra009334","Bra009543",NA,NA,"Bra009570",NA,NA,NA,NA,NA,"Bra013593",NA,NA,"Bra039438",NA,NA,"Bra014308,Bra014309",NA,NA,NA,NA,NA,NA,NA,NA,NA,NA,NA,NA,NA,NA,NA,NA,NA,NA,NA,NA,NA
"77",NA,NA,NA,NA,"Bra018900",NA,"Bra027127","Bra011824","Bra022230",NA,NA,"Bra028432",NA,NA,NA,NA,NA,"Bra006464",NA,NA,"Bra037363",NA,NA,"Bra027567",NA,NA,NA,NA,NA,NA,NA,NA,NA,NA,NA,NA,NA,NA,NA,NA,NA,NA,NA,NA,NA
"78",NA,NA,NA,NA,"Bra025165",NA,"Bra016736","Bra011679","Bra005795",NA,NA,"Bra018461",NA,NA,NA,NA,NA,"Bra028679",NA,NA,"Bra020234",NA,NA,"Bra027972,Bra027973",NA,NA,NA,NA,NA,NA,NA,NA,NA,NA,NA,NA,NA,NA,NA,NA,NA,NA,NA,NA,NA
"79",NA,NA,NA,NA,"Bra030996",NA,"Bra031869","Bra009724","Bra003862",NA,NA,"Bra039263",NA,NA,NA,NA,NA,"Bra034254",NA,NA,"Bra034488",NA,NA,"Bra022585",NA,NA,NA,NA,NA,NA,NA,NA,NA,NA,NA,NA,NA,NA,NA,NA,NA,NA,NA,NA,NA
"80",NA,NA,NA,NA,"Bra000498",NA,"Bra006597","Bra021701","Bra011436",NA,NA,"Bra004746",NA,NA,NA,NA,NA,"Bra040045",NA,NA,"Bra018790",NA,NA,"Bra028192",NA,NA,NA,NA,NA,NA,NA,NA,NA,NA,NA,NA,NA,NA,NA,NA,NA,NA,NA,NA,NA
"81",NA,NA,NA,NA,"Bra029969,Bra029970",NA,"Bra006272,Bra006329","Bra010965","Bra018969",NA,NA,"Bra018849",NA,NA,NA,NA,NA,"Bra024773",NA,NA,"Bra007792",NA,NA,"Bra007535",NA,NA,NA,NA,NA,NA,NA,NA,NA,NA,NA,NA,NA,NA,NA,NA,NA,NA,NA,NA,NA
"82",NA,NA,NA,NA,"Bra010405",NA,"Bra033402","Bra029922","Bra007183",NA,NA,"Bra002516",NA,NA,NA,NA,NA,"Bra024864",NA,NA,"Bra031523",NA,NA,"Bra011923",NA,NA,NA,NA,NA,NA,NA,NA,NA,NA,NA,NA,NA,NA,NA,NA,NA,NA,NA,NA,NA
"83",NA,NA,NA,NA,"Bra026191,Bra026192",NA,"Bra023492","Bra016808","Bra014975",NA,NA,"Bra015489,Bra015490",NA,NA,NA,NA,NA,"Bra001925",NA,NA,"Bra028193",NA,NA,"Bra002583",NA,NA,NA,NA,NA,NA,NA,NA,NA,NA,NA,NA,NA,NA,NA,NA,NA,NA,NA,NA,NA
"84",NA,NA,NA,NA,"Bra016231,Bra016232",NA,"Bra026866,Bra026867","Bra011919","Bra006219",NA,NA,"Bra018307",NA,NA,NA,NA,NA,"Bra035092",NA,NA,"Bra038850",NA,NA,"Bra017077",NA,NA,NA,NA,NA,NA,NA,NA,NA,NA,NA,NA,NA,NA,NA,NA,NA,NA,NA,NA,NA
"85",NA,NA,NA,NA,"Bra014522,tRNA-Asp",NA,"Bra017342","Bra011985","Bra014510",NA,NA,"Bra000505",NA,NA,NA,NA,NA,"Bra022901",NA,NA,"Bra010750",NA,NA,"Bra028735,Bra028736",NA,NA,NA,NA,NA,NA,NA,NA,NA,NA,NA,NA,NA,NA,NA,NA,NA,NA,NA,NA,NA
"86",NA,NA,NA,NA,"Bra019196",NA,"Bra011232","Bra005258","Bra008559",NA,NA,"Bra000007",NA,NA,NA,NA,NA,"Bra013909,Bra013911",NA,NA,"Bra004482",NA,NA,"Bra012230",NA,NA,NA,NA,NA,NA,NA,NA,NA,NA,NA,NA,NA,NA,NA,NA,NA,NA,NA,NA,NA
"87",NA,NA,NA,NA,"Bra039495",NA,"Bra009181","Bra011076","Bra009478",NA,NA,"Bra038686",NA,NA,NA,NA,NA,"Bra039238",NA,NA,"Bra003152",NA,NA,"Bra035956",NA,NA,NA,NA,NA,NA,NA,NA,NA,NA,NA,NA,NA,NA,NA,NA,NA,NA,NA,NA,NA
"88",NA,NA,NA,NA,"Bra005630",NA,"Bra039114","Bra030858","Bra040524",NA,NA,"Bra000022",NA,NA,NA,NA,NA,NA,NA,NA,"Bra003298",NA,NA,NA,NA,NA,NA,NA,NA,NA,NA,NA,NA,NA,NA,NA,NA,NA,NA,NA,NA,NA,NA,NA,NA
"89",NA,NA,NA,NA,"Bra005889",NA,"Bra031146","Bra004708","Bra011461",NA,NA,"Bra019829",NA,NA,NA,NA,NA,NA,NA,NA,"Bra032981",NA,NA,NA,NA,NA,NA,NA,NA,NA,NA,NA,NA,NA,NA,NA,NA,NA,NA,NA,NA,NA,NA,NA,NA
"90",NA,NA,NA,NA,"Bra020763",NA,"Bra007657","Bra031810","Bra038063",NA,NA,"Bra035633",NA,NA,NA,NA,NA,NA,NA,NA,"Bra003769,Bra003770",NA,NA,NA,NA,NA,NA,NA,NA,NA,NA,NA,NA,NA,NA,NA,NA,NA,NA,NA,NA,NA,NA,NA,NA
"91",NA,NA,NA,NA,"Bra008663",NA,"Bra017499","Bra001151","Bra008555",NA,NA,"Bra028446",NA,NA,NA,NA,NA,NA,NA,NA,"Bra014862",NA,NA,NA,NA,NA,NA,NA,NA,NA,NA,NA,NA,NA,NA,NA,NA,NA,NA,NA,NA,NA,NA,NA,NA
"92",NA,NA,NA,NA,"Bra029292,Bra029293",NA,"Bra036763","Bra020124","Bra003727",NA,NA,"Bra009268",NA,NA,NA,NA,NA,NA,NA,NA,"Bra005002",NA,NA,NA,NA,NA,NA,NA,NA,NA,NA,NA,NA,NA,NA,NA,NA,NA,NA,NA,NA,NA,NA,NA,NA
"93",NA,NA,NA,NA,"Bra017469",NA,"Bra010018","Bra015692","Bra039698",NA,NA,"Bra008859",NA,NA,NA,NA,NA,NA,NA,NA,"Bra001463",NA,NA,NA,NA,NA,NA,NA,NA,NA,NA,NA,NA,NA,NA,NA,NA,NA,NA,NA,NA,NA,NA,NA,NA
"94",NA,NA,NA,NA,"Bra019893",NA,"Bra033451","Bra026135","Bra014658,Bra014659",NA,NA,"Bra030747",NA,NA,NA,NA,NA,NA,NA,NA,"Bra004761",NA,NA,NA,NA,NA,NA,NA,NA,NA,NA,NA,NA,NA,NA,NA,NA,NA,NA,NA,NA,NA,NA,NA,NA
"95",NA,NA,NA,NA,"Bra027252",NA,"Bra020666","Bra003608,Bra003609","Bra006345",NA,NA,"Bra007299",NA,NA,NA,NA,NA,NA,NA,NA,"Bra037844,tRNA-Met",NA,NA,NA,NA,NA,NA,NA,NA,NA,NA,NA,NA,NA,NA,NA,NA,NA,NA,NA,NA,NA,NA,NA,NA
"96",NA,NA,NA,NA,"Bra011736",NA,"Bra025087,Bra025088","Bra014493","Bra036303",NA,NA,"Bra014476",NA,NA,NA,NA,NA,NA,NA,NA,"Bra008683",NA,NA,NA,NA,NA,NA,NA,NA,NA,NA,NA,NA,NA,NA,NA,NA,NA,NA,NA,NA,NA,NA,NA,NA
"97",NA,NA,NA,NA,"Bra018155,Bra018156",NA,NA,"Bra037091","Bra029564",NA,NA,"Bra011921",NA,NA,NA,NA,NA,NA,NA,NA,"Bra000003",NA,NA,NA,NA,NA,NA,NA,NA,NA,NA,NA,NA,NA,NA,NA,NA,NA,NA,NA,NA,NA,NA,NA,NA
"98",NA,NA,NA,NA,NA,NA,NA,"Bra038646","Bra001776",NA,NA,"Bra034914",NA,NA,NA,NA,NA,NA,NA,NA,"Bra024285",NA,NA,NA,NA,NA,NA,NA,NA,NA,NA,NA,NA,NA,NA,NA,NA,NA,NA,NA,NA,NA,NA,NA,NA
"99",NA,NA,NA,NA,NA,NA,NA,"Bra009499,Bra009500","Bra015722",NA,NA,"Bra023254",NA,NA,NA,NA,NA,NA,NA,NA,"Bra038853",NA,NA,NA,NA,NA,NA,NA,NA,NA,NA,NA,NA,NA,NA,NA,NA,NA,NA,NA,NA,NA,NA,NA,NA
"100",NA,NA,NA,NA,NA,NA,NA,"Bra023072","Bra022381",NA,NA,"Bra015089",NA,NA,NA,NA,NA,NA,NA,NA,"Bra004087,snoR74",NA,NA,NA,NA,NA,NA,NA,NA,NA,NA,NA,NA,NA,NA,NA,NA,NA,NA,NA,NA,NA,NA,NA,NA
"101",NA,NA,NA,NA,NA,NA,NA,"Bra021937","Bra018615",NA,NA,"Bra025271",NA,NA,NA,NA,NA,NA,NA,NA,"Bra002071",NA,NA,NA,NA,NA,NA,NA,NA,NA,NA,NA,NA,NA,NA,NA,NA,NA,NA,NA,NA,NA,NA,NA,NA
"102",NA,NA,NA,NA,NA,NA,NA,"Bra007343","Bra003348",NA,NA,"Bra020639",NA,NA,NA,NA,NA,NA,NA,NA,"Bra024421,Bra024422,Bra024423",NA,NA,NA,NA,NA,NA,NA,NA,NA,NA,NA,NA,NA,NA,NA,NA,NA,NA,NA,NA,NA,NA,NA,NA
"103",NA,NA,NA,NA,NA,NA,NA,"Bra029859","Bra020523,Bra020538",NA,NA,"Bra016964",NA,NA,NA,NA,NA,NA,NA,NA,"Bra028566",NA,NA,NA,NA,NA,NA,NA,NA,NA,NA,NA,NA,NA,NA,NA,NA,NA,NA,NA,NA,NA,NA,NA,NA
"104",NA,NA,NA,NA,NA,NA,NA,"Bra015061","Bra014969",NA,NA,"Bra005967",NA,NA,NA,NA,NA,NA,NA,NA,"Bra031541",NA,NA,NA,NA,NA,NA,NA,NA,NA,NA,NA,NA,NA,NA,NA,NA,NA,NA,NA,NA,NA,NA,NA,NA
"105",NA,NA,NA,NA,NA,NA,NA,"Bra005175","Bra033344",NA,NA,"Bra001372",NA,NA,NA,NA,NA,NA,NA,NA,"Bra003653",NA,NA,NA,NA,NA,NA,NA,NA,NA,NA,NA,NA,NA,NA,NA,NA,NA,NA,NA,NA,NA,NA,NA,NA
"106",NA,NA,NA,NA,NA,NA,NA,"Bra001374","Bra011386",NA,NA,"Bra038609",NA,NA,NA,NA,NA,NA,NA,NA,"Bra035580",NA,NA,NA,NA,NA,NA,NA,NA,NA,NA,NA,NA,NA,NA,NA,NA,NA,NA,NA,NA,NA,NA,NA,NA
"107",NA,NA,NA,NA,NA,NA,NA,"Bra025173","Bra020784,Bra020785",NA,NA,"Bra033254",NA,NA,NA,NA,NA,NA,NA,NA,"Bra006340",NA,NA,NA,NA,NA,NA,NA,NA,NA,NA,NA,NA,NA,NA,NA,NA,NA,NA,NA,NA,NA,NA,NA,NA
"108",NA,NA,NA,NA,NA,NA,NA,"Bra031272","Bra016201,Bra016202",NA,NA,"Bra006812",NA,NA,NA,NA,NA,NA,NA,NA,"Bra039975",NA,NA,NA,NA,NA,NA,NA,NA,NA,NA,NA,NA,NA,NA,NA,NA,NA,NA,NA,NA,NA,NA,NA,NA
"109",NA,NA,NA,NA,NA,NA,NA,"Bra018264","Bra004004",NA,NA,"Bra017853",NA,NA,NA,NA,NA,NA,NA,NA,"Bra007713,Bra007714",NA,NA,NA,NA,NA,NA,NA,NA,NA,NA,NA,NA,NA,NA,NA,NA,NA,NA,NA,NA,NA,NA,NA,NA
"110",NA,NA,NA,NA,NA,NA,NA,"Bra002106","Bra005917",NA,NA,"Bra015845",NA,NA,NA,NA,NA,NA,NA,NA,"Bra025858",NA,NA,NA,NA,NA,NA,NA,NA,NA,NA,NA,NA,NA,NA,NA,NA,NA,NA,NA,NA,NA,NA,NA,NA
"111",NA,NA,NA,NA,NA,NA,NA,"Bra018610","Bra016071",NA,NA,"Bra033998",NA,NA,NA,NA,NA,NA,NA,NA,"Bra018324",NA,NA,NA,NA,NA,NA,NA,NA,NA,NA,NA,NA,NA,NA,NA,NA,NA,NA,NA,NA,NA,NA,NA,NA
"112",NA,NA,NA,NA,NA,NA,NA,"Bra019492,Bra019493","Bra018970",NA,NA,"Bra003015",NA,NA,NA,NA,NA,NA,NA,NA,"Bra032952",NA,NA,NA,NA,NA,NA,NA,NA,NA,NA,NA,NA,NA,NA,NA,NA,NA,NA,NA,NA,NA,NA,NA,NA
"113",NA,NA,NA,NA,NA,NA,NA,"Bra013558",NA,NA,NA,"Bra037405",NA,NA,NA,NA,NA,NA,NA,NA,"Bra036618",NA,NA,NA,NA,NA,NA,NA,NA,NA,NA,NA,NA,NA,NA,NA,NA,NA,NA,NA,NA,NA,NA,NA,NA
"114",NA,NA,NA,NA,NA,NA,NA,"Bra037409",NA,NA,NA,"Bra029001",NA,NA,NA,NA,NA,NA,NA,NA,"Bra012446,Bra012447",NA,NA,NA,NA,NA,NA,NA,NA,NA,NA,NA,NA,NA,NA,NA,NA,NA,NA,NA,NA,NA,NA,NA,NA
"115",NA,NA,NA,NA,NA,NA,NA,"Bra002258",NA,NA,NA,"Bra007919",NA,NA,NA,NA,NA,NA,NA,NA,"Bra011515",NA,NA,NA,NA,NA,NA,NA,NA,NA,NA,NA,NA,NA,NA,NA,NA,NA,NA,NA,NA,NA,NA,NA,NA
"116",NA,NA,NA,NA,NA,NA,NA,"Bra032124",NA,NA,NA,"Bra030228",NA,NA,NA,NA,NA,NA,NA,NA,"Bra001406",NA,NA,NA,NA,NA,NA,NA,NA,NA,NA,NA,NA,NA,NA,NA,NA,NA,NA,NA,NA,NA,NA,NA,NA
"117",NA,NA,NA,NA,NA,NA,NA,"Bra007220,Bra007221",NA,NA,NA,NA,NA,NA,NA,NA,NA,NA,NA,NA,"Bra010296",NA,NA,NA,NA,NA,NA,NA,NA,NA,NA,NA,NA,NA,NA,NA,NA,NA,NA,NA,NA,NA,NA,NA,NA
"118",NA,NA,NA,NA,NA,NA,NA,"Bra017625",NA,NA,NA,NA,NA,NA,NA,NA,NA,NA,NA,NA,"Bra026026",NA,NA,NA,NA,NA,NA,NA,NA,NA,NA,NA,NA,NA,NA,NA,NA,NA,NA,NA,NA,NA,NA,NA,NA
"119",NA,NA,NA,NA,NA,NA,NA,"Bra008462,Bra008463,Bra008464",NA,NA,NA,NA,NA,NA,NA,NA,NA,NA,NA,NA,"Bra008824,Bra008825,Bra008826",NA,NA,NA,NA,NA,NA,NA,NA,NA,NA,NA,NA,NA,NA,NA,NA,NA,NA,NA,NA,NA,NA,NA,NA
"120",NA,NA,NA,NA,NA,NA,NA,"Bra035565",NA,NA,NA,NA,NA,NA,NA,NA,NA,NA,NA,NA,"Bra012206",NA,NA,NA,NA,NA,NA,NA,NA,NA,NA,NA,NA,NA,NA,NA,NA,NA,NA,NA,NA,NA,NA,NA,NA
"121",NA,NA,NA,NA,NA,NA,NA,"Bra018196,Bra018197,Bra018198",NA,NA,NA,NA,NA,NA,NA,NA,NA,NA,NA,NA,"Bra027386",NA,NA,NA,NA,NA,NA,NA,NA,NA,NA,NA,NA,NA,NA,NA,NA,NA,NA,NA,NA,NA,NA,NA,NA
"122",NA,NA,NA,NA,NA,NA,NA,"Bra018435",NA,NA,NA,NA,NA,NA,NA,NA,NA,NA,NA,NA,"Bra030885",NA,NA,NA,NA,NA,NA,NA,NA,NA,NA,NA,NA,NA,NA,NA,NA,NA,NA,NA,NA,NA,NA,NA,NA
"123",NA,NA,NA,NA,NA,NA,NA,"Bra023555",NA,NA,NA,NA,NA,NA,NA,NA,NA,NA,NA,NA,"Bra028653",NA,NA,NA,NA,NA,NA,NA,NA,NA,NA,NA,NA,NA,NA,NA,NA,NA,NA,NA,NA,NA,NA,NA,NA
"124",NA,NA,NA,NA,NA,NA,NA,"Bra011770",NA,NA,NA,NA,NA,NA,NA,NA,NA,NA,NA,NA,"Bra030879",NA,NA,NA,NA,NA,NA,NA,NA,NA,NA,NA,NA,NA,NA,NA,NA,NA,NA,NA,NA,NA,NA,NA,NA
"125",NA,NA,NA,NA,NA,NA,NA,"Bra014562",NA,NA,NA,NA,NA,NA,NA,NA,NA,NA,NA,NA,"Bra033871",NA,NA,NA,NA,NA,NA,NA,NA,NA,NA,NA,NA,NA,NA,NA,NA,NA,NA,NA,NA,NA,NA,NA,NA
"126",NA,NA,NA,NA,NA,NA,NA,"Bra016123",NA,NA,NA,NA,NA,NA,NA,NA,NA,NA,NA,NA,"Bra035227",NA,NA,NA,NA,NA,NA,NA,NA,NA,NA,NA,NA,NA,NA,NA,NA,NA,NA,NA,NA,NA,NA,NA,NA
"127",NA,NA,NA,NA,NA,NA,NA,"Bra017976",NA,NA,NA,NA,NA,NA,NA,NA,NA,NA,NA,NA,"Bra040992",NA,NA,NA,NA,NA,NA,NA,NA,NA,NA,NA,NA,NA,NA,NA,NA,NA,NA,NA,NA,NA,NA,NA,NA
"128",NA,NA,NA,NA,NA,NA,NA,"Bra002900",NA,NA,NA,NA,NA,NA,NA,NA,NA,NA,NA,NA,"Bra039485",NA,NA,NA,NA,NA,NA,NA,NA,NA,NA,NA,NA,NA,NA,NA,NA,NA,NA,NA,NA,NA,NA,NA,NA
"129",NA,NA,NA,NA,NA,NA,NA,"Bra034580",NA,NA,NA,NA,NA,NA,NA,NA,NA,NA,NA,NA,"Bra039471",NA,NA,NA,NA,NA,NA,NA,NA,NA,NA,NA,NA,NA,NA,NA,NA,NA,NA,NA,NA,NA,NA,NA,NA
"130",NA,NA,NA,NA,NA,NA,NA,"Bra029190,Bra029191",NA,NA,NA,NA,NA,NA,NA,NA,NA,NA,NA,NA,"Bra035008",NA,NA,NA,NA,NA,NA,NA,NA,NA,NA,NA,NA,NA,NA,NA,NA,NA,NA,NA,NA,NA,NA,NA,NA
"131",NA,NA,NA,NA,NA,NA,NA,"Bra003159",NA,NA,NA,NA,NA,NA,NA,NA,NA,NA,NA,NA,"Bra011868",NA,NA,NA,NA,NA,NA,NA,NA,NA,NA,NA,NA,NA,NA,NA,NA,NA,NA,NA,NA,NA,NA,NA,NA
"132",NA,NA,NA,NA,NA,NA,NA,"Bra009965,Bra009966,Bra009967",NA,NA,NA,NA,NA,NA,NA,NA,NA,NA,NA,NA,"Bra015316",NA,NA,NA,NA,NA,NA,NA,NA,NA,NA,NA,NA,NA,NA,NA,NA,NA,NA,NA,NA,NA,NA,NA,NA
"133",NA,NA,NA,NA,NA,NA,NA,"Bra027017",NA,NA,NA,NA,NA,NA,NA,NA,NA,NA,NA,NA,"Bra037068",NA,NA,NA,NA,NA,NA,NA,NA,NA,NA,NA,NA,NA,NA,NA,NA,NA,NA,NA,NA,NA,NA,NA,NA
"134",NA,NA,NA,NA,NA,NA,NA,"Bra007383",NA,NA,NA,NA,NA,NA,NA,NA,NA,NA,NA,NA,"Bra007283",NA,NA,NA,NA,NA,NA,NA,NA,NA,NA,NA,NA,NA,NA,NA,NA,NA,NA,NA,NA,NA,NA,NA,NA
"135",NA,NA,NA,NA,NA,NA,NA,"Bra002373",NA,NA,NA,NA,NA,NA,NA,NA,NA,NA,NA,NA,"Bra001970",NA,NA,NA,NA,NA,NA,NA,NA,NA,NA,NA,NA,NA,NA,NA,NA,NA,NA,NA,NA,NA,NA,NA,NA
"136",NA,NA,NA,NA,NA,NA,NA,"Bra008961",NA,NA,NA,NA,NA,NA,NA,NA,NA,NA,NA,NA,"Bra003342",NA,NA,NA,NA,NA,NA,NA,NA,NA,NA,NA,NA,NA,NA,NA,NA,NA,NA,NA,NA,NA,NA,NA,NA
"137",NA,NA,NA,NA,NA,NA,NA,"Bra008602",NA,NA,NA,NA,NA,NA,NA,NA,NA,NA,NA,NA,"Bra013068",NA,NA,NA,NA,NA,NA,NA,NA,NA,NA,NA,NA,NA,NA,NA,NA,NA,NA,NA,NA,NA,NA,NA,NA
"138",NA,NA,NA,NA,NA,NA,NA,"Bra025353",NA,NA,NA,NA,NA,NA,NA,NA,NA,NA,NA,NA,"Bra028665",NA,NA,NA,NA,NA,NA,NA,NA,NA,NA,NA,NA,NA,NA,NA,NA,NA,NA,NA,NA,NA,NA,NA,NA
"139",NA,NA,NA,NA,NA,NA,NA,NA,NA,NA,NA,NA,NA,NA,NA,NA,NA,NA,NA,NA,"Bra002227",NA,NA,NA,NA,NA,NA,NA,NA,NA,NA,NA,NA,NA,NA,NA,NA,NA,NA,NA,NA,NA,NA,NA,NA
"140",NA,NA,NA,NA,NA,NA,NA,NA,NA,NA,NA,NA,NA,NA,NA,NA,NA,NA,NA,NA,"Bra009125",NA,NA,NA,NA,NA,NA,NA,NA,NA,NA,NA,NA,NA,NA,NA,NA,NA,NA,NA,NA,NA,NA,NA,NA
"141",NA,NA,NA,NA,NA,NA,NA,NA,NA,NA,NA,NA,NA,NA,NA,NA,NA,NA,NA,NA,"Bra024385,Bra024386",NA,NA,NA,NA,NA,NA,NA,NA,NA,NA,NA,NA,NA,NA,NA,NA,NA,NA,NA,NA,NA,NA,NA,NA
"142",NA,NA,NA,NA,NA,NA,NA,NA,NA,NA,NA,NA,NA,NA,NA,NA,NA,NA,NA,NA,"Bra030092",NA,NA,NA,NA,NA,NA,NA,NA,NA,NA,NA,NA,NA,NA,NA,NA,NA,NA,NA,NA,NA,NA,NA,NA
"143",NA,NA,NA,NA,NA,NA,NA,NA,NA,NA,NA,NA,NA,NA,NA,NA,NA,NA,NA,NA,"Bra008658",NA,NA,NA,NA,NA,NA,NA,NA,NA,NA,NA,NA,NA,NA,NA,NA,NA,NA,NA,NA,NA,NA,NA,NA
"144",NA,NA,NA,NA,NA,NA,NA,NA,NA,NA,NA,NA,NA,NA,NA,NA,NA,NA,NA,NA,"Bra000654",NA,NA,NA,NA,NA,NA,NA,NA,NA,NA,NA,NA,NA,NA,NA,NA,NA,NA,NA,NA,NA,NA,NA,NA
"145",NA,NA,NA,NA,NA,NA,NA,NA,NA,NA,NA,NA,NA,NA,NA,NA,NA,NA,NA,NA,"Bra009692,Bra009693",NA,NA,NA,NA,NA,NA,NA,NA,NA,NA,NA,NA,NA,NA,NA,NA,NA,NA,NA,NA,NA,NA,NA,NA
"146",NA,NA,NA,NA,NA,NA,NA,NA,NA,NA,NA,NA,NA,NA,NA,NA,NA,NA,NA,NA,"Bra005784",NA,NA,NA,NA,NA,NA,NA,NA,NA,NA,NA,NA,NA,NA,NA,NA,NA,NA,NA,NA,NA,NA,NA,NA
"147",NA,NA,NA,NA,NA,NA,NA,NA,NA,NA,NA,NA,NA,NA,NA,NA,NA,NA,NA,NA,"Bra003427,Bra003428",NA,NA,NA,NA,NA,NA,NA,NA,NA,NA,NA,NA,NA,NA,NA,NA,NA,NA,NA,NA,NA,NA,NA,NA
"148",NA,NA,NA,NA,NA,NA,NA,NA,NA,NA,NA,NA,NA,NA,NA,NA,NA,NA,NA,NA,"Bra039865",NA,NA,NA,NA,NA,NA,NA,NA,NA,NA,NA,NA,NA,NA,NA,NA,NA,NA,NA,NA,NA,NA,NA,NA
"149",NA,NA,NA,NA,NA,NA,NA,NA,NA,NA,NA,NA,NA,NA,NA,NA,NA,NA,NA,NA,"Bra019453",NA,NA,NA,NA,NA,NA,NA,NA,NA,NA,NA,NA,NA,NA,NA,NA,NA,NA,NA,NA,NA,NA,NA,NA
"150",NA,NA,NA,NA,NA,NA,NA,NA,NA,NA,NA,NA,NA,NA,NA,NA,NA,NA,NA,NA,"Bra030405,Bra030406",NA,NA,NA,NA,NA,NA,NA,NA,NA,NA,NA,NA,NA,NA,NA,NA,NA,NA,NA,NA,NA,NA,NA,NA
"151",NA,NA,NA,NA,NA,NA,NA,NA,NA,NA,NA,NA,NA,NA,NA,NA,NA,NA,NA,NA,"Bra030786",NA,NA,NA,NA,NA,NA,NA,NA,NA,NA,NA,NA,NA,NA,NA,NA,NA,NA,NA,NA,NA,NA,NA,NA
"152",NA,NA,NA,NA,NA,NA,NA,NA,NA,NA,NA,NA,NA,NA,NA,NA,NA,NA,NA,NA,"Bra010667",NA,NA,NA,NA,NA,NA,NA,NA,NA,NA,NA,NA,NA,NA,NA,NA,NA,NA,NA,NA,NA,NA,NA,NA
"153",NA,NA,NA,NA,NA,NA,NA,NA,NA,NA,NA,NA,NA,NA,NA,NA,NA,NA,NA,NA,"Bra037337",NA,NA,NA,NA,NA,NA,NA,NA,NA,NA,NA,NA,NA,NA,NA,NA,NA,NA,NA,NA,NA,NA,NA,NA
