"","V1","V2","V3","V4","V5","V6","V7","V8","V9","V10","V11","V12","V13","V14","V15","V16","V17","V18","V19","V20","V21","V22","V23","V24","V25","V26","V27","V28","V29","V30","V31","V32","V33","V34","V35","V36","V37","V38","V39","V40","V41","V42","V43","V44","V45","V46","V47","V48","V49","V50","V51","V52","V53","V54","V55","V56","V57","V58","V59","V60","V61","V62","V63","V64","V65","V66","V67","V68","V69","V70","V71","V72","V73","V74","V75","V76","V77","V78","V79","V80","V81","V82","V83","V84","V85","V86","V87","V88","V89","V90","V91","V92","V93","V94","V95","V96","V97","V98","V99","V100","V101","V102","V103","V104","V105","V106","V107","V108","V109","V110","V111","V112","V113","V114","V115","V116","V117","V118","V119","V120","V121","V122","V123","V124","V125","V126","V127","V128","V129","V130","V131","V132","V133","V134","V135","V136","V137","V138","V139","V140","V141","V142","V143","V144","V145","V146","V147","V148","V149","V150","V151"
"1","Bra011348","Bra031058,Bra031059","Bra003617","Bra033505","Bra005961","Bra027553","Bra019940","Bra003062","Bra030248","Bra027035","Bra012753","Bra013225","Bra013592","Bra030832","Bra037748","Bra002879","Bra001392","Bra017403,Bra017404","Bra005536","Bra020585","Bra011455","Bra016471","Bra005824","Bra034450","Bra036146","Bra023673","Bra018570","Bra000625","Bra033773","Bra006216","Bra001865","Bra014253","Bra008749","Bra035788","Bra013156","Bra008844","Bra003617","Bra022596","Bra020884","Bra020622","Bra019539","Bra033505","Bra036357","Bra001645","Bra037680,Bra037682","Bra016736","Bra033859,Bra033860","Bra026039","Bra012153","Bra020082","Bra021079","Bra033670","Bra004708","Bra013025","Bra005476","Bra020883","Bra028134","Bra041120","Bra030166","Bra030595","Bra013423","Bra030820","Bra027553","Bra003989","Bra026305","Bra026850","Bra017685","Bra005967","Bra023612","Bra037316","Bra011668","Bra025889","Bra019940","Bra012544","Bra023327","Bra004687","Bra030248","Bra029363","Bra027035","Bra020998","Bra012753","Bra020051","Bra003344","Bra031739","Bra013225","Bra040669","Bra011362","Bra010085","Bra000550","Bra029940","Bra028193","Bra009336","Bra005784","Bra001735","Bra030832","Bra002519","Bra002174,Bra002175","Bra025764","Bra035652","Bra037748","Bra034063","Bra011116","Bra016320","Bra034779","Bra024290,Bra024291,Bra024292,Bra024293,Bra024294","Bra018735","Bra012166","Bra017122","Bra020585","Bra030366","Bra008732","Bra028617","Bra011455","Bra016471","Bra007566,Bra007567","Bra028689,tRNA-Leu","Bra013924","Bra036346","Bra008933","Bra028357","Bra004688","Bra004510","Bra038233","Bra005924","Bra009927","Bra025064","Bra015721","Bra001183","Bra000285","Bra016866","Bra000625","Bra023378","Bra003636","Bra033564,Bra033565","Bra003549","Bra036258","Bra006216","Bra037640,Bra037641","Bra036127","Bra001865","Bra016016,Bra016017","Bra023164","Bra040475","Bra014253","Bra008749","Bra013156","Bra008844","Bra003617","Bra022596","Bra033505","Bra036357"
"2","Bra004235","Bra003087","Bra022596","Bra016093","Bra009312","Bra003989","Bra004878","Bra023327","Bra029363","Bra020998","Bra018214","Bra002255","Bra014730","Bra002519","Bra035652","Bra016108","Bra005508","Bra001271,snoR130","Bra000998","Bra030366","Bra020100","Bra014326","Bra001197","Bra015038","Bra004968","Bra018702","Bra006551,Bra006552","Bra010126","Bra036391","Bra001789","Bra036127",NA,"Bra039048",NA,NA,"Bra018086",NA,"Bra009625","Bra004998","Bra012133","Bra036001",NA,"Bra025887","Bra000863","Bra025958","Bra005141","Bra030306","Bra010749","Bra032284","Bra003776","Bra003946","Bra008462,Bra008463,Bra008464","Bra009963","Bra019384","Bra001151","Bra024302","Bra013218","Bra001507","Bra018943","Bra011696",NA,"Bra036447",NA,"Bra027934","Bra008859","Bra033990","Bra034306","Bra025271","Bra034914","Bra030262","Bra035633","Bra033368",NA,"Bra004878",NA,"Bra020157",NA,"Bra000937",NA,"Bra009734",NA,"Bra015594","Bra026770","Bra022138",NA,"Bra002255",NA,"Bra013372","Bra035050,Bra035051","Bra000654","Bra025858","Bra040776","Bra028653","Bra019508",NA,"Bra037358",NA,"Bra029628",NA,"Bra036894,Bra036895,Bra036896",NA,"Bra017162",NA,"Bra022505",NA,"Bra001271,snoR130",NA,"Bra005536",NA,"Bra006251",NA,NA,"Bra033110",NA,"Bra014326",NA,"Bra039799",NA,"Bra001551",NA,"Bra004651","Bra004769,Bra004770","Bra009909","Bra028789","Bra028898",NA,"Bra018702",NA,"Bra005290",NA,"Bra029620",NA,"Bra000136","Bra000952,Bra000953","Bra036409","Bra036120",NA,"Bra001789",NA,"Bra007241","Bra011134","Bra019194","Bra037191",NA,"Bra039048",NA,"Bra018086",NA,"Bra009625",NA,"Bra025887"
"3","Bra014253","Bra018086","Bra009625","Bra017705","Bra013423","Bra027934","Bra018168","Bra030741","Bra000937","Bra039466","Bra018232","Bra040669","Bra038326","Bra005441","Bra036894,Bra036895,Bra036896","Bra030031","Bra016320","Bra039821","Bra014870","Bra006251","Bra006771","Bra003169,Bra003170","Bra013094","Bra029005","Bra014056","Bra025064","Bra015694","Bra029586","Bra004839","Bra006536","Bra007241",NA,"Bra022938",NA,NA,"Bra031058,Bra031059",NA,"Bra004679","Bra034561","Bra030342,Bra030343","Bra024029",NA,"Bra018695","Bra039835","Bra006622","Bra031869","Bra017964","Bra040599","Bra013565","Bra020036","Bra015795,Bra015796","Bra032124","Bra013582","Bra040771","Bra002373","Bra021792","Bra031705","Bra013175","Bra032313","Bra040972",NA,"Bra013190",NA,"Bra006079","Bra004546","Bra035686","Bra012651","Bra014476","Bra013805","Bra018859","Bra028754","Bra030231",NA,"Bra018168",NA,"Bra003062",NA,"Bra017464",NA,"Bra011735",NA,"Bra039499","Bra027573,Bra027574","Bra035940,Bra035941",NA,"Bra023249",NA,"Bra040547","Bra008116,Bra008117","Bra023704","Bra014057","Bra038853","Bra026026","Bra032409",NA,"Bra027225",NA,"Bra017823",NA,"Bra024478",NA,"Bra036507",NA,"Bra001392",NA,"Bra039821",NA,"Bra000998",NA,"Bra011305",NA,NA,"Bra006771",NA,"Bra003169,Bra003170",NA,"Bra036601",NA,"Bra003729",NA,"Bra003196,Bra003197","Bra004397","Bra022638","Bra012203","Bra031502",NA,"Bra005888",NA,"Bra007867",NA,"Bra021898,Bra021899",NA,"Bra019149","Bra015397","Bra019908","Bra022147",NA,"Bra017055",NA,"Bra000741","Bra011047","Bra028596","Bra011270",NA,"Bra022938",NA,"Bra031058,Bra031059",NA,"Bra004679",NA,"Bra018695"
"4","Bra028323","Bra008844","Bra004679","Bra027736","Bra014883","Bra006079","Bra012544","Bra020157","Bra017464","Bra009734","Bra008392,Bra008393","Bra013846","Bra019684","Bra015922","Bra021567","Bra034063","Bra022505","Bra018735","Bra012166","Bra036642","Bra033110","Bra010733","Bra025009","Bra001551","Bra004651","Bra007174","Bra039768","Bra035064","Bra030320","Bra019764","Bra000741",NA,"Bra014348",NA,NA,"Bra003087",NA,"Bra039681","Bra009671","Bra029038","Bra025162",NA,"Bra022923","Bra015315","Bra017317,Bra017318","Bra023492","Bra037167,Bra037168","Bra000294","Bra017907","Bra020666","Bra000901","Bra017625","Bra023392","Bra036254","Bra021701","Bra034758,Bra034759","Bra033214,Bra033215,Bra033216","Bra005795","Bra039698","Bra036175",NA,"Bra035100",NA,"Bra000063","Bra023254","Bra013176","Bra033949","Bra001372","Bra007299","Bra013213","Bra015511","Bra017209",NA,"Bra024107",NA,"Bra038835",NA,NA,NA,"Bra033382",NA,"Bra037055","Bra004081","Bra000563",NA,"Bra040652",NA,"Bra013592","Bra001250","Bra004977","Bra001970","Bra005261","Bra001047","Bra012595,Bra012596",NA,"Bra015922",NA,"Bra036721,Bra036722",NA,"Bra036155",NA,"Bra030031",NA,"Bra005508",NA,"Bra032026",NA,"Bra014870",NA,"Bra036642",NA,NA,"Bra025995",NA,"Bra010733",NA,"Bra016883",NA,"Bra005096",NA,"Bra013881,Bra013882,Bra013883","Bra030764,Bra030765","Bra038081,Bra038082,Bra038083","Bra027294","Bra002043",NA,"Bra022241,Bra022242",NA,"Bra003845",NA,"Bra035551",NA,"Bra008877","Bra005134","Bra032122","Bra019853",NA,"Bra024300",NA,"Bra022836","Bra025223","Bra022310","Bra026231",NA,"Bra014348",NA,"Bra003087",NA,"Bra039681",NA,"Bra022923"
"5","Bra004387","Bra013156","Bra039681","Bra024547","Bra031617","Bra033788","Bra024107","Bra038835",NA,"Bra025882,Bra025883,Bra025884,Bra025886","Bra037380","Bra009416","Bra017985","Bra027225","Bra024478","Bra036507","Bra034779","Bra024290,Bra024291,Bra024292,Bra024293,Bra024294","Bra017122","Bra011305","Bra018806","Bra007566,Bra007567","Bra001500","Bra010759","Bra004688","Bra015290","Bra011608","Bra016866","Bra014469","Bra003053","Bra022836",NA,"Bra022618",NA,NA,"Bra032669",NA,"Bra025461","Bra023101","Bra014506","Bra000472",NA,"Bra020949","Bra033438","Bra035563","Bra027127","Bra018920","Bra016481,Bra016482","Bra032807,Bra032808","Bra025087,Bra025088","Bra039719","Bra002106","Bra024062,Bra024063","Bra003928","Bra030570","Bra022908","Bra006290","Bra014510","Bra001992","Bra001122",NA,"Bra002322",NA,"Bra033796","Bra015089","Bra016144","Bra029344","Bra000505","Bra015489,Bra015490","Bra009338","Bra012201",NA,NA,"Bra019616",NA,"Bra028123",NA,NA,NA,"Bra013584",NA,"Bra018232","Bra030054","Bra023658",NA,"Bra037170",NA,"Bra038326","Bra031745","Bra011868","Bra030786","Bra035172,Bra035173","Bra008824,Bra008825,Bra008826","Bra019453",NA,"Bra005441",NA,"Bra005806",NA,"Bra029019",NA,"Bra002879",NA,NA,NA,"Bra017403,Bra017404",NA,NA,NA,"Bra000840",NA,NA,"Bra018806",NA,"Bra021606",NA,"Bra025541",NA,"Bra022598",NA,"Bra013001","Bra007301,Bra007302","Bra034183","Bra008876","Bra022743",NA,"Bra002574",NA,"Bra021220",NA,"Bra013069",NA,"Bra018684","Bra025534","Bra014340","Bra017454",NA,"Bra006517",NA,NA,"Bra037432","Bra001216","Bra024819,Bra024820,Bra024821",NA,"Bra022618",NA,"Bra032669",NA,"Bra025461",NA,"Bra020949"
"6","Bra032483","Bra019307","Bra001071","Bra028417","Bra030820","Bra017110","Bra005169","Bra004687",NA,"Bra002023","Bra015594","Bra027258","Bra005742","Bra037358","Bra036155","Bra011116",NA,"Bra032026",NA,"Bra000840","Bra008158","Bra021606","Bra008953","Bra022598","Bra028357","Bra005888","Bra005140","Bra029620","Bra014871","Bra004244",NA,NA,"Bra028323",NA,NA,"Bra036908",NA,"Bra016095","Bra039891","Bra007608,Bra007609","Bra008760",NA,"Bra012364","Bra033540","Bra006029","Bra019667",NA,"Bra008627","Bra011733",NA,"Bra000354","Bra021937","Bra011824","Bra031740,Bra031741","Bra015061","Bra029140","Bra014226","Bra014658,Bra014659","Bra011422","Bra014037",NA,"Bra003603",NA,"Bra008690","Bra011921","Bra020639","Bra011777","Bra038609","Bra029936","Bra004657","Bra005727",NA,NA,"Bra007695",NA,"Bra019181",NA,NA,NA,"Bra037739",NA,"Bra018214","Bra029978","Bra035269",NA,"Bra013846",NA,"Bra019684","Bra004782","Bra029253","Bra039865","Bra034088,Bra034089","Bra030092","Bra037363",NA,"Bra028907",NA,"Bra017672",NA,"Bra011920",NA,"Bra016108",NA,NA,NA,"Bra013764",NA,NA,NA,"Bra003072",NA,NA,"Bra008158",NA,"Bra010243",NA,"Bra008097",NA,"Bra032137",NA,"Bra023982","Bra000914","Bra037164","Bra033757","Bra005417",NA,"Bra022813",NA,"Bra035584",NA,"Bra019626",NA,"Bra034108,Bra034109","Bra003147","Bra036495","Bra004324",NA,"Bra008842",NA,NA,"Bra024776,Bra024777","Bra023432","Bra030316",NA,"Bra028323",NA,"Bra036908",NA,"Bra016095",NA,"Bra012364"
"7","Bra006654","Bra029201,Bra029202","Bra006140","Bra032925","Bra037939","Bra008690","Bra007695","Bra028123",NA,"Bra001490","Bra020051","Bra023249","Bra008344","Bra028907","Bra002749","Bra017162",NA,"Bra013764",NA,"Bra003072","Bra025995","Bra010243","Bra025541","Bra003729","Bra013881,Bra013882,Bra013883","Bra020008","Bra012252","Bra005982","Bra030103","Bra006043",NA,NA,"Bra012539,Bra012540",NA,NA,"Bra000028",NA,"Bra001071","Bra029165","Bra031874","Bra037991",NA,"Bra028417","Bra021041","Bra027196","Bra006597",NA,"Bra012005","Bra008470",NA,NA,"Bra007220,Bra007221","Bra014493","Bra033455","Bra031785","Bra036243","Bra002352","Bra017140","Bra025853","Bra004155",NA,"Bra019253,Bra019254",NA,"Bra005603","Bra034012","Bra040447","Bra010867","Bra016964","Bra005021","Bra031879","Bra025363",NA,NA,"Bra006090",NA,"Bra022473",NA,NA,NA,"Bra003677",NA,"Bra008392,Bra008393","Bra000207","Bra029295",NA,"Bra009416",NA,"Bra017985","Bra037430","Bra020234","Bra018378","Bra010750","Bra024385,Bra024386","Bra009692,Bra009693",NA,"Bra030908",NA,"Bra003775",NA,"Bra027644",NA,NA,NA,NA,NA,"Bra019795,Bra019796",NA,NA,NA,"Bra020400,Bra020401",NA,NA,"Bra040573",NA,"Bra031784",NA,"Bra040053",NA,"Bra010759",NA,"Bra011164","Bra003675","Bra038541","Bra003212","Bra037554",NA,"Bra030873",NA,"Bra028777",NA,"Bra005982",NA,"Bra014469","Bra014663","Bra031084,Bra031085","Bra004177,Bra004178",NA,"Bra006043",NA,NA,"Bra030540","Bra009680","Bra013517",NA,"Bra012539,Bra012540",NA,"Bra000028",NA,"Bra001071",NA,"Bra028417"
"8","Bra024075","Bra012721,Bra012722","Bra016095","Bra036357","Bra013190","Bra033796","Bra005818","Bra022473",NA,"Bra002822","Bra037055","Bra037170","Bra011362","Bra030908","Bra013002",NA,NA,"Bra019795,Bra019796",NA,"Bra020400,Bra020401","Bra040573","Bra031784","Bra039799","Bra032137","Bra003196,Bra003197","Bra015721","Bra034873","Bra021898,Bra021899","Bra008877","Bra033329,Bra033330",NA,NA,"Bra032483",NA,NA,"Bra029201,Bra029202",NA,"Bra006140","Bra007682","Bra034484","Bra031802",NA,"Bra004066","Bra004168","Bra011232","Bra031183,Bra031184",NA,"Bra008476,Bra008477","Bra009750",NA,NA,"Bra018435","Bra009334","Bra007343","Bra018196,Bra018197,Bra018198","Bra040041","Bra001536","Bra022212","Bra018969","Bra006374",NA,"Bra021529,Bra021530",NA,"Bra028603","Bra004508","Bra022067","Bra024755,Bra024756","Bra003015","Bra012999","Bra040529","Bra038670",NA,NA,"Bra039786",NA,"Bra001427",NA,NA,NA,"Bra001490",NA,"Bra037380","Bra038913,Bra038914","Bra020112",NA,"Bra027258",NA,"Bra014730","Bra037777,tRNA-Val","Bra034488","Bra003342","Bra031541","Bra030885","Bra014938",NA,"Bra027967,Bra027968",NA,"Bra011196",NA,"Bra013002",NA,NA,NA,NA,NA,NA,NA,NA,NA,"Bra019132,Bra019133",NA,NA,"Bra005632",NA,"Bra007950",NA,"Bra033672",NA,"Bra001266",NA,"Bra040403","Bra018209","Bra024186,Bra024187","Bra022593","Bra011084",NA,"Bra007174",NA,"Bra018570",NA,"Bra035064",NA,"Bra014871","Bra004639","Bra001516","Bra035490",NA,"Bra033329,Bra033330",NA,NA,"Bra024615","Bra039483","Bra014361",NA,"Bra032483",NA,"Bra029201,Bra029202",NA,"Bra006140",NA,"Bra004066"
"9","Bra038658","Bra032669","Bra025461","Bra036758","Bra000591","Bra028603","Bra019616","Bra006094",NA,"Bra027057","Bra039499","Bra040652","Bra010085","Bra038555","Bra038842",NA,NA,NA,NA,"Bra019132,Bra019133","Bra005632","Bra007950","Bra016883","Bra005096","Bra000024","Bra022241,Bra022242","Bra027235,Bra027236","Bra019626","Bra023378","Bra033783",NA,NA,"Bra025105",NA,NA,"Bra019307",NA,NA,"Bra006283","Bra040425,Bra040426","Bra033478",NA,"Bra004267","Bra033402","Bra009181","Bra034566,Bra034569",NA,"Bra024138,Bra024139","Bra011839",NA,NA,"Bra017976","Bra000773","Bra003597","Bra029859","Bra009948,Bra009949","Bra000302,Bra000303","Bra014975","Bra009746","Bra012588",NA,"Bra012337",NA,"Bra018306","Bra032640","Bra032050","Bra010941","Bra006812","Bra030747","Bra033122","Bra011307",NA,NA,"Bra022702",NA,"Bra006094",NA,NA,NA,"Bra015219",NA,NA,"Bra007614","Bra037045",NA,NA,NA,"Bra005742","Bra037220","Bra011331","Bra035008","Bra015798,Bra015799","Bra030879","Bra008509",NA,"Bra027468",NA,"Bra036467",NA,"Bra025089",NA,NA,NA,NA,NA,NA,NA,NA,NA,"Bra030285",NA,NA,"Bra011541",NA,"Bra038950",NA,"Bra023712",NA,"Bra001093",NA,"Bra013167","Bra025682","Bra031532,Bra031533,Bra032413,tRNA-Ala","Bra020185","Bra028144",NA,"Bra020008",NA,"Bra027235,Bra027236",NA,"Bra010126",NA,"Bra030103","Bra015878","Bra008975","Bra007131",NA,"Bra033783",NA,NA,"Bra010430","Bra037414","Bra012620",NA,"Bra025105",NA,"Bra019307",NA,NA,NA,"Bra004267"
"10","Bra027147","Bra000028",NA,"Bra017758,Bra017759","Bra035100","Bra025945","Bra006090","Bra017310",NA,"Bra015219",NA,NA,"Bra013372","Bra027967,Bra027968","Bra003502",NA,NA,NA,NA,"Bra030285","Bra017475","Bra014529","Bra036601","Bra008933","Bra032394","Bra002574","Bra034602,Bra034603","Bra013069","Bra034108,Bra034109","Bra008842",NA,NA,"Bra037292",NA,NA,"Bra012721,Bra012722",NA,NA,"Bra028470","Bra025725","Bra009107,Bra009108",NA,"Bra027695","Bra002973,Bra002974","Bra039114","Bra011565",NA,"Bra012339","Bra009433",NA,NA,"Bra014467","Bra001223","Bra001573","Bra010965","Bra016375,Bra016376","Bra010339","Bra008559","Bra006441","Bra009589",NA,"Bra013756",NA,"Bra025945","Bra041145","Bra034460","Bra032795","Bra019829","Bra000007",NA,"Bra018857",NA,NA,"Bra000038",NA,"Bra009970",NA,NA,NA,"Bra002023",NA,NA,"Bra032135,Bra032136","Bra025671",NA,NA,NA,"Bra008344","Bra012637","Bra017844","Bra008683","Bra006233","Bra011114","Bra013132",NA,"Bra038555",NA,"Bra024199",NA,"Bra036302",NA,NA,NA,NA,NA,NA,NA,NA,NA,"Bra004421",NA,NA,"Bra029043",NA,"Bra001373",NA,"Bra018111",NA,"Bra034611,Bra034612",NA,"Bra002191","Bra028411","Bra030319","Bra039678",NA,NA,"Bra023673",NA,"Bra034602,Bra034603",NA,"Bra029586",NA,"Bra033773","Bra014131","Bra038621,Bra038622","Bra014766",NA,"Bra019764",NA,NA,"Bra037181,Bra037182","Bra022979","Bra010476",NA,"Bra037292",NA,"Bra012721,Bra012722",NA,NA,NA,"Bra027695"
"11","Bra022618","Bra036908",NA,"Bra036239","Bra036447","Bra003055","Bra039786","Bra019150",NA,"Bra029392,Bra029393",NA,NA,"Bra040547","Bra027468","Bra000342",NA,NA,NA,NA,"Bra022242","Bra028617","Bra038950","Bra008097","Bra036346","Bra013001","Bra022813","Bra022567","Bra035551","Bra018684","Bra037640,Bra037641",NA,NA,"Bra035536",NA,NA,NA,NA,NA,"Bra015349","Bra040234","Bra023597,Bra023599",NA,"Bra027792,Bra027793","Bra006052","Bra007657","Bra038815",NA,"Bra030732","Bra004460",NA,NA,"Bra018264",NA,"Bra012606","Bra025173","Bra012462","Bra022693","Bra008544","Bra001457","Bra003570",NA,"Bra039144",NA,"Bra003055","Bra036145","Bra002745","Bra011146","Bra033254","Bra000022",NA,"Bra027207",NA,NA,"Bra005169",NA,"Bra039661",NA,NA,NA,"Bra027057",NA,NA,"Bra035937,Bra035938","Bra013824",NA,NA,NA,NA,"Bra030340","Bra039740","Bra037844,tRNA-Met","Bra006456","Bra012446,Bra012447","Bra032016,Bra032017",NA,"Bra031641",NA,"Bra003396",NA,"Bra019693,Bra019694",NA,NA,NA,NA,NA,NA,NA,NA,NA,"Bra028549",NA,NA,"Bra017475",NA,"Bra037439",NA,"Bra022271",NA,"Bra038644",NA,"Bra038127","Bra002221","Bra015592","Bra006351,Bra006352",NA,NA,"Bra015290",NA,"Bra026420",NA,NA,NA,"Bra036391","Bra010853","Bra040427","Bra039472",NA,"Bra006536",NA,NA,"Bra012083","Bra028405","Bra010510",NA,"Bra035536",NA,NA,NA,NA,NA,"Bra027792,Bra027793"
"12","Bra035477",NA,NA,"Bra034268","Bra040819","Bra025452,Bra025453,Bra025454","Bra000038","Bra009970",NA,"Bra011735",NA,NA,NA,"Bra031641","Bra029019",NA,NA,NA,NA,"Bra003618","Bra000488,Bra000489","Bra018740","Bra040053","Bra034611,Bra034612","Bra023982","Bra030873","Bra026420",NA,"Bra003636","Bra024300",NA,NA,"Bra004387",NA,NA,NA,NA,NA,"Bra018277","Bra022182","Bra001951",NA,"Bra026017,Bra026018","Bra001587","Bra031146","Bra015341",NA,"Bra035101","Bra004853",NA,NA,"Bra019492,Bra019493",NA,"Bra024316","Bra031810","Bra004683","Bra012445","Bra003862","Bra005917","Bra003715",NA,"Bra016419",NA,"Bra034815","Bra018461","Bra027343",NA,"Bra033998","Bra009570",NA,"Bra031635",NA,NA,"Bra005818",NA,"Bra030741",NA,NA,NA,"Bra002822",NA,NA,"Bra006464","Bra022857",NA,NA,NA,NA,"Bra020984","Bra000003","Bra037337","Bra040756","Bra001406","Bra024144,Bra024145",NA,"Bra034989",NA,"Bra001368",NA,"Bra003502",NA,NA,NA,NA,NA,NA,NA,NA,NA,"Bra006067",NA,NA,"Bra000488,Bra000489",NA,"Bra018740",NA,"Bra015753",NA,"Bra033919",NA,"Bra032394","Bra013013","Bra036142","Bra033224",NA,NA,NA,NA,"Bra022567",NA,NA,NA,"Bra004839","Bra039091","Bra027163","Bra024957,Bra024958,Bra024959",NA,"Bra003053",NA,NA,"Bra014755","Bra000915","Bra015781",NA,"Bra004387",NA,NA,NA,NA,NA,"Bra026017,Bra026018"
"13","Bra012539,Bra012540",NA,NA,"Bra005792","Bra031158","Bra008935","Bra022702","Bra039661",NA,"Bra033382",NA,NA,NA,"Bra034989","Bra011920",NA,NA,NA,NA,"Bra006750","Bra029043","Bra028000","Bra013924","Bra001093","Bra011164",NA,"Bra035584",NA,"Bra000136","Bra006517",NA,NA,"Bra035477",NA,NA,NA,NA,NA,"Bra018900","Bra038489","Bra004286",NA,"Bra027736","Bra008766","Bra017342","Bra009644",NA,NA,"Bra023418",NA,NA,"Bra033389",NA,"Bra033489","Bra020124","Bra018531","Bra029654","Bra011386","Bra004004","Bra038289",NA,"Bra008497",NA,"Bra004030","Bra005521","Bra008785",NA,"Bra017853","Bra018307",NA,"Bra008540",NA,NA,NA,NA,"Bra008710",NA,NA,NA,"Bra029392,Bra029393",NA,NA,"Bra015954","Bra001196",NA,NA,NA,NA,"Bra008029","Bra018009,Bra018010","Bra002227","Bra017386","Bra009125","Bra026581",NA,NA,NA,"Bra027828",NA,"Bra019354",NA,NA,NA,NA,NA,NA,NA,NA,NA,"Bra026155",NA,NA,"Bra005031",NA,"Bra014529",NA,"Bra012814",NA,"Bra008657",NA,"Bra002877","Bra032875","Bra014044","Bra022288",NA,NA,NA,NA,"Bra012252",NA,NA,NA,"Bra030320","Bra040448","Bra025335,Bra025336","Bra003841",NA,"Bra004244",NA,NA,"Bra013017,Bra013018","Bra031296","Bra007738",NA,"Bra035477",NA,NA,NA,NA,NA,"Bra027736"
"14","Bra022938",NA,NA,"Bra012303","Bra031191,Bra031192","Bra026290",NA,"Bra008710",NA,"Bra003677",NA,NA,NA,NA,"Bra027644",NA,NA,NA,NA,"Bra006879","Bra027626","Bra037439","Bra028689,tRNA-Leu","Bra001266","Bra038127",NA,"Bra021220",NA,"Bra019149","Bra017055",NA,NA,"Bra007802",NA,NA,NA,NA,NA,"Bra026998","Bra029228,Bra029229","Bra029099",NA,"Bra039175","Bra006248","Bra036763","Bra012683",NA,NA,"Bra010484",NA,NA,"Bra008961",NA,"Bra003608,Bra003609","Bra031272","Bra008070","Bra021658,Bra021659,Bra021660","Bra009478","Bra015199","Bra003948",NA,"Bra004928",NA,"Bra017723","Bra004746",NA,NA,"Bra031413",NA,NA,"Bra022425",NA,NA,NA,NA,"Bra017310",NA,NA,NA,"Bra039466",NA,NA,"Bra030817","Bra009578",NA,NA,NA,NA,NA,"Bra008212,Bra008213","Bra003298","Bra028191","Bra008658","Bra023413",NA,NA,NA,"Bra004108",NA,"Bra021567",NA,NA,NA,NA,NA,NA,NA,NA,NA,"Bra014656",NA,NA,"Bra020100",NA,"Bra035486",NA,"Bra037655",NA,"Bra016330",NA,"Bra000024","Bra036878","Bra038426,Bra038427","Bra000384",NA,NA,NA,NA,"Bra034873",NA,NA,NA,NA,"Bra022734","Bra026243","Bra014757",NA,NA,NA,NA,"Bra015741,Bra015742","Bra029427","Bra004057,Bra004058,Bra004059,Bra004060",NA,"Bra007802",NA,NA,NA,NA,NA,"Bra039175"
"15","Bra039048",NA,NA,"Bra025887","Bra026028","Bra000063",NA,"Bra019181",NA,"Bra013584",NA,NA,NA,NA,"Bra036302",NA,NA,NA,NA,"Bra005275","Bra018458","Bra001373","Bra015753","Bra014802","Bra002191",NA,"Bra028777",NA,NA,NA,NA,NA,"Bra018039",NA,NA,NA,NA,NA,"Bra014522,tRNA-Asp","Bra001136","Bra036194",NA,"Bra016093","Bra024366,Bra024367","Bra017499","Bra026866,Bra026867",NA,NA,"Bra015668",NA,NA,"Bra009965,Bra009966,Bra009967",NA,"Bra028579","Bra025364",NA,"Bra029922","Bra008555","Bra016071","Bra026116",NA,"Bra005677",NA,"Bra039321","Bra037412",NA,NA,"Bra015845",NA,NA,"Bra001958,Bra001959",NA,NA,NA,NA,"Bra019150",NA,NA,NA,"Bra025882,Bra025883,Bra025884,Bra025886",NA,NA,"Bra029801,tRNA-Phe","Bra018593",NA,NA,NA,NA,NA,"Bra029903","Bra027386","Bra020838","Bra016752","Bra036823",NA,NA,NA,"Bra000044",NA,"Bra009558",NA,NA,NA,NA,NA,NA,NA,NA,NA,"Bra013053",NA,NA,"Bra000883",NA,"Bra023056,tRNA-Tyr",NA,"Bra020137,Bra020138",NA,"Bra018548",NA,"Bra036146","Bra034798,Bra034799",NA,NA,NA,NA,NA,NA,"Bra006551,Bra006552",NA,NA,NA,NA,"Bra001415","Bra005235","Bra027278",NA,NA,NA,NA,"Bra006182","Bra024964","Bra036904",NA,"Bra018039",NA,NA,NA,NA,NA,"Bra016093"
"16","Bra014348",NA,NA,"Bra033275,Bra033276","Bra022133","Bra034990",NA,"Bra033837",NA,"Bra037739",NA,NA,NA,NA,"Bra019354",NA,NA,NA,NA,"Bra028539","Bra021961","Bra035486","Bra005338","Bra033919","Bra002877",NA,"Bra001183",NA,NA,NA,NA,NA,"Bra028655",NA,NA,NA,NA,NA,"Bra037862","Bra038161","Bra022108",NA,"Bra024547",NA,"Bra010018","Bra013761",NA,NA,"Bra003835",NA,NA,"Bra027017",NA,"Bra013191","Bra009724",NA,"Bra005258","Bra011436","Bra018970","Bra031478",NA,"Bra040819",NA,"Bra012244","Bra028446",NA,NA,"Bra038686",NA,NA,"Bra004999",NA,NA,NA,NA,"Bra036463",NA,NA,NA,NA,NA,NA,"Bra016198,Bra016199","Bra027124",NA,NA,NA,NA,NA,"Bra035381","Bra030405,Bra030406","Bra004023","Bra013068","Bra035332",NA,NA,NA,"Bra034828",NA,"Bra000342",NA,NA,NA,NA,NA,NA,NA,NA,NA,"Bra040630",NA,NA,"Bra040347",NA,"Bra028000",NA,"Bra007047",NA,"Bra022060",NA,"Bra004968","Bra015305",NA,NA,NA,NA,NA,NA,"Bra005140",NA,NA,NA,NA,"Bra027274","Bra027421,Bra027422","Bra036587",NA,NA,NA,NA,"Bra035518,Bra035529","Bra000538","Bra011059",NA,"Bra028655",NA,NA,NA,NA,NA,"Bra024547"
"17","Bra009015",NA,NA,"Bra022736","Bra029472,Bra029473","Bra004030",NA,"Bra036322",NA,NA,NA,NA,NA,NA,"Bra019693,Bra019694",NA,NA,NA,NA,"Bra018897","Bra003049","Bra023056,tRNA-Tyr","Bra009586","Bra025785","Bra013167",NA,"Bra007867",NA,NA,NA,NA,NA,"Bra030622",NA,NA,NA,NA,NA,"Bra016231,Bra016232","Bra013436","Bra030813,Bra030815",NA,"Bra034268",NA,"Bra033451","Bra011314",NA,NA,NA,NA,NA,"Bra023072",NA,"Bra009018,Bra009019,Bra009020","Bra026135",NA,"Bra002258","Bra020784,Bra020785","Bra014446","Bra000660",NA,"Bra037939",NA,"Bra020393","Bra009268",NA,NA,"Bra006051",NA,NA,"Bra016074",NA,NA,NA,NA,"Bra037478",NA,NA,NA,NA,NA,NA,"Bra003034","Bra023706,Bra023707",NA,NA,NA,NA,NA,NA,"Bra020905","Bra004587","Bra006340","Bra018324",NA,NA,NA,"Bra018369",NA,"Bra038842",NA,NA,NA,NA,NA,NA,NA,NA,NA,"Bra010616",NA,NA,"Bra040118",NA,"Bra000256",NA,"Bra005338",NA,"Bra010270",NA,"Bra014056","Bra009609,Bra009610",NA,NA,NA,NA,NA,NA,"Bra039768",NA,NA,NA,NA,"Bra006413","Bra012040","Bra001618",NA,NA,NA,NA,"Bra032548","Bra013859","Bra012899",NA,"Bra030622",NA,NA,NA,NA,NA,"Bra034268"
"18","Bra000621",NA,NA,"Bra032518,Bra032519","Bra002322","Bra015070",NA,"Bra038949",NA,NA,NA,NA,NA,NA,"Bra009558",NA,NA,NA,NA,"Bra006794","Bra013744","Bra000256","Bra018111","Bra033987","Bra040403",NA,"Bra005290",NA,NA,NA,NA,NA,"Bra021314",NA,NA,NA,NA,NA,"Bra026238","Bra005077","Bra003482",NA,"Bra032518,Bra032519",NA,NA,"Bra025905,tRNA-Asp",NA,NA,NA,NA,NA,"Bra035565",NA,"Bra027654","Bra002900",NA,"Bra000610","Bra036303","Bra017769,Bra017770,Bra017771","Bra015384",NA,"Bra031158",NA,"Bra038089","Bra028432",NA,NA,"Bra037405",NA,NA,NA,NA,NA,NA,NA,"Bra038949",NA,NA,NA,NA,NA,NA,"Bra017604","Bra034271",NA,NA,NA,NA,NA,NA,"Bra032981",NA,"Bra035580","Bra006200",NA,NA,NA,"Bra015000",NA,"Bra000885",NA,NA,NA,NA,NA,NA,NA,NA,NA,"Bra006750",NA,NA,"Bra000122",NA,"Bra005531",NA,"Bra001848",NA,"Bra033987",NA,NA,"Bra024234",NA,NA,NA,NA,NA,NA,"Bra015694",NA,NA,NA,NA,"Bra019170","Bra028809","Bra013464",NA,NA,NA,NA,"Bra014229","Bra005718,Bra005767","Bra006660",NA,"Bra021314",NA,NA,NA,NA,NA,"Bra032518,Bra032519"
"19","Bra010566",NA,NA,"Bra032196","Bra013756","Bra006778",NA,"Bra001427",NA,NA,NA,NA,NA,NA,"Bra025089",NA,NA,NA,NA,"Bra004421","Bra025091,Bra025092","Bra005531","Bra012814","Bra004499",NA,NA,"Bra000285",NA,NA,NA,NA,NA,"Bra004235",NA,NA,NA,NA,NA,"Bra030996","Bra031360",NA,NA,"Bra017758,Bra017759",NA,NA,"Bra018329",NA,NA,NA,NA,NA,"Bra016123",NA,"Bra001983","Bra005175",NA,"Bra009670","Bra022381","Bra014626","Bra039052",NA,"Bra029472,Bra029473",NA,"Bra018002","Bra002516",NA,NA,"Bra029001",NA,NA,NA,NA,NA,NA,NA,"Bra033082",NA,NA,NA,NA,NA,NA,"Bra007924","Bra001949",NA,NA,NA,NA,NA,NA,"Bra001463",NA,"Bra011515","Bra024701",NA,NA,NA,"Bra010815",NA,"Bra034527",NA,NA,NA,NA,NA,NA,NA,NA,NA,"Bra021929",NA,NA,"Bra008847",NA,"Bra012076,Bra012077,Bra012079",NA,"Bra001177",NA,"Bra035169,Bra035170",NA,NA,NA,NA,NA,NA,NA,NA,NA,"Bra011608",NA,NA,NA,NA,"Bra037364","Bra017597","Bra011950",NA,NA,NA,NA,"Bra028651","Bra000240","Bra025242,Bra025243",NA,"Bra004235",NA,NA,NA,NA,NA,"Bra017758,Bra017759"
"20","Bra007075",NA,NA,"Bra039175","Bra003603","Bra040442",NA,"Bra011500",NA,NA,NA,NA,NA,NA,"Bra034527",NA,NA,NA,NA,"Bra028549","Bra017053,Bra017054","Bra012076,Bra012077,Bra012079","Bra022271","Bra018548",NA,NA,"Bra003845",NA,NA,NA,NA,NA,"Bra024075",NA,NA,NA,NA,NA,"Bra029826","Bra035446",NA,NA,"Bra032196",NA,NA,"Bra006272,Bra006329",NA,NA,NA,NA,NA,"Bra023555",NA,"Bra011076","Bra013558",NA,"Bra002561","Bra022230","Bra028635","Bra011703",NA,"Bra002470",NA,"Bra033788","Bra039263",NA,NA,"Bra007919",NA,NA,NA,NA,NA,NA,NA,"Bra028999",NA,NA,NA,NA,NA,NA,"Bra019522","Bra005206",NA,NA,NA,NA,NA,NA,"Bra028566",NA,"Bra036618","Bra000424",NA,NA,NA,"Bra021650",NA,"Bra016046",NA,NA,NA,NA,NA,NA,NA,NA,NA,"Bra005275",NA,NA,"Bra018458",NA,NA,NA,"Bra009586",NA,"Bra014802",NA,NA,NA,NA,NA,NA,NA,NA,NA,NA,NA,NA,NA,NA,NA,"Bra010681","Bra002665",NA,NA,NA,NA,"Bra037309","Bra011536","Bra029783",NA,"Bra024075",NA,NA,NA,NA,NA,"Bra032196"
"21","Bra032589",NA,NA,"Bra022923","Bra039144","Bra018002",NA,"Bra008127",NA,NA,NA,NA,NA,NA,"Bra016046",NA,NA,NA,NA,"Bra010616","Bra025276",NA,"Bra023712","Bra016330",NA,NA,NA,NA,NA,NA,NA,NA,"Bra000662",NA,NA,NA,NA,NA,"Bra039925","Bra009295",NA,NA,"Bra012303",NA,NA,NA,NA,NA,NA,NA,NA,"Bra011770",NA,"Bra009499,Bra009500","Bra022597",NA,"Bra018030","Bra001776","Bra003778","Bra026032",NA,"Bra002038",NA,"Bra004924","Bra018849",NA,NA,"Bra030228",NA,NA,NA,NA,NA,NA,NA,"Bra013993",NA,NA,NA,NA,NA,NA,"Bra026514","Bra030842",NA,NA,NA,NA,NA,NA,"Bra004761",NA,"Bra039438","Bra003427,Bra003428",NA,NA,NA,"Bra039018,Bra039019",NA,"Bra010216",NA,NA,NA,NA,NA,NA,NA,NA,NA,"Bra028539",NA,NA,"Bra000808",NA,NA,NA,"Bra000700",NA,"Bra004499",NA,NA,NA,NA,NA,NA,NA,NA,NA,NA,NA,NA,NA,NA,NA,"Bra021171","Bra009226",NA,NA,NA,NA,NA,"Bra002288",NA,NA,"Bra000662",NA,NA,NA,NA,NA,"Bra012303"
"22","Bra004809",NA,NA,"Bra018695","Bra005677","Bra038089",NA,"Bra036834",NA,NA,NA,NA,NA,NA,"Bra010216",NA,NA,NA,NA,"Bra014656","Bra000808",NA,"Bra033672","Bra010270",NA,NA,NA,NA,NA,NA,NA,NA,"Bra000054",NA,NA,NA,NA,NA,"Bra018864","Bra032742",NA,NA,"Bra036758",NA,NA,NA,NA,NA,NA,NA,NA,"Bra030447,Bra030448",NA,"Bra014562","Bra037671",NA,"Bra000440","Bra029564","Bra012088","Bra001854",NA,"Bra026143",NA,"Bra020062","Bra018876",NA,NA,NA,NA,NA,NA,NA,NA,NA,NA,"Bra008127",NA,NA,NA,NA,NA,NA,"Bra010337","Bra026629,Bra026630",NA,NA,NA,NA,NA,NA,"Bra039471",NA,"Bra004482","Bra037068",NA,NA,NA,"Bra032104",NA,"Bra016557",NA,NA,NA,NA,NA,NA,NA,NA,NA,"Bra018897",NA,NA,"Bra027626",NA,NA,NA,"Bra014351",NA,"Bra025785",NA,NA,NA,NA,NA,NA,NA,NA,NA,NA,NA,NA,NA,NA,NA,NA,"Bra027635",NA,NA,NA,NA,NA,"Bra003655",NA,NA,"Bra000054",NA,NA,NA,NA,NA,"Bra036758"
"23","Bra008749",NA,NA,"Bra026017,Bra026018","Bra019253,Bra019254","Bra024890",NA,"Bra016117",NA,NA,NA,NA,NA,NA,"Bra026351",NA,NA,NA,NA,"Bra026155","Bra008847",NA,"Bra000700","Bra035169,Bra035170",NA,NA,NA,NA,NA,NA,NA,NA,"Bra038658",NA,NA,NA,NA,NA,"Bra000498","Bra007105",NA,NA,"Bra022736",NA,NA,NA,NA,NA,NA,NA,NA,"Bra008840",NA,NA,"Bra030858",NA,"Bra037409","Bra006345","Bra021672,tRNA-Ala","Bra011409",NA,"Bra000591",NA,"Bra015070","Bra031923",NA,NA,NA,NA,NA,NA,NA,NA,NA,NA,"Bra021455",NA,NA,NA,NA,NA,NA,"Bra039085","Bra007610",NA,NA,NA,NA,NA,NA,"Bra018790",NA,"Bra023971","Bra010296",NA,NA,NA,"Bra016081",NA,"Bra033973",NA,NA,NA,NA,NA,NA,NA,NA,NA,"Bra006879",NA,NA,"Bra017053,Bra017054",NA,NA,NA,"Bra008953",NA,"Bra034450",NA,NA,NA,NA,NA,NA,NA,NA,NA,NA,NA,NA,NA,NA,NA,NA,"Bra010977",NA,NA,NA,NA,NA,NA,NA,NA,"Bra038658",NA,NA,NA,NA,NA,"Bra022736"
"24","Bra034231",NA,NA,"Bra027792,Bra027793","Bra021529,Bra021530","Bra006454",NA,"Bra028520",NA,NA,NA,NA,NA,NA,"Bra014343",NA,NA,NA,NA,"Bra013053","Bra000883",NA,"Bra014351","Bra022060",NA,NA,NA,NA,NA,NA,NA,NA,"Bra020188",NA,NA,NA,NA,NA,"Bra004094","Bra021198,Bra021199",NA,NA,"Bra005792",NA,NA,NA,NA,NA,NA,NA,NA,NA,NA,NA,"Bra016808",NA,"Bra039094","Bra014969","Bra016201,Bra016202","Bra026621",NA,"Bra031191,Bra031192",NA,"Bra007239","Bra016572,Bra016573",NA,NA,NA,NA,NA,NA,NA,NA,NA,NA,"Bra025488",NA,NA,NA,NA,NA,NA,"Bra034254","Bra022164",NA,NA,NA,NA,NA,NA,"Bra040992",NA,"Bra033871","Bra007283",NA,NA,NA,"Bra002140",NA,"Bra024893,Bra024894",NA,NA,NA,NA,NA,NA,NA,NA,NA,"Bra017427,Bra017428",NA,NA,"Bra025276",NA,NA,NA,"Bra025009",NA,"Bra015038",NA,NA,NA,NA,NA,NA,NA,NA,NA,NA,NA,NA,NA,NA,NA,NA,"Bra014264",NA,NA,NA,NA,NA,NA,NA,NA,"Bra020188",NA,NA,NA,NA,NA,"Bra005792"
"25","Bra018090,Bra018091",NA,NA,"Bra020949","Bra012337","Bra004225",NA,"Bra029438",NA,NA,NA,NA,NA,NA,"Bra015715",NA,NA,NA,NA,"Bra040630","Bra040118",NA,"Bra037655","Bra008657",NA,NA,NA,NA,NA,NA,NA,NA,"Bra039880",NA,NA,NA,NA,NA,"Bra017031","Bra023848",NA,NA,"Bra017705",NA,NA,NA,NA,NA,NA,NA,NA,NA,NA,NA,"Bra011081",NA,"Bra028963","Bra020523,Bra020538","Bra006304","Bra020828",NA,"Bra022133",NA,"Bra017110","Bra032674",NA,NA,NA,NA,NA,NA,NA,NA,NA,NA,"Bra013828",NA,NA,NA,NA,NA,NA,"Bra035864","Bra031586",NA,NA,NA,NA,NA,NA,"Bra039485",NA,"Bra012206","Bra021661",NA,NA,NA,"Bra010956,Bra010957",NA,"Bra010983",NA,NA,NA,NA,NA,NA,NA,NA,NA,"Bra022242",NA,NA,"Bra033565,Bra033566",NA,NA,NA,"Bra001500",NA,"Bra029005",NA,NA,NA,NA,NA,NA,NA,NA,NA,NA,NA,NA,NA,NA,NA,NA,NA,NA,NA,NA,NA,NA,NA,NA,NA,"Bra039880",NA,NA,NA,NA,NA,"Bra017705"
"26","Bra035161",NA,NA,"Bra012364","Bra002038","Bra005603",NA,"Bra010416",NA,NA,NA,NA,NA,NA,"Bra016557",NA,NA,NA,NA,"Bra014696","Bra000122",NA,"Bra020137,Bra020138","Bra038644",NA,NA,NA,NA,NA,NA,NA,NA,"Bra011348",NA,NA,NA,NA,NA,"Bra039495","Bra032315,Bra032316",NA,NA,"Bra032925",NA,NA,NA,NA,NA,NA,NA,NA,NA,NA,NA,"Bra011919",NA,"Bra037787","Bra033344","Bra033480","Bra006194",NA,"Bra026028",NA,"Bra006778","Bra025847",NA,NA,NA,NA,NA,NA,NA,NA,NA,NA,"Bra015843",NA,NA,NA,NA,NA,NA,"Bra040045","Bra005976",NA,NA,NA,NA,NA,NA,"Bra004243",NA,"Bra004087,snoR74","Bra039713,Bra039714",NA,NA,NA,"Bra014661",NA,"Bra036730",NA,NA,NA,NA,NA,NA,NA,NA,NA,"Bra014696",NA,NA,"Bra021961",NA,NA,NA,"Bra005824",NA,NA,NA,NA,NA,NA,NA,NA,NA,NA,NA,NA,NA,NA,NA,NA,NA,NA,NA,NA,NA,NA,NA,NA,NA,NA,NA,"Bra011348",NA,NA,NA,NA,NA,"Bra032925"
"27","Bra032166",NA,NA,"Bra027695","Bra002470","Bra025816",NA,"Bra013993",NA,NA,NA,NA,NA,NA,"Bra000885",NA,NA,NA,NA,"Bra017427,Bra017428","Bra011541",NA,"Bra001177",NA,NA,NA,NA,NA,NA,NA,NA,NA,"Bra009015",NA,NA,NA,NA,NA,"Bra010405","Bra009055",NA,NA,"Bra036239",NA,NA,NA,NA,NA,NA,NA,NA,NA,NA,NA,"Bra011985",NA,"Bra034715,Bra034716","Bra015722","Bra009543","Bra032058",NA,"Bra014855",NA,"Bra040442","Bra003142",NA,NA,NA,NA,NA,NA,NA,NA,NA,NA,"Bra009659",NA,NA,NA,NA,NA,NA,"Bra022901","Bra018573",NA,NA,NA,NA,NA,NA,"Bra005002",NA,"Bra003653","Bra028665",NA,NA,NA,NA,NA,"Bra037411",NA,NA,NA,NA,NA,NA,NA,NA,NA,"Bra003618",NA,NA,"Bra013744",NA,NA,NA,"Bra001197",NA,NA,NA,NA,NA,NA,NA,NA,NA,NA,NA,NA,NA,NA,NA,NA,NA,NA,NA,NA,NA,NA,NA,NA,NA,NA,NA,"Bra009015",NA,NA,NA,NA,NA,"Bra036239"
"28","Bra025469",NA,NA,"Bra004066","Bra014855","Bra007239",NA,"Bra021455",NA,NA,NA,NA,NA,NA,"Bra033973",NA,NA,NA,NA,"Bra006067","Bra005031",NA,"Bra001848",NA,NA,NA,NA,NA,NA,NA,NA,NA,"Bra032589",NA,NA,NA,NA,NA,"Bra025165","Bra019403",NA,NA,"Bra033275,Bra033276",NA,NA,NA,NA,NA,NA,NA,NA,NA,NA,NA,"Bra003604",NA,"Bra006538","Bra018615","Bra007183","Bra004645",NA,"Bra005961",NA,"Bra025816","Bra028844",NA,NA,NA,NA,NA,NA,NA,NA,NA,NA,"Bra036942",NA,NA,NA,NA,NA,NA,"Bra024864","Bra002354",NA,NA,NA,NA,NA,NA,"Bra024421,Bra024422,Bra024423",NA,"Bra007462",NA,NA,NA,NA,NA,NA,"Bra002749",NA,NA,NA,NA,NA,NA,NA,NA,NA,"Bra006794",NA,NA,"Bra003049",NA,NA,NA,"Bra013094",NA,NA,NA,NA,NA,NA,NA,NA,NA,NA,NA,NA,NA,NA,NA,NA,NA,NA,NA,NA,NA,NA,NA,NA,NA,NA,NA,"Bra032589",NA,NA,NA,NA,NA,"Bra033275,Bra033276"
"29","Bra031115",NA,NA,"Bra004267","Bra026143","Bra020062",NA,"Bra009659",NA,NA,NA,NA,NA,NA,"Bra037411",NA,NA,NA,NA,"Bra021929","Bra033565,Bra033566",NA,"Bra007047",NA,NA,NA,NA,NA,NA,NA,NA,NA,"Bra007075",NA,NA,NA,NA,NA,"Bra026969","Bra017081",NA,NA,NA,NA,NA,NA,NA,NA,NA,NA,NA,NA,NA,NA,"Bra002326",NA,NA,"Bra003348",NA,"Bra010209",NA,"Bra031617",NA,"Bra034990",NA,NA,NA,NA,NA,NA,NA,NA,NA,NA,NA,"Bra001422",NA,NA,NA,NA,NA,NA,"Bra024773","Bra023365",NA,NA,NA,NA,NA,NA,"Bra005387",NA,"Bra032952",NA,NA,NA,NA,NA,NA,"Bra024662",NA,NA,NA,NA,NA,NA,NA,NA,NA,"Bra032053,Bra032054",NA,NA,"Bra025091,Bra025092",NA,NA,NA,NA,NA,NA,NA,NA,NA,NA,NA,NA,NA,NA,NA,NA,NA,NA,NA,NA,NA,NA,NA,NA,NA,NA,NA,NA,NA,NA,NA,"Bra007075",NA,NA,NA,NA,NA,NA
"30","Bra028655",NA,NA,NA,"Bra016419","Bra039321",NA,"Bra036942",NA,NA,NA,NA,NA,NA,"Bra036730",NA,NA,NA,NA,"Bra029362,Bra029363","Bra040347",NA,NA,NA,NA,NA,NA,NA,NA,NA,NA,NA,"Bra004809",NA,NA,NA,NA,NA,"Bra029969,Bra029970","Bra035320",NA,NA,NA,NA,NA,NA,NA,NA,NA,NA,NA,NA,NA,NA,"Bra015692",NA,NA,"Bra011461",NA,"Bra025654",NA,"Bra009312",NA,"Bra006454",NA,NA,NA,NA,NA,NA,NA,NA,NA,NA,NA,"Bra004101",NA,NA,NA,NA,NA,NA,"Bra028679","Bra000460",NA,NA,NA,NA,NA,NA,"Bra015316",NA,"Bra039975",NA,NA,NA,NA,NA,NA,"Bra026351",NA,NA,NA,NA,NA,NA,NA,NA,NA,"Bra039120",NA,NA,NA,NA,NA,NA,NA,NA,NA,NA,NA,NA,NA,NA,NA,NA,NA,NA,NA,NA,NA,NA,NA,NA,NA,NA,NA,NA,NA,NA,NA,NA,NA,NA,"Bra004809",NA,NA,NA,NA,NA,NA
"31","Bra037292",NA,NA,NA,"Bra004928","Bra004924",NA,"Bra037478",NA,NA,NA,NA,NA,NA,"Bra024893,Bra024894",NA,NA,NA,NA,"Bra032053,Bra032054",NA,NA,NA,NA,NA,NA,NA,NA,NA,NA,NA,NA,"Bra034231",NA,NA,NA,NA,NA,"Bra019196","Bra025865",NA,NA,NA,NA,NA,NA,NA,NA,NA,NA,NA,NA,NA,NA,"Bra011679",NA,NA,"Bra040524",NA,"Bra033400",NA,"Bra014883",NA,"Bra004225",NA,NA,NA,NA,NA,NA,NA,NA,NA,NA,NA,"Bra009140",NA,NA,NA,NA,NA,NA,"Bra013593","Bra004879",NA,NA,NA,NA,NA,NA,"Bra038850",NA,"Bra007713,Bra007714",NA,NA,NA,NA,NA,NA,"Bra015715",NA,NA,NA,NA,NA,NA,NA,NA,NA,"Bra011775",NA,NA,NA,NA,NA,NA,NA,NA,NA,NA,NA,NA,NA,NA,NA,NA,NA,NA,NA,NA,NA,NA,NA,NA,NA,NA,NA,NA,NA,NA,NA,NA,NA,NA,"Bra034231",NA,NA,NA,NA,NA,NA
"32","Bra007978",NA,NA,NA,"Bra008497","Bra018306",NA,"Bra036463",NA,NA,NA,NA,NA,NA,"Bra010983",NA,NA,NA,NA,"Bra039120",NA,NA,NA,NA,NA,NA,NA,NA,NA,NA,NA,NA,"Bra010566",NA,NA,NA,NA,NA,"Bra026191,Bra026192","Bra019154",NA,NA,NA,NA,NA,NA,NA,NA,NA,NA,NA,NA,NA,NA,"Bra001374",NA,NA,"Bra003727",NA,"Bra001988",NA,NA,NA,"Bra024890",NA,NA,NA,NA,NA,NA,NA,NA,NA,NA,NA,"Bra019686,Bra019688,Bra019689,Bra019690",NA,NA,NA,NA,NA,NA,"Bra039238","Bra031652,Bra031653,Bra031654",NA,NA,NA,NA,NA,NA,"Bra010667",NA,"Bra000271",NA,NA,NA,NA,NA,NA,"Bra002980",NA,NA,NA,NA,NA,NA,NA,NA,NA,"Bra023093",NA,NA,NA,NA,NA,NA,NA,NA,NA,NA,NA,NA,NA,NA,NA,NA,NA,NA,NA,NA,NA,NA,NA,NA,NA,NA,NA,NA,NA,NA,NA,NA,NA,NA,"Bra010566",NA,NA,NA,NA,NA,NA
"33","Bra023736",NA,NA,NA,NA,"Bra034815",NA,"Bra025488",NA,NA,NA,NA,NA,NA,"Bra007520",NA,NA,NA,NA,"Bra011775",NA,NA,NA,NA,NA,NA,NA,NA,NA,NA,NA,NA,"Bra034589",NA,NA,NA,NA,NA,"Bra020763",NA,NA,NA,NA,NA,NA,NA,NA,NA,NA,NA,NA,NA,NA,NA,"Bra018610",NA,NA,"Bra038063",NA,"Bra006275",NA,NA,NA,"Bra025452,Bra025453,Bra025454",NA,NA,NA,NA,NA,NA,NA,NA,NA,NA,NA,"Bra000875,Bra000876",NA,NA,NA,NA,NA,NA,"Bra010391","Bra032191",NA,NA,NA,NA,NA,NA,"Bra022751,Bra022752",NA,"Bra014689",NA,NA,NA,NA,NA,NA,"Bra017912",NA,NA,NA,NA,NA,NA,NA,NA,NA,"Bra029362,Bra029363",NA,NA,NA,NA,NA,NA,NA,NA,NA,NA,NA,NA,NA,NA,NA,NA,NA,NA,NA,NA,NA,NA,NA,NA,NA,NA,NA,NA,NA,NA,NA,NA,NA,NA,"Bra034589",NA,NA,NA,NA,NA,NA
"34","Bra024941",NA,NA,NA,NA,"Bra020393",NA,"Bra013828",NA,NA,NA,NA,NA,NA,"Bra016305",NA,NA,NA,NA,"Bra023093",NA,NA,NA,NA,NA,NA,NA,NA,NA,NA,NA,NA,"Bra007978",NA,NA,NA,NA,NA,"Bra005889",NA,NA,NA,NA,NA,NA,NA,NA,NA,NA,NA,NA,NA,NA,NA,"Bra038646",NA,NA,"Bra015762",NA,"Bra010453",NA,NA,NA,"Bra008935",NA,NA,NA,NA,NA,NA,NA,NA,NA,NA,NA,"Bra011500",NA,NA,NA,NA,NA,NA,"Bra001925","Bra009600",NA,NA,NA,NA,NA,NA,"Bra024285",NA,"Bra020759",NA,NA,NA,NA,NA,NA,"Bra014343",NA,NA,NA,NA,NA,NA,NA,NA,NA,"Bra011180",NA,NA,NA,NA,NA,NA,NA,NA,NA,NA,NA,NA,NA,NA,NA,NA,NA,NA,NA,NA,NA,NA,NA,NA,NA,NA,NA,NA,NA,NA,NA,NA,NA,NA,"Bra007978",NA,NA,NA,NA,NA,NA
"35","Bra035536",NA,NA,NA,NA,"Bra012244",NA,"Bra028999",NA,NA,NA,NA,NA,NA,"Bra024662",NA,NA,NA,NA,"Bra011180",NA,NA,NA,NA,NA,NA,NA,NA,NA,NA,NA,NA,"Bra024941",NA,NA,NA,NA,NA,"Bra022867",NA,NA,NA,NA,NA,NA,NA,NA,NA,NA,NA,NA,NA,NA,NA,"Bra037091",NA,NA,"Bra006219",NA,"Bra016317",NA,NA,NA,"Bra026290",NA,NA,NA,NA,NA,NA,NA,NA,NA,NA,NA,"Bra033837",NA,NA,NA,NA,NA,NA,"Bra013909,Bra013911","Bra039710",NA,NA,NA,NA,NA,NA,"Bra035227",NA,"Bra036571",NA,NA,NA,NA,NA,NA,"Bra007520",NA,NA,NA,NA,NA,NA,NA,NA,NA,"Bra031771",NA,NA,NA,NA,NA,NA,NA,NA,NA,NA,NA,NA,NA,NA,NA,NA,NA,NA,NA,NA,NA,NA,NA,NA,NA,NA,NA,NA,NA,NA,NA,NA,NA,NA,"Bra024941",NA,NA,NA,NA,NA,NA
"36","Bra025105",NA,NA,NA,NA,"Bra017723",NA,"Bra033082",NA,NA,NA,NA,NA,NA,"Bra002980",NA,NA,NA,NA,"Bra031771",NA,NA,NA,NA,NA,NA,NA,NA,NA,NA,NA,NA,"Bra027147",NA,NA,NA,NA,NA,"Bra005630",NA,NA,NA,NA,NA,NA,NA,NA,NA,NA,NA,NA,NA,NA,NA,"Bra025353",NA,NA,"Bra006813",NA,"Bra031896",NA,NA,NA,NA,NA,NA,NA,NA,NA,NA,NA,NA,NA,NA,NA,"Bra016117",NA,NA,NA,NA,NA,NA,"Bra035092","Bra039310",NA,NA,NA,NA,NA,NA,"Bra002071",NA,"Bra003152",NA,NA,NA,NA,NA,NA,"Bra016305",NA,NA,NA,NA,NA,NA,NA,NA,NA,NA,NA,NA,NA,NA,NA,NA,NA,NA,NA,NA,NA,NA,NA,NA,NA,NA,NA,NA,NA,NA,NA,NA,NA,NA,NA,NA,NA,NA,NA,NA,NA,NA,NA,NA,"Bra027147",NA,NA,NA,NA,NA,NA
"37","Bra030622",NA,NA,NA,NA,NA,NA,"Bra015843",NA,NA,NA,NA,NA,NA,"Bra017912",NA,NA,NA,NA,NA,NA,NA,NA,NA,NA,NA,NA,NA,NA,NA,NA,NA,"Bra023736",NA,NA,NA,NA,NA,"Bra029292,Bra029293",NA,NA,NA,NA,NA,NA,NA,NA,NA,NA,NA,NA,NA,NA,NA,"Bra007383",NA,NA,"Bra039341",NA,"Bra012865",NA,NA,NA,NA,NA,NA,NA,NA,NA,NA,NA,NA,NA,NA,NA,"Bra036834",NA,NA,NA,NA,NA,NA,"Bra018525","Bra001045",NA,NA,NA,NA,NA,NA,"Bra014862",NA,"Bra016870",NA,NA,NA,NA,NA,NA,NA,NA,NA,NA,NA,NA,NA,NA,NA,NA,NA,NA,NA,NA,NA,NA,NA,NA,NA,NA,NA,NA,NA,NA,NA,NA,NA,NA,NA,NA,NA,NA,NA,NA,NA,NA,NA,NA,NA,NA,NA,NA,NA,NA,NA,"Bra023736",NA,NA,NA,NA,NA,NA
"38","Bra000662",NA,NA,NA,NA,NA,NA,"Bra016205",NA,NA,NA,NA,NA,NA,NA,NA,NA,NA,NA,NA,NA,NA,NA,NA,NA,NA,NA,NA,NA,NA,NA,NA,"Bra000621",NA,NA,NA,NA,NA,"Bra017469",NA,NA,NA,NA,NA,NA,NA,NA,NA,NA,NA,NA,NA,NA,NA,"Bra003159",NA,NA,"Bra039645",NA,"Bra024103",NA,NA,NA,NA,NA,NA,NA,NA,NA,NA,NA,NA,NA,NA,NA,"Bra038899",NA,NA,NA,NA,NA,NA,"Bra006555","Bra015298",NA,NA,NA,NA,NA,NA,"Bra007792",NA,"Bra032169",NA,NA,NA,NA,NA,NA,NA,NA,NA,NA,NA,NA,NA,NA,NA,NA,NA,NA,NA,NA,NA,NA,NA,NA,NA,NA,NA,NA,NA,NA,NA,NA,NA,NA,NA,NA,NA,NA,NA,NA,NA,NA,NA,NA,NA,NA,NA,NA,NA,NA,NA,"Bra000621",NA,NA,NA,NA,NA,NA
"39","Bra009649",NA,NA,NA,NA,NA,NA,"Bra027237",NA,NA,NA,NA,NA,NA,NA,NA,NA,NA,NA,NA,NA,NA,NA,NA,NA,NA,NA,NA,NA,NA,NA,NA,"Bra006654",NA,NA,NA,NA,NA,"Bra027252",NA,NA,NA,NA,NA,NA,NA,NA,NA,NA,NA,NA,NA,NA,NA,"Bra008602",NA,NA,"Bra009756",NA,"Bra005309",NA,NA,NA,NA,NA,NA,NA,NA,NA,NA,NA,NA,NA,NA,NA,"Bra001641,Bra001643",NA,NA,NA,NA,NA,NA,"Bra022600","Bra004247,Bra004248",NA,NA,NA,NA,NA,NA,"Bra031523",NA,"Bra015257,Bra015258",NA,NA,NA,NA,NA,NA,NA,NA,NA,NA,NA,NA,NA,NA,NA,NA,NA,NA,NA,NA,NA,NA,NA,NA,NA,NA,NA,NA,NA,NA,NA,NA,NA,NA,NA,NA,NA,NA,NA,NA,NA,NA,NA,NA,NA,NA,NA,NA,NA,NA,NA,"Bra006654",NA,NA,NA,NA,NA,NA
"40","Bra018039",NA,NA,NA,NA,NA,NA,"Bra001422",NA,NA,NA,NA,NA,NA,NA,NA,NA,NA,NA,NA,NA,NA,NA,NA,NA,NA,NA,NA,NA,NA,NA,NA,"Bra025469",NA,NA,NA,NA,NA,"Bra018155,Bra018156",NA,NA,NA,NA,NA,NA,NA,NA,NA,NA,NA,NA,NA,NA,NA,"Bra034580",NA,NA,"Bra038091,Bra038092",NA,"Bra015564",NA,NA,NA,NA,NA,NA,NA,NA,NA,NA,NA,NA,NA,NA,NA,"Bra027237",NA,NA,NA,NA,NA,NA,"Bra023619","Bra013087",NA,NA,NA,NA,NA,NA,"Bra003769,Bra003770",NA,"Bra038656",NA,NA,NA,NA,NA,NA,NA,NA,NA,NA,NA,NA,NA,NA,NA,NA,NA,NA,NA,NA,NA,NA,NA,NA,NA,NA,NA,NA,NA,NA,NA,NA,NA,NA,NA,NA,NA,NA,NA,NA,NA,NA,NA,NA,NA,NA,NA,NA,NA,NA,NA,"Bra025469",NA,NA,NA,NA,NA,NA
"41","Bra021314",NA,NA,NA,NA,NA,NA,"Bra038899",NA,NA,NA,NA,NA,NA,NA,NA,NA,NA,NA,NA,NA,NA,NA,NA,NA,NA,NA,NA,NA,NA,NA,NA,"Bra035161",NA,NA,NA,NA,NA,"Bra011736",NA,NA,NA,NA,NA,NA,NA,NA,NA,NA,NA,NA,NA,NA,NA,"Bra029190,Bra029191",NA,NA,"Bra007337",NA,"Bra011749",NA,NA,NA,NA,NA,NA,NA,NA,NA,NA,NA,NA,NA,NA,NA,"Bra016205",NA,NA,NA,NA,NA,NA,NA,"Bra014504",NA,NA,NA,NA,NA,NA,NA,NA,NA,NA,NA,NA,NA,NA,NA,NA,NA,NA,NA,NA,NA,NA,NA,NA,NA,NA,NA,NA,NA,NA,NA,NA,NA,NA,NA,NA,NA,NA,NA,NA,NA,NA,NA,NA,NA,NA,NA,NA,NA,NA,NA,NA,NA,NA,NA,NA,NA,NA,NA,NA,"Bra035161",NA,NA,NA,NA,NA,NA
"42","Bra007802",NA,NA,NA,NA,NA,NA,"Bra001641,Bra001643",NA,NA,NA,NA,NA,NA,NA,NA,NA,NA,NA,NA,NA,NA,NA,NA,NA,NA,NA,NA,NA,NA,NA,NA,"Bra009649",NA,NA,NA,NA,NA,"Bra008801",NA,NA,NA,NA,NA,NA,NA,NA,NA,NA,NA,NA,NA,NA,NA,NA,NA,NA,NA,NA,"Bra017712",NA,NA,NA,NA,NA,NA,NA,NA,NA,NA,NA,NA,NA,NA,NA,"Bra010416",NA,NA,NA,NA,NA,NA,NA,"Bra026097",NA,NA,NA,NA,NA,NA,NA,NA,NA,NA,NA,NA,NA,NA,NA,NA,NA,NA,NA,NA,NA,NA,NA,NA,NA,NA,NA,NA,NA,NA,NA,NA,NA,NA,NA,NA,NA,NA,NA,NA,NA,NA,NA,NA,NA,NA,NA,NA,NA,NA,NA,NA,NA,NA,NA,NA,NA,NA,NA,NA,"Bra009649",NA,NA,NA,NA,NA,NA
"43","Bra000054",NA,NA,NA,NA,NA,NA,"Bra009140",NA,NA,NA,NA,NA,NA,NA,NA,NA,NA,NA,NA,NA,NA,NA,NA,NA,NA,NA,NA,NA,NA,NA,NA,"Bra031115",NA,NA,NA,NA,NA,"Bra019893",NA,NA,NA,NA,NA,NA,NA,NA,NA,NA,NA,NA,NA,NA,NA,NA,NA,NA,NA,NA,"Bra009809",NA,NA,NA,NA,NA,NA,NA,NA,NA,NA,NA,NA,NA,NA,NA,"Bra036322",NA,NA,NA,NA,NA,NA,NA,"Bra036252",NA,NA,NA,NA,NA,NA,NA,NA,NA,NA,NA,NA,NA,NA,NA,NA,NA,NA,NA,NA,NA,NA,NA,NA,NA,NA,NA,NA,NA,NA,NA,NA,NA,NA,NA,NA,NA,NA,NA,NA,NA,NA,NA,NA,NA,NA,NA,NA,NA,NA,NA,NA,NA,NA,NA,NA,NA,NA,NA,NA,"Bra031115",NA,NA,NA,NA,NA,NA
"44","Bra034589",NA,NA,NA,NA,NA,NA,"Bra019686,Bra019688,Bra019689,Bra019690",NA,NA,NA,NA,NA,NA,NA,NA,NA,NA,NA,NA,NA,NA,NA,NA,NA,NA,NA,NA,NA,NA,NA,NA,"Bra018090,Bra018091",NA,NA,NA,NA,NA,"Bra034297",NA,NA,NA,NA,NA,NA,NA,NA,NA,NA,NA,NA,NA,NA,NA,NA,NA,NA,NA,NA,NA,NA,NA,NA,NA,NA,NA,NA,NA,NA,NA,NA,NA,NA,NA,NA,"Bra028520",NA,NA,NA,NA,NA,NA,NA,"Bra014853",NA,NA,NA,NA,NA,NA,NA,NA,NA,NA,NA,NA,NA,NA,NA,NA,NA,NA,NA,NA,NA,NA,NA,NA,NA,NA,NA,NA,NA,NA,NA,NA,NA,NA,NA,NA,NA,NA,NA,NA,NA,NA,NA,NA,NA,NA,NA,NA,NA,NA,NA,NA,NA,NA,NA,NA,NA,NA,NA,NA,"Bra018090,Bra018091",NA,NA,NA,NA,NA,NA
"45","Bra020188",NA,NA,NA,NA,NA,NA,"Bra000875,Bra000876",NA,NA,NA,NA,NA,NA,NA,NA,NA,NA,NA,NA,NA,NA,NA,NA,NA,NA,NA,NA,NA,NA,NA,NA,"Bra032166",NA,NA,NA,NA,NA,"Bra008663",NA,NA,NA,NA,NA,NA,NA,NA,NA,NA,NA,NA,NA,NA,NA,NA,NA,NA,NA,NA,NA,NA,NA,NA,NA,NA,NA,NA,NA,NA,NA,NA,NA,NA,NA,NA,"Bra029438",NA,NA,NA,NA,NA,NA,NA,"Bra017684",NA,NA,NA,NA,NA,NA,NA,NA,NA,NA,NA,NA,NA,NA,NA,NA,NA,NA,NA,NA,NA,NA,NA,NA,NA,NA,NA,NA,NA,NA,NA,NA,NA,NA,NA,NA,NA,NA,NA,NA,NA,NA,NA,NA,NA,NA,NA,NA,NA,NA,NA,NA,NA,NA,NA,NA,NA,NA,NA,NA,"Bra032166",NA,NA,NA,NA,NA,NA
"46","Bra039880",NA,NA,NA,NA,NA,NA,"Bra004101",NA,NA,NA,NA,NA,NA,NA,NA,NA,NA,NA,NA,NA,NA,NA,NA,NA,NA,NA,NA,NA,NA,NA,NA,NA,NA,NA,NA,NA,NA,"Bra029108",NA,NA,NA,NA,NA,NA,NA,NA,NA,NA,NA,NA,NA,NA,NA,NA,NA,NA,NA,NA,NA,NA,NA,NA,NA,NA,NA,NA,NA,NA,NA,NA,NA,NA,NA,NA,NA,NA,NA,NA,NA,NA,NA,NA,"Bra000328",NA,NA,NA,NA,NA,NA,NA,NA,NA,NA,NA,NA,NA,NA,NA,NA,NA,NA,NA,NA,NA,NA,NA,NA,NA,NA,NA,NA,NA,NA,NA,NA,NA,NA,NA,NA,NA,NA,NA,NA,NA,NA,NA,NA,NA,NA,NA,NA,NA,NA,NA,NA,NA,NA,NA,NA,NA,NA,NA,NA,NA,NA,NA,NA,NA,NA,NA
"47",NA,NA,NA,NA,NA,NA,NA,NA,NA,NA,NA,NA,NA,NA,NA,NA,NA,NA,NA,NA,NA,NA,NA,NA,NA,NA,NA,NA,NA,NA,NA,NA,NA,NA,NA,NA,NA,NA,"Bra028837",NA,NA,NA,NA,NA,NA,NA,NA,NA,NA,NA,NA,NA,NA,NA,NA,NA,NA,NA,NA,NA,NA,NA,NA,NA,NA,NA,NA,NA,NA,NA,NA,NA,NA,NA,NA,NA,NA,NA,NA,NA,NA,NA,NA,"Bra026366",NA,NA,NA,NA,NA,NA,NA,NA,NA,NA,NA,NA,NA,NA,NA,NA,NA,NA,NA,NA,NA,NA,NA,NA,NA,NA,NA,NA,NA,NA,NA,NA,NA,NA,NA,NA,NA,NA,NA,NA,NA,NA,NA,NA,NA,NA,NA,NA,NA,NA,NA,NA,NA,NA,NA,NA,NA,NA,NA,NA,NA,NA,NA,NA,NA,NA,NA
"48",NA,NA,NA,NA,NA,NA,NA,NA,NA,NA,NA,NA,NA,NA,NA,NA,NA,NA,NA,NA,NA,NA,NA,NA,NA,NA,NA,NA,NA,NA,NA,NA,NA,NA,NA,NA,NA,NA,NA,NA,NA,NA,NA,NA,NA,NA,NA,NA,NA,NA,NA,NA,NA,NA,NA,NA,NA,NA,NA,NA,NA,NA,NA,NA,NA,NA,NA,NA,NA,NA,NA,NA,NA,NA,NA,NA,NA,NA,NA,NA,NA,NA,NA,NA,NA,NA,NA,NA,NA,NA,NA,NA,NA,NA,NA,NA,NA,NA,NA,NA,NA,NA,NA,NA,NA,NA,NA,NA,NA,NA,NA,NA,NA,NA,NA,NA,NA,NA,NA,NA,NA,NA,NA,NA,NA,NA,NA,NA,NA,NA,NA,NA,NA,NA,NA,NA,NA,NA,NA,NA,NA,NA,NA,NA,NA,NA,NA,NA,NA,NA,NA
"49",NA,NA,NA,NA,NA,NA,NA,NA,NA,NA,NA,NA,NA,NA,NA,NA,NA,NA,NA,NA,NA,NA,NA,NA,NA,NA,NA,NA,NA,NA,NA,NA,NA,NA,NA,NA,NA,NA,NA,NA,NA,NA,NA,NA,NA,NA,NA,NA,NA,NA,NA,NA,NA,NA,NA,NA,NA,NA,NA,NA,NA,NA,NA,NA,NA,NA,NA,NA,NA,NA,NA,NA,NA,NA,NA,NA,NA,NA,NA,NA,NA,NA,NA,NA,NA,NA,NA,NA,NA,NA,NA,NA,NA,NA,NA,NA,NA,NA,NA,NA,NA,NA,NA,NA,NA,NA,NA,NA,NA,NA,NA,NA,NA,NA,NA,NA,NA,NA,NA,NA,NA,NA,NA,NA,NA,NA,NA,NA,NA,NA,NA,NA,NA,NA,NA,NA,NA,NA,NA,NA,NA,NA,NA,NA,NA,NA,NA,NA,NA,NA,NA
"50",NA,NA,NA,NA,NA,NA,NA,NA,NA,NA,NA,NA,NA,NA,NA,NA,NA,NA,NA,NA,NA,NA,NA,NA,NA,NA,NA,NA,NA,NA,NA,NA,NA,NA,NA,NA,NA,NA,NA,NA,NA,NA,NA,NA,NA,NA,NA,NA,NA,NA,NA,NA,NA,NA,NA,NA,NA,NA,NA,NA,NA,NA,NA,NA,NA,NA,NA,NA,NA,NA,NA,NA,NA,NA,NA,NA,NA,NA,NA,NA,NA,NA,NA,NA,NA,NA,NA,NA,NA,NA,NA,NA,NA,NA,NA,NA,NA,NA,NA,NA,NA,NA,NA,NA,NA,NA,NA,NA,NA,NA,NA,NA,NA,NA,NA,NA,NA,NA,NA,NA,NA,NA,NA,NA,NA,NA,NA,NA,NA,NA,NA,NA,NA,NA,NA,NA,NA,NA,NA,NA,NA,NA,NA,NA,NA,NA,NA,NA,NA,NA,NA
"51",NA,NA,NA,NA,NA,NA,NA,NA,NA,NA,NA,NA,NA,NA,NA,NA,NA,NA,NA,NA,NA,NA,NA,NA,NA,NA,NA,NA,NA,NA,NA,NA,NA,NA,NA,NA,NA,NA,NA,NA,NA,NA,NA,NA,NA,NA,NA,NA,NA,NA,NA,NA,NA,NA,NA,NA,NA,NA,NA,NA,NA,NA,NA,NA,NA,NA,NA,NA,NA,NA,NA,NA,NA,NA,NA,NA,NA,NA,NA,NA,NA,NA,NA,NA,NA,NA,NA,NA,NA,NA,NA,NA,NA,NA,NA,NA,NA,NA,NA,NA,NA,NA,NA,NA,NA,NA,NA,NA,NA,NA,NA,NA,NA,NA,NA,NA,NA,NA,NA,NA,NA,NA,NA,NA,NA,NA,NA,NA,NA,NA,NA,NA,NA,NA,NA,NA,NA,NA,NA,NA,NA,NA,NA,NA,NA,NA,NA,NA,NA,NA,NA
"52",NA,NA,NA,NA,NA,NA,NA,NA,NA,NA,NA,NA,NA,NA,NA,NA,NA,NA,NA,NA,NA,NA,NA,NA,NA,NA,NA,NA,NA,NA,NA,NA,NA,NA,NA,NA,NA,NA,NA,NA,NA,NA,NA,NA,NA,NA,NA,NA,NA,NA,NA,NA,NA,NA,NA,NA,NA,NA,NA,NA,NA,NA,NA,NA,NA,NA,NA,NA,NA,NA,NA,NA,NA,NA,NA,NA,NA,NA,NA,NA,NA,NA,NA,NA,NA,NA,NA,NA,NA,NA,NA,NA,NA,NA,NA,NA,NA,NA,NA,NA,NA,NA,NA,NA,NA,NA,NA,NA,NA,NA,NA,NA,NA,NA,NA,NA,NA,NA,NA,NA,NA,NA,NA,NA,NA,NA,NA,NA,NA,NA,NA,NA,NA,NA,NA,NA,NA,NA,NA,NA,NA,NA,NA,NA,NA,NA,NA,NA,NA,NA,NA
"53",NA,NA,NA,NA,NA,NA,NA,NA,NA,NA,NA,NA,NA,NA,NA,NA,NA,NA,NA,NA,NA,NA,NA,NA,NA,NA,NA,NA,NA,NA,NA,NA,NA,NA,NA,NA,NA,NA,NA,NA,NA,NA,NA,NA,NA,NA,NA,NA,NA,NA,NA,NA,NA,NA,NA,NA,NA,NA,NA,NA,NA,NA,NA,NA,NA,NA,NA,NA,NA,NA,NA,NA,NA,NA,NA,NA,NA,NA,NA,NA,NA,NA,NA,NA,NA,NA,NA,NA,NA,NA,NA,NA,NA,NA,NA,NA,NA,NA,NA,NA,NA,NA,NA,NA,NA,NA,NA,NA,NA,NA,NA,NA,NA,NA,NA,NA,NA,NA,NA,NA,NA,NA,NA,NA,NA,NA,NA,NA,NA,NA,NA,NA,NA,NA,NA,NA,NA,NA,NA,NA,NA,NA,NA,NA,NA,NA,NA,NA,NA,NA,NA
"54",NA,NA,NA,NA,NA,NA,NA,NA,NA,NA,NA,NA,NA,NA,NA,NA,NA,NA,NA,NA,NA,NA,NA,NA,NA,NA,NA,NA,NA,NA,NA,NA,NA,NA,NA,NA,NA,NA,NA,NA,NA,NA,NA,NA,NA,NA,NA,NA,NA,NA,NA,NA,NA,NA,NA,NA,NA,NA,NA,NA,NA,NA,NA,NA,NA,NA,NA,NA,NA,NA,NA,NA,NA,NA,NA,NA,NA,NA,NA,NA,NA,NA,NA,NA,NA,NA,NA,NA,NA,NA,NA,NA,NA,NA,NA,NA,NA,NA,NA,NA,NA,NA,NA,NA,NA,NA,NA,NA,NA,NA,NA,NA,NA,NA,NA,NA,NA,NA,NA,NA,NA,NA,NA,NA,NA,NA,NA,NA,NA,NA,NA,NA,NA,NA,NA,NA,NA,NA,NA,NA,NA,NA,NA,NA,NA,NA,NA,NA,NA,NA,NA
"55",NA,NA,NA,NA,NA,NA,NA,NA,NA,NA,NA,NA,NA,NA,NA,NA,NA,NA,NA,NA,NA,NA,NA,NA,NA,NA,NA,NA,NA,NA,NA,NA,NA,NA,NA,NA,NA,NA,NA,NA,NA,NA,NA,NA,NA,NA,NA,NA,NA,NA,NA,NA,NA,NA,NA,NA,NA,NA,NA,NA,NA,NA,NA,NA,NA,NA,NA,NA,NA,NA,NA,NA,NA,NA,NA,NA,NA,NA,NA,NA,NA,NA,NA,NA,NA,NA,NA,NA,NA,NA,NA,NA,NA,NA,NA,NA,NA,NA,NA,NA,NA,NA,NA,NA,NA,NA,NA,NA,NA,NA,NA,NA,NA,NA,NA,NA,NA,NA,NA,NA,NA,NA,NA,NA,NA,NA,NA,NA,NA,NA,NA,NA,NA,NA,NA,NA,NA,NA,NA,NA,NA,NA,NA,NA,NA,NA,NA,NA,NA,NA,NA
"56",NA,NA,NA,NA,NA,NA,NA,NA,NA,NA,NA,NA,NA,NA,NA,NA,NA,NA,NA,NA,NA,NA,NA,NA,NA,NA,NA,NA,NA,NA,NA,NA,NA,NA,NA,NA,NA,NA,NA,NA,NA,NA,NA,NA,NA,NA,NA,NA,NA,NA,NA,NA,NA,NA,NA,NA,NA,NA,NA,NA,NA,NA,NA,NA,NA,NA,NA,NA,NA,NA,NA,NA,NA,NA,NA,NA,NA,NA,NA,NA,NA,NA,NA,NA,NA,NA,NA,NA,NA,NA,NA,NA,NA,NA,NA,NA,NA,NA,NA,NA,NA,NA,NA,NA,NA,NA,NA,NA,NA,NA,NA,NA,NA,NA,NA,NA,NA,NA,NA,NA,NA,NA,NA,NA,NA,NA,NA,NA,NA,NA,NA,NA,NA,NA,NA,NA,NA,NA,NA,NA,NA,NA,NA,NA,NA,NA,NA,NA,NA,NA,NA
"57",NA,NA,NA,NA,NA,NA,NA,NA,NA,NA,NA,NA,NA,NA,NA,NA,NA,NA,NA,NA,NA,NA,NA,NA,NA,NA,NA,NA,NA,NA,NA,NA,NA,NA,NA,NA,NA,NA,NA,NA,NA,NA,NA,NA,NA,NA,NA,NA,NA,NA,NA,NA,NA,NA,NA,NA,NA,NA,NA,NA,NA,NA,NA,NA,NA,NA,NA,NA,NA,NA,NA,NA,NA,NA,NA,NA,NA,NA,NA,NA,NA,NA,NA,NA,NA,NA,NA,NA,NA,NA,NA,NA,NA,NA,NA,NA,NA,NA,NA,NA,NA,NA,NA,NA,NA,NA,NA,NA,NA,NA,NA,NA,NA,NA,NA,NA,NA,NA,NA,NA,NA,NA,NA,NA,NA,NA,NA,NA,NA,NA,NA,NA,NA,NA,NA,NA,NA,NA,NA,NA,NA,NA,NA,NA,NA,NA,NA,NA,NA,NA,NA
"58",NA,NA,NA,NA,NA,NA,NA,NA,NA,NA,NA,NA,NA,NA,NA,NA,NA,NA,NA,NA,NA,NA,NA,NA,NA,NA,NA,NA,NA,NA,NA,NA,NA,NA,NA,NA,NA,NA,NA,NA,NA,NA,NA,NA,NA,NA,NA,NA,NA,NA,NA,NA,NA,NA,NA,NA,NA,NA,NA,NA,NA,NA,NA,NA,NA,NA,NA,NA,NA,NA,NA,NA,NA,NA,NA,NA,NA,NA,NA,NA,NA,NA,NA,NA,NA,NA,NA,NA,NA,NA,NA,NA,NA,NA,NA,NA,NA,NA,NA,NA,NA,NA,NA,NA,NA,NA,NA,NA,NA,NA,NA,NA,NA,NA,NA,NA,NA,NA,NA,NA,NA,NA,NA,NA,NA,NA,NA,NA,NA,NA,NA,NA,NA,NA,NA,NA,NA,NA,NA,NA,NA,NA,NA,NA,NA,NA,NA,NA,NA,NA,NA
"59",NA,NA,NA,NA,NA,NA,NA,NA,NA,NA,NA,NA,NA,NA,NA,NA,NA,NA,NA,NA,NA,NA,NA,NA,NA,NA,NA,NA,NA,NA,NA,NA,NA,NA,NA,NA,NA,NA,NA,NA,NA,NA,NA,NA,NA,NA,NA,NA,NA,NA,NA,NA,NA,NA,NA,NA,NA,NA,NA,NA,NA,NA,NA,NA,NA,NA,NA,NA,NA,NA,NA,NA,NA,NA,NA,NA,NA,NA,NA,NA,NA,NA,NA,NA,NA,NA,NA,NA,NA,NA,NA,NA,NA,NA,NA,NA,NA,NA,NA,NA,NA,NA,NA,NA,NA,NA,NA,NA,NA,NA,NA,NA,NA,NA,NA,NA,NA,NA,NA,NA,NA,NA,NA,NA,NA,NA,NA,NA,NA,NA,NA,NA,NA,NA,NA,NA,NA,NA,NA,NA,NA,NA,NA,NA,NA,NA,NA,NA,NA,NA,NA
"60",NA,NA,NA,NA,NA,NA,NA,NA,NA,NA,NA,NA,NA,NA,NA,NA,NA,NA,NA,NA,NA,NA,NA,NA,NA,NA,NA,NA,NA,NA,NA,NA,NA,NA,NA,NA,NA,NA,NA,NA,NA,NA,NA,NA,NA,NA,NA,NA,NA,NA,NA,NA,NA,NA,NA,NA,NA,NA,NA,NA,NA,NA,NA,NA,NA,NA,NA,NA,NA,NA,NA,NA,NA,NA,NA,NA,NA,NA,NA,NA,NA,NA,NA,NA,NA,NA,NA,NA,NA,NA,NA,NA,NA,NA,NA,NA,NA,NA,NA,NA,NA,NA,NA,NA,NA,NA,NA,NA,NA,NA,NA,NA,NA,NA,NA,NA,NA,NA,NA,NA,NA,NA,NA,NA,NA,NA,NA,NA,NA,NA,NA,NA,NA,NA,NA,NA,NA,NA,NA,NA,NA,NA,NA,NA,NA,NA,NA,NA,NA,NA,NA
"61",NA,NA,NA,NA,NA,NA,NA,NA,NA,NA,NA,NA,NA,NA,NA,NA,NA,NA,NA,NA,NA,NA,NA,NA,NA,NA,NA,NA,NA,NA,NA,NA,NA,NA,NA,NA,NA,NA,NA,NA,NA,NA,NA,NA,NA,NA,NA,NA,NA,NA,NA,NA,NA,NA,NA,NA,NA,NA,NA,NA,NA,NA,NA,NA,NA,NA,NA,NA,NA,NA,NA,NA,NA,NA,NA,NA,NA,NA,NA,NA,NA,NA,NA,NA,NA,NA,NA,NA,NA,NA,NA,NA,NA,NA,NA,NA,NA,NA,NA,NA,NA,NA,NA,NA,NA,NA,NA,NA,NA,NA,NA,NA,NA,NA,NA,NA,NA,NA,NA,NA,NA,NA,NA,NA,NA,NA,NA,NA,NA,NA,NA,NA,NA,NA,NA,NA,NA,NA,NA,NA,NA,NA,NA,NA,NA,NA,NA,NA,NA,NA,NA
"62",NA,NA,NA,NA,NA,NA,NA,NA,NA,NA,NA,NA,NA,NA,NA,NA,NA,NA,NA,NA,NA,NA,NA,NA,NA,NA,NA,NA,NA,NA,NA,NA,NA,NA,NA,NA,NA,NA,NA,NA,NA,NA,NA,NA,NA,NA,NA,NA,NA,NA,NA,NA,NA,NA,NA,NA,NA,NA,NA,NA,NA,NA,NA,NA,NA,NA,NA,NA,NA,NA,NA,NA,NA,NA,NA,NA,NA,NA,NA,NA,NA,NA,NA,NA,NA,NA,NA,NA,NA,NA,NA,NA,NA,NA,NA,NA,NA,NA,NA,NA,NA,NA,NA,NA,NA,NA,NA,NA,NA,NA,NA,NA,NA,NA,NA,NA,NA,NA,NA,NA,NA,NA,NA,NA,NA,NA,NA,NA,NA,NA,NA,NA,NA,NA,NA,NA,NA,NA,NA,NA,NA,NA,NA,NA,NA,NA,NA,NA,NA,NA,NA
"63",NA,NA,NA,NA,NA,NA,NA,NA,NA,NA,NA,NA,NA,NA,NA,NA,NA,NA,NA,NA,NA,NA,NA,NA,NA,NA,NA,NA,NA,NA,NA,NA,NA,NA,NA,NA,NA,NA,NA,NA,NA,NA,NA,NA,NA,NA,NA,NA,NA,NA,NA,NA,NA,NA,NA,NA,NA,NA,NA,NA,NA,NA,NA,NA,NA,NA,NA,NA,NA,NA,NA,NA,NA,NA,NA,NA,NA,NA,NA,NA,NA,NA,NA,NA,NA,NA,NA,NA,NA,NA,NA,NA,NA,NA,NA,NA,NA,NA,NA,NA,NA,NA,NA,NA,NA,NA,NA,NA,NA,NA,NA,NA,NA,NA,NA,NA,NA,NA,NA,NA,NA,NA,NA,NA,NA,NA,NA,NA,NA,NA,NA,NA,NA,NA,NA,NA,NA,NA,NA,NA,NA,NA,NA,NA,NA,NA,NA,NA,NA,NA,NA
"64",NA,NA,NA,NA,NA,NA,NA,NA,NA,NA,NA,NA,NA,NA,NA,NA,NA,NA,NA,NA,NA,NA,NA,NA,NA,NA,NA,NA,NA,NA,NA,NA,NA,NA,NA,NA,NA,NA,NA,NA,NA,NA,NA,NA,NA,NA,NA,NA,NA,NA,NA,NA,NA,NA,NA,NA,NA,NA,NA,NA,NA,NA,NA,NA,NA,NA,NA,NA,NA,NA,NA,NA,NA,NA,NA,NA,NA,NA,NA,NA,NA,NA,NA,NA,NA,NA,NA,NA,NA,NA,NA,NA,NA,NA,NA,NA,NA,NA,NA,NA,NA,NA,NA,NA,NA,NA,NA,NA,NA,NA,NA,NA,NA,NA,NA,NA,NA,NA,NA,NA,NA,NA,NA,NA,NA,NA,NA,NA,NA,NA,NA,NA,NA,NA,NA,NA,NA,NA,NA,NA,NA,NA,NA,NA,NA,NA,NA,NA,NA,NA,NA
"65",NA,NA,NA,NA,NA,NA,NA,NA,NA,NA,NA,NA,NA,NA,NA,NA,NA,NA,NA,NA,NA,NA,NA,NA,NA,NA,NA,NA,NA,NA,NA,NA,NA,NA,NA,NA,NA,NA,NA,NA,NA,NA,NA,NA,NA,NA,NA,NA,NA,NA,NA,NA,NA,NA,NA,NA,NA,NA,NA,NA,NA,NA,NA,NA,NA,NA,NA,NA,NA,NA,NA,NA,NA,NA,NA,NA,NA,NA,NA,NA,NA,NA,NA,NA,NA,NA,NA,NA,NA,NA,NA,NA,NA,NA,NA,NA,NA,NA,NA,NA,NA,NA,NA,NA,NA,NA,NA,NA,NA,NA,NA,NA,NA,NA,NA,NA,NA,NA,NA,NA,NA,NA,NA,NA,NA,NA,NA,NA,NA,NA,NA,NA,NA,NA,NA,NA,NA,NA,NA,NA,NA,NA,NA,NA,NA,NA,NA,NA,NA,NA,NA
"66",NA,NA,NA,NA,NA,NA,NA,NA,NA,NA,NA,NA,NA,NA,NA,NA,NA,NA,NA,NA,NA,NA,NA,NA,NA,NA,NA,NA,NA,NA,NA,NA,NA,NA,NA,NA,NA,NA,NA,NA,NA,NA,NA,NA,NA,NA,NA,NA,NA,NA,NA,NA,NA,NA,NA,NA,NA,NA,NA,NA,NA,NA,NA,NA,NA,NA,NA,NA,NA,NA,NA,NA,NA,NA,NA,NA,NA,NA,NA,NA,NA,NA,NA,NA,NA,NA,NA,NA,NA,NA,NA,NA,NA,NA,NA,NA,NA,NA,NA,NA,NA,NA,NA,NA,NA,NA,NA,NA,NA,NA,NA,NA,NA,NA,NA,NA,NA,NA,NA,NA,NA,NA,NA,NA,NA,NA,NA,NA,NA,NA,NA,NA,NA,NA,NA,NA,NA,NA,NA,NA,NA,NA,NA,NA,NA,NA,NA,NA,NA,NA,NA
"67",NA,NA,NA,NA,NA,NA,NA,NA,NA,NA,NA,NA,NA,NA,NA,NA,NA,NA,NA,NA,NA,NA,NA,NA,NA,NA,NA,NA,NA,NA,NA,NA,NA,NA,NA,NA,NA,NA,NA,NA,NA,NA,NA,NA,NA,NA,NA,NA,NA,NA,NA,NA,NA,NA,NA,NA,NA,NA,NA,NA,NA,NA,NA,NA,NA,NA,NA,NA,NA,NA,NA,NA,NA,NA,NA,NA,NA,NA,NA,NA,NA,NA,NA,NA,NA,NA,NA,NA,NA,NA,NA,NA,NA,NA,NA,NA,NA,NA,NA,NA,NA,NA,NA,NA,NA,NA,NA,NA,NA,NA,NA,NA,NA,NA,NA,NA,NA,NA,NA,NA,NA,NA,NA,NA,NA,NA,NA,NA,NA,NA,NA,NA,NA,NA,NA,NA,NA,NA,NA,NA,NA,NA,NA,NA,NA,NA,NA,NA,NA,NA,NA
"68",NA,NA,NA,NA,NA,NA,NA,NA,NA,NA,NA,NA,NA,NA,NA,NA,NA,NA,NA,NA,NA,NA,NA,NA,NA,NA,NA,NA,NA,NA,NA,NA,NA,NA,NA,NA,NA,NA,NA,NA,NA,NA,NA,NA,NA,NA,NA,NA,NA,NA,NA,NA,NA,NA,NA,NA,NA,NA,NA,NA,NA,NA,NA,NA,NA,NA,NA,NA,NA,NA,NA,NA,NA,NA,NA,NA,NA,NA,NA,NA,NA,NA,NA,NA,NA,NA,NA,NA,NA,NA,NA,NA,NA,NA,NA,NA,NA,NA,NA,NA,NA,NA,NA,NA,NA,NA,NA,NA,NA,NA,NA,NA,NA,NA,NA,NA,NA,NA,NA,NA,NA,NA,NA,NA,NA,NA,NA,NA,NA,NA,NA,NA,NA,NA,NA,NA,NA,NA,NA,NA,NA,NA,NA,NA,NA,NA,NA,NA,NA,NA,NA
"69",NA,NA,NA,NA,NA,NA,NA,NA,NA,NA,NA,NA,NA,NA,NA,NA,NA,NA,NA,NA,NA,NA,NA,NA,NA,NA,NA,NA,NA,NA,NA,NA,NA,NA,NA,NA,NA,NA,NA,NA,NA,NA,NA,NA,NA,NA,NA,NA,NA,NA,NA,NA,NA,NA,NA,NA,NA,NA,NA,NA,NA,NA,NA,NA,NA,NA,NA,NA,NA,NA,NA,NA,NA,NA,NA,NA,NA,NA,NA,NA,NA,NA,NA,NA,NA,NA,NA,NA,NA,NA,NA,NA,NA,NA,NA,NA,NA,NA,NA,NA,NA,NA,NA,NA,NA,NA,NA,NA,NA,NA,NA,NA,NA,NA,NA,NA,NA,NA,NA,NA,NA,NA,NA,NA,NA,NA,NA,NA,NA,NA,NA,NA,NA,NA,NA,NA,NA,NA,NA,NA,NA,NA,NA,NA,NA,NA,NA,NA,NA,NA,NA
"70",NA,NA,NA,NA,NA,NA,NA,NA,NA,NA,NA,NA,NA,NA,NA,NA,NA,NA,NA,NA,NA,NA,NA,NA,NA,NA,NA,NA,NA,NA,NA,NA,NA,NA,NA,NA,NA,NA,NA,NA,NA,NA,NA,NA,NA,NA,NA,NA,NA,NA,NA,NA,NA,NA,NA,NA,NA,NA,NA,NA,NA,NA,NA,NA,NA,NA,NA,NA,NA,NA,NA,NA,NA,NA,NA,NA,NA,NA,NA,NA,NA,NA,NA,NA,NA,NA,NA,NA,NA,NA,NA,NA,NA,NA,NA,NA,NA,NA,NA,NA,NA,NA,NA,NA,NA,NA,NA,NA,NA,NA,NA,NA,NA,NA,NA,NA,NA,NA,NA,NA,NA,NA,NA,NA,NA,NA,NA,NA,NA,NA,NA,NA,NA,NA,NA,NA,NA,NA,NA,NA,NA,NA,NA,NA,NA,NA,NA,NA,NA,NA,NA
"71",NA,NA,NA,NA,NA,NA,NA,NA,NA,NA,NA,NA,NA,NA,NA,NA,NA,NA,NA,NA,NA,NA,NA,NA,NA,NA,NA,NA,NA,NA,NA,NA,NA,NA,NA,NA,NA,NA,NA,NA,NA,NA,NA,NA,NA,NA,NA,NA,NA,NA,NA,NA,NA,NA,NA,NA,NA,NA,NA,NA,NA,NA,NA,NA,NA,NA,NA,NA,NA,NA,NA,NA,NA,NA,NA,NA,NA,NA,NA,NA,NA,NA,NA,NA,NA,NA,NA,NA,NA,NA,NA,NA,NA,NA,NA,NA,NA,NA,NA,NA,NA,NA,NA,NA,NA,NA,NA,NA,NA,NA,NA,NA,NA,NA,NA,NA,NA,NA,NA,NA,NA,NA,NA,NA,NA,NA,NA,NA,NA,NA,NA,NA,NA,NA,NA,NA,NA,NA,NA,NA,NA,NA,NA,NA,NA,NA,NA,NA,NA,NA,NA
"72",NA,NA,NA,NA,NA,NA,NA,NA,NA,NA,NA,NA,NA,NA,NA,NA,NA,NA,NA,NA,NA,NA,NA,NA,NA,NA,NA,NA,NA,NA,NA,NA,NA,NA,NA,NA,NA,NA,NA,NA,NA,NA,NA,NA,NA,NA,NA,NA,NA,NA,NA,NA,NA,NA,NA,NA,NA,NA,NA,NA,NA,NA,NA,NA,NA,NA,NA,NA,NA,NA,NA,NA,NA,NA,NA,NA,NA,NA,NA,NA,NA,NA,NA,NA,NA,NA,NA,NA,NA,NA,NA,NA,NA,NA,NA,NA,NA,NA,NA,NA,NA,NA,NA,NA,NA,NA,NA,NA,NA,NA,NA,NA,NA,NA,NA,NA,NA,NA,NA,NA,NA,NA,NA,NA,NA,NA,NA,NA,NA,NA,NA,NA,NA,NA,NA,NA,NA,NA,NA,NA,NA,NA,NA,NA,NA,NA,NA,NA,NA,NA,NA
"73",NA,NA,NA,NA,NA,NA,NA,NA,NA,NA,NA,NA,NA,NA,NA,NA,NA,NA,NA,NA,NA,NA,NA,NA,NA,NA,NA,NA,NA,NA,NA,NA,NA,NA,NA,NA,NA,NA,NA,NA,NA,NA,NA,NA,NA,NA,NA,NA,NA,NA,NA,NA,NA,NA,NA,NA,NA,NA,NA,NA,NA,NA,NA,NA,NA,NA,NA,NA,NA,NA,NA,NA,NA,NA,NA,NA,NA,NA,NA,NA,NA,NA,NA,NA,NA,NA,NA,NA,NA,NA,NA,NA,NA,NA,NA,NA,NA,NA,NA,NA,NA,NA,NA,NA,NA,NA,NA,NA,NA,NA,NA,NA,NA,NA,NA,NA,NA,NA,NA,NA,NA,NA,NA,NA,NA,NA,NA,NA,NA,NA,NA,NA,NA,NA,NA,NA,NA,NA,NA,NA,NA,NA,NA,NA,NA,NA,NA,NA,NA,NA,NA
"74",NA,NA,NA,NA,NA,NA,NA,NA,NA,NA,NA,NA,NA,NA,NA,NA,NA,NA,NA,NA,NA,NA,NA,NA,NA,NA,NA,NA,NA,NA,NA,NA,NA,NA,NA,NA,NA,NA,NA,NA,NA,NA,NA,NA,NA,NA,NA,NA,NA,NA,NA,NA,NA,NA,NA,NA,NA,NA,NA,NA,NA,NA,NA,NA,NA,NA,NA,NA,NA,NA,NA,NA,NA,NA,NA,NA,NA,NA,NA,NA,NA,NA,NA,NA,NA,NA,NA,NA,NA,NA,NA,NA,NA,NA,NA,NA,NA,NA,NA,NA,NA,NA,NA,NA,NA,NA,NA,NA,NA,NA,NA,NA,NA,NA,NA,NA,NA,NA,NA,NA,NA,NA,NA,NA,NA,NA,NA,NA,NA,NA,NA,NA,NA,NA,NA,NA,NA,NA,NA,NA,NA,NA,NA,NA,NA,NA,NA,NA,NA,NA,NA
"75",NA,NA,NA,NA,NA,NA,NA,NA,NA,NA,NA,NA,NA,NA,NA,NA,NA,NA,NA,NA,NA,NA,NA,NA,NA,NA,NA,NA,NA,NA,NA,NA,NA,NA,NA,NA,NA,NA,NA,NA,NA,NA,NA,NA,NA,NA,NA,NA,NA,NA,NA,NA,NA,NA,NA,NA,NA,NA,NA,NA,NA,NA,NA,NA,NA,NA,NA,NA,NA,NA,NA,NA,NA,NA,NA,NA,NA,NA,NA,NA,NA,NA,NA,NA,NA,NA,NA,NA,NA,NA,NA,NA,NA,NA,NA,NA,NA,NA,NA,NA,NA,NA,NA,NA,NA,NA,NA,NA,NA,NA,NA,NA,NA,NA,NA,NA,NA,NA,NA,NA,NA,NA,NA,NA,NA,NA,NA,NA,NA,NA,NA,NA,NA,NA,NA,NA,NA,NA,NA,NA,NA,NA,NA,NA,NA,NA,NA,NA,NA,NA,NA
"76",NA,NA,NA,NA,NA,NA,NA,NA,NA,NA,NA,NA,NA,NA,NA,NA,NA,NA,NA,NA,NA,NA,NA,NA,NA,NA,NA,NA,NA,NA,NA,NA,NA,NA,NA,NA,NA,NA,NA,NA,NA,NA,NA,NA,NA,NA,NA,NA,NA,NA,NA,NA,NA,NA,NA,NA,NA,NA,NA,NA,NA,NA,NA,NA,NA,NA,NA,NA,NA,NA,NA,NA,NA,NA,NA,NA,NA,NA,NA,NA,NA,NA,NA,NA,NA,NA,NA,NA,NA,NA,NA,NA,NA,NA,NA,NA,NA,NA,NA,NA,NA,NA,NA,NA,NA,NA,NA,NA,NA,NA,NA,NA,NA,NA,NA,NA,NA,NA,NA,NA,NA,NA,NA,NA,NA,NA,NA,NA,NA,NA,NA,NA,NA,NA,NA,NA,NA,NA,NA,NA,NA,NA,NA,NA,NA,NA,NA,NA,NA,NA,NA
"77",NA,NA,NA,NA,NA,NA,NA,NA,NA,NA,NA,NA,NA,NA,NA,NA,NA,NA,NA,NA,NA,NA,NA,NA,NA,NA,NA,NA,NA,NA,NA,NA,NA,NA,NA,NA,NA,NA,NA,NA,NA,NA,NA,NA,NA,NA,NA,NA,NA,NA,NA,NA,NA,NA,NA,NA,NA,NA,NA,NA,NA,NA,NA,NA,NA,NA,NA,NA,NA,NA,NA,NA,NA,NA,NA,NA,NA,NA,NA,NA,NA,NA,NA,NA,NA,NA,NA,NA,NA,NA,NA,NA,NA,NA,NA,NA,NA,NA,NA,NA,NA,NA,NA,NA,NA,NA,NA,NA,NA,NA,NA,NA,NA,NA,NA,NA,NA,NA,NA,NA,NA,NA,NA,NA,NA,NA,NA,NA,NA,NA,NA,NA,NA,NA,NA,NA,NA,NA,NA,NA,NA,NA,NA,NA,NA,NA,NA,NA,NA,NA,NA
"78",NA,NA,NA,NA,NA,NA,NA,NA,NA,NA,NA,NA,NA,NA,NA,NA,NA,NA,NA,NA,NA,NA,NA,NA,NA,NA,NA,NA,NA,NA,NA,NA,NA,NA,NA,NA,NA,NA,NA,NA,NA,NA,NA,NA,NA,NA,NA,NA,NA,NA,NA,NA,NA,NA,NA,NA,NA,NA,NA,NA,NA,NA,NA,NA,NA,NA,NA,NA,NA,NA,NA,NA,NA,NA,NA,NA,NA,NA,NA,NA,NA,NA,NA,NA,NA,NA,NA,NA,NA,NA,NA,NA,NA,NA,NA,NA,NA,NA,NA,NA,NA,NA,NA,NA,NA,NA,NA,NA,NA,NA,NA,NA,NA,NA,NA,NA,NA,NA,NA,NA,NA,NA,NA,NA,NA,NA,NA,NA,NA,NA,NA,NA,NA,NA,NA,NA,NA,NA,NA,NA,NA,NA,NA,NA,NA,NA,NA,NA,NA,NA,NA
"79",NA,NA,NA,NA,NA,NA,NA,NA,NA,NA,NA,NA,NA,NA,NA,NA,NA,NA,NA,NA,NA,NA,NA,NA,NA,NA,NA,NA,NA,NA,NA,NA,NA,NA,NA,NA,NA,NA,NA,NA,NA,NA,NA,NA,NA,NA,NA,NA,NA,NA,NA,NA,NA,NA,NA,NA,NA,NA,NA,NA,NA,NA,NA,NA,NA,NA,NA,NA,NA,NA,NA,NA,NA,NA,NA,NA,NA,NA,NA,NA,NA,NA,NA,NA,NA,NA,NA,NA,NA,NA,NA,NA,NA,NA,NA,NA,NA,NA,NA,NA,NA,NA,NA,NA,NA,NA,NA,NA,NA,NA,NA,NA,NA,NA,NA,NA,NA,NA,NA,NA,NA,NA,NA,NA,NA,NA,NA,NA,NA,NA,NA,NA,NA,NA,NA,NA,NA,NA,NA,NA,NA,NA,NA,NA,NA,NA,NA,NA,NA,NA,NA
"80",NA,NA,NA,NA,NA,NA,NA,NA,NA,NA,NA,NA,NA,NA,NA,NA,NA,NA,NA,NA,NA,NA,NA,NA,NA,NA,NA,NA,NA,NA,NA,NA,NA,NA,NA,NA,NA,NA,NA,NA,NA,NA,NA,NA,NA,NA,NA,NA,NA,NA,NA,NA,NA,NA,NA,NA,NA,NA,NA,NA,NA,NA,NA,NA,NA,NA,NA,NA,NA,NA,NA,NA,NA,NA,NA,NA,NA,NA,NA,NA,NA,NA,NA,NA,NA,NA,NA,NA,NA,NA,NA,NA,NA,NA,NA,NA,NA,NA,NA,NA,NA,NA,NA,NA,NA,NA,NA,NA,NA,NA,NA,NA,NA,NA,NA,NA,NA,NA,NA,NA,NA,NA,NA,NA,NA,NA,NA,NA,NA,NA,NA,NA,NA,NA,NA,NA,NA,NA,NA,NA,NA,NA,NA,NA,NA,NA,NA,NA,NA,NA,NA
"81",NA,NA,NA,NA,NA,NA,NA,NA,NA,NA,NA,NA,NA,NA,NA,NA,NA,NA,NA,NA,NA,NA,NA,NA,NA,NA,NA,NA,NA,NA,NA,NA,NA,NA,NA,NA,NA,NA,NA,NA,NA,NA,NA,NA,NA,NA,NA,NA,NA,NA,NA,NA,NA,NA,NA,NA,NA,NA,NA,NA,NA,NA,NA,NA,NA,NA,NA,NA,NA,NA,NA,NA,NA,NA,NA,NA,NA,NA,NA,NA,NA,NA,NA,NA,NA,NA,NA,NA,NA,NA,NA,NA,NA,NA,NA,NA,NA,NA,NA,NA,NA,NA,NA,NA,NA,NA,NA,NA,NA,NA,NA,NA,NA,NA,NA,NA,NA,NA,NA,NA,NA,NA,NA,NA,NA,NA,NA,NA,NA,NA,NA,NA,NA,NA,NA,NA,NA,NA,NA,NA,NA,NA,NA,NA,NA,NA,NA,NA,NA,NA,NA
"82",NA,NA,NA,NA,NA,NA,NA,NA,NA,NA,NA,NA,NA,NA,NA,NA,NA,NA,NA,NA,NA,NA,NA,NA,NA,NA,NA,NA,NA,NA,NA,NA,NA,NA,NA,NA,NA,NA,NA,NA,NA,NA,NA,NA,NA,NA,NA,NA,NA,NA,NA,NA,NA,NA,NA,NA,NA,NA,NA,NA,NA,NA,NA,NA,NA,NA,NA,NA,NA,NA,NA,NA,NA,NA,NA,NA,NA,NA,NA,NA,NA,NA,NA,NA,NA,NA,NA,NA,NA,NA,NA,NA,NA,NA,NA,NA,NA,NA,NA,NA,NA,NA,NA,NA,NA,NA,NA,NA,NA,NA,NA,NA,NA,NA,NA,NA,NA,NA,NA,NA,NA,NA,NA,NA,NA,NA,NA,NA,NA,NA,NA,NA,NA,NA,NA,NA,NA,NA,NA,NA,NA,NA,NA,NA,NA,NA,NA,NA,NA,NA,NA
"83",NA,NA,NA,NA,NA,NA,NA,NA,NA,NA,NA,NA,NA,NA,NA,NA,NA,NA,NA,NA,NA,NA,NA,NA,NA,NA,NA,NA,NA,NA,NA,NA,NA,NA,NA,NA,NA,NA,NA,NA,NA,NA,NA,NA,NA,NA,NA,NA,NA,NA,NA,NA,NA,NA,NA,NA,NA,NA,NA,NA,NA,NA,NA,NA,NA,NA,NA,NA,NA,NA,NA,NA,NA,NA,NA,NA,NA,NA,NA,NA,NA,NA,NA,NA,NA,NA,NA,NA,NA,NA,NA,NA,NA,NA,NA,NA,NA,NA,NA,NA,NA,NA,NA,NA,NA,NA,NA,NA,NA,NA,NA,NA,NA,NA,NA,NA,NA,NA,NA,NA,NA,NA,NA,NA,NA,NA,NA,NA,NA,NA,NA,NA,NA,NA,NA,NA,NA,NA,NA,NA,NA,NA,NA,NA,NA,NA,NA,NA,NA,NA,NA
"84",NA,NA,NA,NA,NA,NA,NA,NA,NA,NA,NA,NA,NA,NA,NA,NA,NA,NA,NA,NA,NA,NA,NA,NA,NA,NA,NA,NA,NA,NA,NA,NA,NA,NA,NA,NA,NA,NA,NA,NA,NA,NA,NA,NA,NA,NA,NA,NA,NA,NA,NA,NA,NA,NA,NA,NA,NA,NA,NA,NA,NA,NA,NA,NA,NA,NA,NA,NA,NA,NA,NA,NA,NA,NA,NA,NA,NA,NA,NA,NA,NA,NA,NA,NA,NA,NA,NA,NA,NA,NA,NA,NA,NA,NA,NA,NA,NA,NA,NA,NA,NA,NA,NA,NA,NA,NA,NA,NA,NA,NA,NA,NA,NA,NA,NA,NA,NA,NA,NA,NA,NA,NA,NA,NA,NA,NA,NA,NA,NA,NA,NA,NA,NA,NA,NA,NA,NA,NA,NA,NA,NA,NA,NA,NA,NA,NA,NA,NA,NA,NA,NA
"85",NA,NA,NA,NA,NA,NA,NA,NA,NA,NA,NA,NA,NA,NA,NA,NA,NA,NA,NA,NA,NA,NA,NA,NA,NA,NA,NA,NA,NA,NA,NA,NA,NA,NA,NA,NA,NA,NA,NA,NA,NA,NA,NA,NA,NA,NA,NA,NA,NA,NA,NA,NA,NA,NA,NA,NA,NA,NA,NA,NA,NA,NA,NA,NA,NA,NA,NA,NA,NA,NA,NA,NA,NA,NA,NA,NA,NA,NA,NA,NA,NA,NA,NA,NA,NA,NA,NA,NA,NA,NA,NA,NA,NA,NA,NA,NA,NA,NA,NA,NA,NA,NA,NA,NA,NA,NA,NA,NA,NA,NA,NA,NA,NA,NA,NA,NA,NA,NA,NA,NA,NA,NA,NA,NA,NA,NA,NA,NA,NA,NA,NA,NA,NA,NA,NA,NA,NA,NA,NA,NA,NA,NA,NA,NA,NA,NA,NA,NA,NA,NA,NA
"86",NA,NA,NA,NA,NA,NA,NA,NA,NA,NA,NA,NA,NA,NA,NA,NA,NA,NA,NA,NA,NA,NA,NA,NA,NA,NA,NA,NA,NA,NA,NA,NA,NA,NA,NA,NA,NA,NA,NA,NA,NA,NA,NA,NA,NA,NA,NA,NA,NA,NA,NA,NA,NA,NA,NA,NA,NA,NA,NA,NA,NA,NA,NA,NA,NA,NA,NA,NA,NA,NA,NA,NA,NA,NA,NA,NA,NA,NA,NA,NA,NA,NA,NA,NA,NA,NA,NA,NA,NA,NA,NA,NA,NA,NA,NA,NA,NA,NA,NA,NA,NA,NA,NA,NA,NA,NA,NA,NA,NA,NA,NA,NA,NA,NA,NA,NA,NA,NA,NA,NA,NA,NA,NA,NA,NA,NA,NA,NA,NA,NA,NA,NA,NA,NA,NA,NA,NA,NA,NA,NA,NA,NA,NA,NA,NA,NA,NA,NA,NA,NA,NA
"87",NA,NA,NA,NA,NA,NA,NA,NA,NA,NA,NA,NA,NA,NA,NA,NA,NA,NA,NA,NA,NA,NA,NA,NA,NA,NA,NA,NA,NA,NA,NA,NA,NA,NA,NA,NA,NA,NA,NA,NA,NA,NA,NA,NA,NA,NA,NA,NA,NA,NA,NA,NA,NA,NA,NA,NA,NA,NA,NA,NA,NA,NA,NA,NA,NA,NA,NA,NA,NA,NA,NA,NA,NA,NA,NA,NA,NA,NA,NA,NA,NA,NA,NA,NA,NA,NA,NA,NA,NA,NA,NA,NA,NA,NA,NA,NA,NA,NA,NA,NA,NA,NA,NA,NA,NA,NA,NA,NA,NA,NA,NA,NA,NA,NA,NA,NA,NA,NA,NA,NA,NA,NA,NA,NA,NA,NA,NA,NA,NA,NA,NA,NA,NA,NA,NA,NA,NA,NA,NA,NA,NA,NA,NA,NA,NA,NA,NA,NA,NA,NA,NA
"88",NA,NA,NA,NA,NA,NA,NA,NA,NA,NA,NA,NA,NA,NA,NA,NA,NA,NA,NA,NA,NA,NA,NA,NA,NA,NA,NA,NA,NA,NA,NA,NA,NA,NA,NA,NA,NA,NA,NA,NA,NA,NA,NA,NA,NA,NA,NA,NA,NA,NA,NA,NA,NA,NA,NA,NA,NA,NA,NA,NA,NA,NA,NA,NA,NA,NA,NA,NA,NA,NA,NA,NA,NA,NA,NA,NA,NA,NA,NA,NA,NA,NA,NA,NA,NA,NA,NA,NA,NA,NA,NA,NA,NA,NA,NA,NA,NA,NA,NA,NA,NA,NA,NA,NA,NA,NA,NA,NA,NA,NA,NA,NA,NA,NA,NA,NA,NA,NA,NA,NA,NA,NA,NA,NA,NA,NA,NA,NA,NA,NA,NA,NA,NA,NA,NA,NA,NA,NA,NA,NA,NA,NA,NA,NA,NA,NA,NA,NA,NA,NA,NA
"89",NA,NA,NA,NA,NA,NA,NA,NA,NA,NA,NA,NA,NA,NA,NA,NA,NA,NA,NA,NA,NA,NA,NA,NA,NA,NA,NA,NA,NA,NA,NA,NA,NA,NA,NA,NA,NA,NA,NA,NA,NA,NA,NA,NA,NA,NA,NA,NA,NA,NA,NA,NA,NA,NA,NA,NA,NA,NA,NA,NA,NA,NA,NA,NA,NA,NA,NA,NA,NA,NA,NA,NA,NA,NA,NA,NA,NA,NA,NA,NA,NA,NA,NA,NA,NA,NA,NA,NA,NA,NA,NA,NA,NA,NA,NA,NA,NA,NA,NA,NA,NA,NA,NA,NA,NA,NA,NA,NA,NA,NA,NA,NA,NA,NA,NA,NA,NA,NA,NA,NA,NA,NA,NA,NA,NA,NA,NA,NA,NA,NA,NA,NA,NA,NA,NA,NA,NA,NA,NA,NA,NA,NA,NA,NA,NA,NA,NA,NA,NA,NA,NA
"90",NA,NA,NA,NA,NA,NA,NA,NA,NA,NA,NA,NA,NA,NA,NA,NA,NA,NA,NA,NA,NA,NA,NA,NA,NA,NA,NA,NA,NA,NA,NA,NA,NA,NA,NA,NA,NA,NA,NA,NA,NA,NA,NA,NA,NA,NA,NA,NA,NA,NA,NA,NA,NA,NA,NA,NA,NA,NA,NA,NA,NA,NA,NA,NA,NA,NA,NA,NA,NA,NA,NA,NA,NA,NA,NA,NA,NA,NA,NA,NA,NA,NA,NA,NA,NA,NA,NA,NA,NA,NA,NA,NA,NA,NA,NA,NA,NA,NA,NA,NA,NA,NA,NA,NA,NA,NA,NA,NA,NA,NA,NA,NA,NA,NA,NA,NA,NA,NA,NA,NA,NA,NA,NA,NA,NA,NA,NA,NA,NA,NA,NA,NA,NA,NA,NA,NA,NA,NA,NA,NA,NA,NA,NA,NA,NA,NA,NA,NA,NA,NA,NA
"91",NA,NA,NA,NA,NA,NA,NA,NA,NA,NA,NA,NA,NA,NA,NA,NA,NA,NA,NA,NA,NA,NA,NA,NA,NA,NA,NA,NA,NA,NA,NA,NA,NA,NA,NA,NA,NA,NA,NA,NA,NA,NA,NA,NA,NA,NA,NA,NA,NA,NA,NA,NA,NA,NA,NA,NA,NA,NA,NA,NA,NA,NA,NA,NA,NA,NA,NA,NA,NA,NA,NA,NA,NA,NA,NA,NA,NA,NA,NA,NA,NA,NA,NA,NA,NA,NA,NA,NA,NA,NA,NA,NA,NA,NA,NA,NA,NA,NA,NA,NA,NA,NA,NA,NA,NA,NA,NA,NA,NA,NA,NA,NA,NA,NA,NA,NA,NA,NA,NA,NA,NA,NA,NA,NA,NA,NA,NA,NA,NA,NA,NA,NA,NA,NA,NA,NA,NA,NA,NA,NA,NA,NA,NA,NA,NA,NA,NA,NA,NA,NA,NA
"92",NA,NA,NA,NA,NA,NA,NA,NA,NA,NA,NA,NA,NA,NA,NA,NA,NA,NA,NA,NA,NA,NA,NA,NA,NA,NA,NA,NA,NA,NA,NA,NA,NA,NA,NA,NA,NA,NA,NA,NA,NA,NA,NA,NA,NA,NA,NA,NA,NA,NA,NA,NA,NA,NA,NA,NA,NA,NA,NA,NA,NA,NA,NA,NA,NA,NA,NA,NA,NA,NA,NA,NA,NA,NA,NA,NA,NA,NA,NA,NA,NA,NA,NA,NA,NA,NA,NA,NA,NA,NA,NA,NA,NA,NA,NA,NA,NA,NA,NA,NA,NA,NA,NA,NA,NA,NA,NA,NA,NA,NA,NA,NA,NA,NA,NA,NA,NA,NA,NA,NA,NA,NA,NA,NA,NA,NA,NA,NA,NA,NA,NA,NA,NA,NA,NA,NA,NA,NA,NA,NA,NA,NA,NA,NA,NA,NA,NA,NA,NA,NA,NA
"93",NA,NA,NA,NA,NA,NA,NA,NA,NA,NA,NA,NA,NA,NA,NA,NA,NA,NA,NA,NA,NA,NA,NA,NA,NA,NA,NA,NA,NA,NA,NA,NA,NA,NA,NA,NA,NA,NA,NA,NA,NA,NA,NA,NA,NA,NA,NA,NA,NA,NA,NA,NA,NA,NA,NA,NA,NA,NA,NA,NA,NA,NA,NA,NA,NA,NA,NA,NA,NA,NA,NA,NA,NA,NA,NA,NA,NA,NA,NA,NA,NA,NA,NA,NA,NA,NA,NA,NA,NA,NA,NA,NA,NA,NA,NA,NA,NA,NA,NA,NA,NA,NA,NA,NA,NA,NA,NA,NA,NA,NA,NA,NA,NA,NA,NA,NA,NA,NA,NA,NA,NA,NA,NA,NA,NA,NA,NA,NA,NA,NA,NA,NA,NA,NA,NA,NA,NA,NA,NA,NA,NA,NA,NA,NA,NA,NA,NA,NA,NA,NA,NA
"94",NA,NA,NA,NA,NA,NA,NA,NA,NA,NA,NA,NA,NA,NA,NA,NA,NA,NA,NA,NA,NA,NA,NA,NA,NA,NA,NA,NA,NA,NA,NA,NA,NA,NA,NA,NA,NA,NA,NA,NA,NA,NA,NA,NA,NA,NA,NA,NA,NA,NA,NA,NA,NA,NA,NA,NA,NA,NA,NA,NA,NA,NA,NA,NA,NA,NA,NA,NA,NA,NA,NA,NA,NA,NA,NA,NA,NA,NA,NA,NA,NA,NA,NA,NA,NA,NA,NA,NA,NA,NA,NA,NA,NA,NA,NA,NA,NA,NA,NA,NA,NA,NA,NA,NA,NA,NA,NA,NA,NA,NA,NA,NA,NA,NA,NA,NA,NA,NA,NA,NA,NA,NA,NA,NA,NA,NA,NA,NA,NA,NA,NA,NA,NA,NA,NA,NA,NA,NA,NA,NA,NA,NA,NA,NA,NA,NA,NA,NA,NA,NA,NA
"95",NA,NA,NA,NA,NA,NA,NA,NA,NA,NA,NA,NA,NA,NA,NA,NA,NA,NA,NA,NA,NA,NA,NA,NA,NA,NA,NA,NA,NA,NA,NA,NA,NA,NA,NA,NA,NA,NA,NA,NA,NA,NA,NA,NA,NA,NA,NA,NA,NA,NA,NA,NA,NA,NA,NA,NA,NA,NA,NA,NA,NA,NA,NA,NA,NA,NA,NA,NA,NA,NA,NA,NA,NA,NA,NA,NA,NA,NA,NA,NA,NA,NA,NA,NA,NA,NA,NA,NA,NA,NA,NA,NA,NA,NA,NA,NA,NA,NA,NA,NA,NA,NA,NA,NA,NA,NA,NA,NA,NA,NA,NA,NA,NA,NA,NA,NA,NA,NA,NA,NA,NA,NA,NA,NA,NA,NA,NA,NA,NA,NA,NA,NA,NA,NA,NA,NA,NA,NA,NA,NA,NA,NA,NA,NA,NA,NA,NA,NA,NA,NA,NA
"96",NA,NA,NA,NA,NA,NA,NA,NA,NA,NA,NA,NA,NA,NA,NA,NA,NA,NA,NA,NA,NA,NA,NA,NA,NA,NA,NA,NA,NA,NA,NA,NA,NA,NA,NA,NA,NA,NA,NA,NA,NA,NA,NA,NA,NA,NA,NA,NA,NA,NA,NA,NA,NA,NA,NA,NA,NA,NA,NA,NA,NA,NA,NA,NA,NA,NA,NA,NA,NA,NA,NA,NA,NA,NA,NA,NA,NA,NA,NA,NA,NA,NA,NA,NA,NA,NA,NA,NA,NA,NA,NA,NA,NA,NA,NA,NA,NA,NA,NA,NA,NA,NA,NA,NA,NA,NA,NA,NA,NA,NA,NA,NA,NA,NA,NA,NA,NA,NA,NA,NA,NA,NA,NA,NA,NA,NA,NA,NA,NA,NA,NA,NA,NA,NA,NA,NA,NA,NA,NA,NA,NA,NA,NA,NA,NA,NA,NA,NA,NA,NA,NA
"97",NA,NA,NA,NA,NA,NA,NA,NA,NA,NA,NA,NA,NA,NA,NA,NA,NA,NA,NA,NA,NA,NA,NA,NA,NA,NA,NA,NA,NA,NA,NA,NA,NA,NA,NA,NA,NA,NA,NA,NA,NA,NA,NA,NA,NA,NA,NA,NA,NA,NA,NA,NA,NA,NA,NA,NA,NA,NA,NA,NA,NA,NA,NA,NA,NA,NA,NA,NA,NA,NA,NA,NA,NA,NA,NA,NA,NA,NA,NA,NA,NA,NA,NA,NA,NA,NA,NA,NA,NA,NA,NA,NA,NA,NA,NA,NA,NA,NA,NA,NA,NA,NA,NA,NA,NA,NA,NA,NA,NA,NA,NA,NA,NA,NA,NA,NA,NA,NA,NA,NA,NA,NA,NA,NA,NA,NA,NA,NA,NA,NA,NA,NA,NA,NA,NA,NA,NA,NA,NA,NA,NA,NA,NA,NA,NA,NA,NA,NA,NA,NA,NA
"98",NA,NA,NA,NA,NA,NA,NA,NA,NA,NA,NA,NA,NA,NA,NA,NA,NA,NA,NA,NA,NA,NA,NA,NA,NA,NA,NA,NA,NA,NA,NA,NA,NA,NA,NA,NA,NA,NA,NA,NA,NA,NA,NA,NA,NA,NA,NA,NA,NA,NA,NA,NA,NA,NA,NA,NA,NA,NA,NA,NA,NA,NA,NA,NA,NA,NA,NA,NA,NA,NA,NA,NA,NA,NA,NA,NA,NA,NA,NA,NA,NA,NA,NA,NA,NA,NA,NA,NA,NA,NA,NA,NA,NA,NA,NA,NA,NA,NA,NA,NA,NA,NA,NA,NA,NA,NA,NA,NA,NA,NA,NA,NA,NA,NA,NA,NA,NA,NA,NA,NA,NA,NA,NA,NA,NA,NA,NA,NA,NA,NA,NA,NA,NA,NA,NA,NA,NA,NA,NA,NA,NA,NA,NA,NA,NA,NA,NA,NA,NA,NA,NA
"99",NA,NA,NA,NA,NA,NA,NA,NA,NA,NA,NA,NA,NA,NA,NA,NA,NA,NA,NA,NA,NA,NA,NA,NA,NA,NA,NA,NA,NA,NA,NA,NA,NA,NA,NA,NA,NA,NA,NA,NA,NA,NA,NA,NA,NA,NA,NA,NA,NA,NA,NA,NA,NA,NA,NA,NA,NA,NA,NA,NA,NA,NA,NA,NA,NA,NA,NA,NA,NA,NA,NA,NA,NA,NA,NA,NA,NA,NA,NA,NA,NA,NA,NA,NA,NA,NA,NA,NA,NA,NA,NA,NA,NA,NA,NA,NA,NA,NA,NA,NA,NA,NA,NA,NA,NA,NA,NA,NA,NA,NA,NA,NA,NA,NA,NA,NA,NA,NA,NA,NA,NA,NA,NA,NA,NA,NA,NA,NA,NA,NA,NA,NA,NA,NA,NA,NA,NA,NA,NA,NA,NA,NA,NA,NA,NA,NA,NA,NA,NA,NA,NA
"100",NA,NA,NA,NA,NA,NA,NA,NA,NA,NA,NA,NA,NA,NA,NA,NA,NA,NA,NA,NA,NA,NA,NA,NA,NA,NA,NA,NA,NA,NA,NA,NA,NA,NA,NA,NA,NA,NA,NA,NA,NA,NA,NA,NA,NA,NA,NA,NA,NA,NA,NA,NA,NA,NA,NA,NA,NA,NA,NA,NA,NA,NA,NA,NA,NA,NA,NA,NA,NA,NA,NA,NA,NA,NA,NA,NA,NA,NA,NA,NA,NA,NA,NA,NA,NA,NA,NA,NA,NA,NA,NA,NA,NA,NA,NA,NA,NA,NA,NA,NA,NA,NA,NA,NA,NA,NA,NA,NA,NA,NA,NA,NA,NA,NA,NA,NA,NA,NA,NA,NA,NA,NA,NA,NA,NA,NA,NA,NA,NA,NA,NA,NA,NA,NA,NA,NA,NA,NA,NA,NA,NA,NA,NA,NA,NA,NA,NA,NA,NA,NA,NA
"101",NA,NA,NA,NA,NA,NA,NA,NA,NA,NA,NA,NA,NA,NA,NA,NA,NA,NA,NA,NA,NA,NA,NA,NA,NA,NA,NA,NA,NA,NA,NA,NA,NA,NA,NA,NA,NA,NA,NA,NA,NA,NA,NA,NA,NA,NA,NA,NA,NA,NA,NA,NA,NA,NA,NA,NA,NA,NA,NA,NA,NA,NA,NA,NA,NA,NA,NA,NA,NA,NA,NA,NA,NA,NA,NA,NA,NA,NA,NA,NA,NA,NA,NA,NA,NA,NA,NA,NA,NA,NA,NA,NA,NA,NA,NA,NA,NA,NA,NA,NA,NA,NA,NA,NA,NA,NA,NA,NA,NA,NA,NA,NA,NA,NA,NA,NA,NA,NA,NA,NA,NA,NA,NA,NA,NA,NA,NA,NA,NA,NA,NA,NA,NA,NA,NA,NA,NA,NA,NA,NA,NA,NA,NA,NA,NA,NA,NA,NA,NA,NA,NA
"102",NA,NA,NA,NA,NA,NA,NA,NA,NA,NA,NA,NA,NA,NA,NA,NA,NA,NA,NA,NA,NA,NA,NA,NA,NA,NA,NA,NA,NA,NA,NA,NA,NA,NA,NA,NA,NA,NA,NA,NA,NA,NA,NA,NA,NA,NA,NA,NA,NA,NA,NA,NA,NA,NA,NA,NA,NA,NA,NA,NA,NA,NA,NA,NA,NA,NA,NA,NA,NA,NA,NA,NA,NA,NA,NA,NA,NA,NA,NA,NA,NA,NA,NA,NA,NA,NA,NA,NA,NA,NA,NA,NA,NA,NA,NA,NA,NA,NA,NA,NA,NA,NA,NA,NA,NA,NA,NA,NA,NA,NA,NA,NA,NA,NA,NA,NA,NA,NA,NA,NA,NA,NA,NA,NA,NA,NA,NA,NA,NA,NA,NA,NA,NA,NA,NA,NA,NA,NA,NA,NA,NA,NA,NA,NA,NA,NA,NA,NA,NA,NA,NA
"103",NA,NA,NA,NA,NA,NA,NA,NA,NA,NA,NA,NA,NA,NA,NA,NA,NA,NA,NA,NA,NA,NA,NA,NA,NA,NA,NA,NA,NA,NA,NA,NA,NA,NA,NA,NA,NA,NA,NA,NA,NA,NA,NA,NA,NA,NA,NA,NA,NA,NA,NA,NA,NA,NA,NA,NA,NA,NA,NA,NA,NA,NA,NA,NA,NA,NA,NA,NA,NA,NA,NA,NA,NA,NA,NA,NA,NA,NA,NA,NA,NA,NA,NA,NA,NA,NA,NA,NA,NA,NA,NA,NA,NA,NA,NA,NA,NA,NA,NA,NA,NA,NA,NA,NA,NA,NA,NA,NA,NA,NA,NA,NA,NA,NA,NA,NA,NA,NA,NA,NA,NA,NA,NA,NA,NA,NA,NA,NA,NA,NA,NA,NA,NA,NA,NA,NA,NA,NA,NA,NA,NA,NA,NA,NA,NA,NA,NA,NA,NA,NA,NA
"104",NA,NA,NA,NA,NA,NA,NA,NA,NA,NA,NA,NA,NA,NA,NA,NA,NA,NA,NA,NA,NA,NA,NA,NA,NA,NA,NA,NA,NA,NA,NA,NA,NA,NA,NA,NA,NA,NA,NA,NA,NA,NA,NA,NA,NA,NA,NA,NA,NA,NA,NA,NA,NA,NA,NA,NA,NA,NA,NA,NA,NA,NA,NA,NA,NA,NA,NA,NA,NA,NA,NA,NA,NA,NA,NA,NA,NA,NA,NA,NA,NA,NA,NA,NA,NA,NA,NA,NA,NA,NA,NA,NA,NA,NA,NA,NA,NA,NA,NA,NA,NA,NA,NA,NA,NA,NA,NA,NA,NA,NA,NA,NA,NA,NA,NA,NA,NA,NA,NA,NA,NA,NA,NA,NA,NA,NA,NA,NA,NA,NA,NA,NA,NA,NA,NA,NA,NA,NA,NA,NA,NA,NA,NA,NA,NA,NA,NA,NA,NA,NA,NA
"105",NA,NA,NA,NA,NA,NA,NA,NA,NA,NA,NA,NA,NA,NA,NA,NA,NA,NA,NA,NA,NA,NA,NA,NA,NA,NA,NA,NA,NA,NA,NA,NA,NA,NA,NA,NA,NA,NA,NA,NA,NA,NA,NA,NA,NA,NA,NA,NA,NA,NA,NA,NA,NA,NA,NA,NA,NA,NA,NA,NA,NA,NA,NA,NA,NA,NA,NA,NA,NA,NA,NA,NA,NA,NA,NA,NA,NA,NA,NA,NA,NA,NA,NA,NA,NA,NA,NA,NA,NA,NA,NA,NA,NA,NA,NA,NA,NA,NA,NA,NA,NA,NA,NA,NA,NA,NA,NA,NA,NA,NA,NA,NA,NA,NA,NA,NA,NA,NA,NA,NA,NA,NA,NA,NA,NA,NA,NA,NA,NA,NA,NA,NA,NA,NA,NA,NA,NA,NA,NA,NA,NA,NA,NA,NA,NA,NA,NA,NA,NA,NA,NA
"106",NA,NA,NA,NA,NA,NA,NA,NA,NA,NA,NA,NA,NA,NA,NA,NA,NA,NA,NA,NA,NA,NA,NA,NA,NA,NA,NA,NA,NA,NA,NA,NA,NA,NA,NA,NA,NA,NA,NA,NA,NA,NA,NA,NA,NA,NA,NA,NA,NA,NA,NA,NA,NA,NA,NA,NA,NA,NA,NA,NA,NA,NA,NA,NA,NA,NA,NA,NA,NA,NA,NA,NA,NA,NA,NA,NA,NA,NA,NA,NA,NA,NA,NA,NA,NA,NA,NA,NA,NA,NA,NA,NA,NA,NA,NA,NA,NA,NA,NA,NA,NA,NA,NA,NA,NA,NA,NA,NA,NA,NA,NA,NA,NA,NA,NA,NA,NA,NA,NA,NA,NA,NA,NA,NA,NA,NA,NA,NA,NA,NA,NA,NA,NA,NA,NA,NA,NA,NA,NA,NA,NA,NA,NA,NA,NA,NA,NA,NA,NA,NA,NA
"107",NA,NA,NA,NA,NA,NA,NA,NA,NA,NA,NA,NA,NA,NA,NA,NA,NA,NA,NA,NA,NA,NA,NA,NA,NA,NA,NA,NA,NA,NA,NA,NA,NA,NA,NA,NA,NA,NA,NA,NA,NA,NA,NA,NA,NA,NA,NA,NA,NA,NA,NA,NA,NA,NA,NA,NA,NA,NA,NA,NA,NA,NA,NA,NA,NA,NA,NA,NA,NA,NA,NA,NA,NA,NA,NA,NA,NA,NA,NA,NA,NA,NA,NA,NA,NA,NA,NA,NA,NA,NA,NA,NA,NA,NA,NA,NA,NA,NA,NA,NA,NA,NA,NA,NA,NA,NA,NA,NA,NA,NA,NA,NA,NA,NA,NA,NA,NA,NA,NA,NA,NA,NA,NA,NA,NA,NA,NA,NA,NA,NA,NA,NA,NA,NA,NA,NA,NA,NA,NA,NA,NA,NA,NA,NA,NA,NA,NA,NA,NA,NA,NA
"108",NA,NA,NA,NA,NA,NA,NA,NA,NA,NA,NA,NA,NA,NA,NA,NA,NA,NA,NA,NA,NA,NA,NA,NA,NA,NA,NA,NA,NA,NA,NA,NA,NA,NA,NA,NA,NA,NA,NA,NA,NA,NA,NA,NA,NA,NA,NA,NA,NA,NA,NA,NA,NA,NA,NA,NA,NA,NA,NA,NA,NA,NA,NA,NA,NA,NA,NA,NA,NA,NA,NA,NA,NA,NA,NA,NA,NA,NA,NA,NA,NA,NA,NA,NA,NA,NA,NA,NA,NA,NA,NA,NA,NA,NA,NA,NA,NA,NA,NA,NA,NA,NA,NA,NA,NA,NA,NA,NA,NA,NA,NA,NA,NA,NA,NA,NA,NA,NA,NA,NA,NA,NA,NA,NA,NA,NA,NA,NA,NA,NA,NA,NA,NA,NA,NA,NA,NA,NA,NA,NA,NA,NA,NA,NA,NA,NA,NA,NA,NA,NA,NA
"109",NA,NA,NA,NA,NA,NA,NA,NA,NA,NA,NA,NA,NA,NA,NA,NA,NA,NA,NA,NA,NA,NA,NA,NA,NA,NA,NA,NA,NA,NA,NA,NA,NA,NA,NA,NA,NA,NA,NA,NA,NA,NA,NA,NA,NA,NA,NA,NA,NA,NA,NA,NA,NA,NA,NA,NA,NA,NA,NA,NA,NA,NA,NA,NA,NA,NA,NA,NA,NA,NA,NA,NA,NA,NA,NA,NA,NA,NA,NA,NA,NA,NA,NA,NA,NA,NA,NA,NA,NA,NA,NA,NA,NA,NA,NA,NA,NA,NA,NA,NA,NA,NA,NA,NA,NA,NA,NA,NA,NA,NA,NA,NA,NA,NA,NA,NA,NA,NA,NA,NA,NA,NA,NA,NA,NA,NA,NA,NA,NA,NA,NA,NA,NA,NA,NA,NA,NA,NA,NA,NA,NA,NA,NA,NA,NA,NA,NA,NA,NA,NA,NA
"110",NA,NA,NA,NA,NA,NA,NA,NA,NA,NA,NA,NA,NA,NA,NA,NA,NA,NA,NA,NA,NA,NA,NA,NA,NA,NA,NA,NA,NA,NA,NA,NA,NA,NA,NA,NA,NA,NA,NA,NA,NA,NA,NA,NA,NA,NA,NA,NA,NA,NA,NA,NA,NA,NA,NA,NA,NA,NA,NA,NA,NA,NA,NA,NA,NA,NA,NA,NA,NA,NA,NA,NA,NA,NA,NA,NA,NA,NA,NA,NA,NA,NA,NA,NA,NA,NA,NA,NA,NA,NA,NA,NA,NA,NA,NA,NA,NA,NA,NA,NA,NA,NA,NA,NA,NA,NA,NA,NA,NA,NA,NA,NA,NA,NA,NA,NA,NA,NA,NA,NA,NA,NA,NA,NA,NA,NA,NA,NA,NA,NA,NA,NA,NA,NA,NA,NA,NA,NA,NA,NA,NA,NA,NA,NA,NA,NA,NA,NA,NA,NA,NA
"111",NA,NA,NA,NA,NA,NA,NA,NA,NA,NA,NA,NA,NA,NA,NA,NA,NA,NA,NA,NA,NA,NA,NA,NA,NA,NA,NA,NA,NA,NA,NA,NA,NA,NA,NA,NA,NA,NA,NA,NA,NA,NA,NA,NA,NA,NA,NA,NA,NA,NA,NA,NA,NA,NA,NA,NA,NA,NA,NA,NA,NA,NA,NA,NA,NA,NA,NA,NA,NA,NA,NA,NA,NA,NA,NA,NA,NA,NA,NA,NA,NA,NA,NA,NA,NA,NA,NA,NA,NA,NA,NA,NA,NA,NA,NA,NA,NA,NA,NA,NA,NA,NA,NA,NA,NA,NA,NA,NA,NA,NA,NA,NA,NA,NA,NA,NA,NA,NA,NA,NA,NA,NA,NA,NA,NA,NA,NA,NA,NA,NA,NA,NA,NA,NA,NA,NA,NA,NA,NA,NA,NA,NA,NA,NA,NA,NA,NA,NA,NA,NA,NA
"112",NA,NA,NA,NA,NA,NA,NA,NA,NA,NA,NA,NA,NA,NA,NA,NA,NA,NA,NA,NA,NA,NA,NA,NA,NA,NA,NA,NA,NA,NA,NA,NA,NA,NA,NA,NA,NA,NA,NA,NA,NA,NA,NA,NA,NA,NA,NA,NA,NA,NA,NA,NA,NA,NA,NA,NA,NA,NA,NA,NA,NA,NA,NA,NA,NA,NA,NA,NA,NA,NA,NA,NA,NA,NA,NA,NA,NA,NA,NA,NA,NA,NA,NA,NA,NA,NA,NA,NA,NA,NA,NA,NA,NA,NA,NA,NA,NA,NA,NA,NA,NA,NA,NA,NA,NA,NA,NA,NA,NA,NA,NA,NA,NA,NA,NA,NA,NA,NA,NA,NA,NA,NA,NA,NA,NA,NA,NA,NA,NA,NA,NA,NA,NA,NA,NA,NA,NA,NA,NA,NA,NA,NA,NA,NA,NA,NA,NA,NA,NA,NA,NA
"113",NA,NA,NA,NA,NA,NA,NA,NA,NA,NA,NA,NA,NA,NA,NA,NA,NA,NA,NA,NA,NA,NA,NA,NA,NA,NA,NA,NA,NA,NA,NA,NA,NA,NA,NA,NA,NA,NA,NA,NA,NA,NA,NA,NA,NA,NA,NA,NA,NA,NA,NA,NA,NA,NA,NA,NA,NA,NA,NA,NA,NA,NA,NA,NA,NA,NA,NA,NA,NA,NA,NA,NA,NA,NA,NA,NA,NA,NA,NA,NA,NA,NA,NA,NA,NA,NA,NA,NA,NA,NA,NA,NA,NA,NA,NA,NA,NA,NA,NA,NA,NA,NA,NA,NA,NA,NA,NA,NA,NA,NA,NA,NA,NA,NA,NA,NA,NA,NA,NA,NA,NA,NA,NA,NA,NA,NA,NA,NA,NA,NA,NA,NA,NA,NA,NA,NA,NA,NA,NA,NA,NA,NA,NA,NA,NA,NA,NA,NA,NA,NA,NA
"114",NA,NA,NA,NA,NA,NA,NA,NA,NA,NA,NA,NA,NA,NA,NA,NA,NA,NA,NA,NA,NA,NA,NA,NA,NA,NA,NA,NA,NA,NA,NA,NA,NA,NA,NA,NA,NA,NA,NA,NA,NA,NA,NA,NA,NA,NA,NA,NA,NA,NA,NA,NA,NA,NA,NA,NA,NA,NA,NA,NA,NA,NA,NA,NA,NA,NA,NA,NA,NA,NA,NA,NA,NA,NA,NA,NA,NA,NA,NA,NA,NA,NA,NA,NA,NA,NA,NA,NA,NA,NA,NA,NA,NA,NA,NA,NA,NA,NA,NA,NA,NA,NA,NA,NA,NA,NA,NA,NA,NA,NA,NA,NA,NA,NA,NA,NA,NA,NA,NA,NA,NA,NA,NA,NA,NA,NA,NA,NA,NA,NA,NA,NA,NA,NA,NA,NA,NA,NA,NA,NA,NA,NA,NA,NA,NA,NA,NA,NA,NA,NA,NA
"115",NA,NA,NA,NA,NA,NA,NA,NA,NA,NA,NA,NA,NA,NA,NA,NA,NA,NA,NA,NA,NA,NA,NA,NA,NA,NA,NA,NA,NA,NA,NA,NA,NA,NA,NA,NA,NA,NA,NA,NA,NA,NA,NA,NA,NA,NA,NA,NA,NA,NA,NA,NA,NA,NA,NA,NA,NA,NA,NA,NA,NA,NA,NA,NA,NA,NA,NA,NA,NA,NA,NA,NA,NA,NA,NA,NA,NA,NA,NA,NA,NA,NA,NA,NA,NA,NA,NA,NA,NA,NA,NA,NA,NA,NA,NA,NA,NA,NA,NA,NA,NA,NA,NA,NA,NA,NA,NA,NA,NA,NA,NA,NA,NA,NA,NA,NA,NA,NA,NA,NA,NA,NA,NA,NA,NA,NA,NA,NA,NA,NA,NA,NA,NA,NA,NA,NA,NA,NA,NA,NA,NA,NA,NA,NA,NA,NA,NA,NA,NA,NA,NA
"116",NA,NA,NA,NA,NA,NA,NA,NA,NA,NA,NA,NA,NA,NA,NA,NA,NA,NA,NA,NA,NA,NA,NA,NA,NA,NA,NA,NA,NA,NA,NA,NA,NA,NA,NA,NA,NA,NA,NA,NA,NA,NA,NA,NA,NA,NA,NA,NA,NA,NA,NA,NA,NA,NA,NA,NA,NA,NA,NA,NA,NA,NA,NA,NA,NA,NA,NA,NA,NA,NA,NA,NA,NA,NA,NA,NA,NA,NA,NA,NA,NA,NA,NA,NA,NA,NA,NA,NA,NA,NA,NA,NA,NA,NA,NA,NA,NA,NA,NA,NA,NA,NA,NA,NA,NA,NA,NA,NA,NA,NA,NA,NA,NA,NA,NA,NA,NA,NA,NA,NA,NA,NA,NA,NA,NA,NA,NA,NA,NA,NA,NA,NA,NA,NA,NA,NA,NA,NA,NA,NA,NA,NA,NA,NA,NA,NA,NA,NA,NA,NA,NA
"117",NA,NA,NA,NA,NA,NA,NA,NA,NA,NA,NA,NA,NA,NA,NA,NA,NA,NA,NA,NA,NA,NA,NA,NA,NA,NA,NA,NA,NA,NA,NA,NA,NA,NA,NA,NA,NA,NA,NA,NA,NA,NA,NA,NA,NA,NA,NA,NA,NA,NA,NA,NA,NA,NA,NA,NA,NA,NA,NA,NA,NA,NA,NA,NA,NA,NA,NA,NA,NA,NA,NA,NA,NA,NA,NA,NA,NA,NA,NA,NA,NA,NA,NA,NA,NA,NA,NA,NA,NA,NA,NA,NA,NA,NA,NA,NA,NA,NA,NA,NA,NA,NA,NA,NA,NA,NA,NA,NA,NA,NA,NA,NA,NA,NA,NA,NA,NA,NA,NA,NA,NA,NA,NA,NA,NA,NA,NA,NA,NA,NA,NA,NA,NA,NA,NA,NA,NA,NA,NA,NA,NA,NA,NA,NA,NA,NA,NA,NA,NA,NA,NA
"118",NA,NA,NA,NA,NA,NA,NA,NA,NA,NA,NA,NA,NA,NA,NA,NA,NA,NA,NA,NA,NA,NA,NA,NA,NA,NA,NA,NA,NA,NA,NA,NA,NA,NA,NA,NA,NA,NA,NA,NA,NA,NA,NA,NA,NA,NA,NA,NA,NA,NA,NA,NA,NA,NA,NA,NA,NA,NA,NA,NA,NA,NA,NA,NA,NA,NA,NA,NA,NA,NA,NA,NA,NA,NA,NA,NA,NA,NA,NA,NA,NA,NA,NA,NA,NA,NA,NA,NA,NA,NA,NA,NA,NA,NA,NA,NA,NA,NA,NA,NA,NA,NA,NA,NA,NA,NA,NA,NA,NA,NA,NA,NA,NA,NA,NA,NA,NA,NA,NA,NA,NA,NA,NA,NA,NA,NA,NA,NA,NA,NA,NA,NA,NA,NA,NA,NA,NA,NA,NA,NA,NA,NA,NA,NA,NA,NA,NA,NA,NA,NA,NA
"119",NA,NA,NA,NA,NA,NA,NA,NA,NA,NA,NA,NA,NA,NA,NA,NA,NA,NA,NA,NA,NA,NA,NA,NA,NA,NA,NA,NA,NA,NA,NA,NA,NA,NA,NA,NA,NA,NA,NA,NA,NA,NA,NA,NA,NA,NA,NA,NA,NA,NA,NA,NA,NA,NA,NA,NA,NA,NA,NA,NA,NA,NA,NA,NA,NA,NA,NA,NA,NA,NA,NA,NA,NA,NA,NA,NA,NA,NA,NA,NA,NA,NA,NA,NA,NA,NA,NA,NA,NA,NA,NA,NA,NA,NA,NA,NA,NA,NA,NA,NA,NA,NA,NA,NA,NA,NA,NA,NA,NA,NA,NA,NA,NA,NA,NA,NA,NA,NA,NA,NA,NA,NA,NA,NA,NA,NA,NA,NA,NA,NA,NA,NA,NA,NA,NA,NA,NA,NA,NA,NA,NA,NA,NA,NA,NA,NA,NA,NA,NA,NA,NA
"120",NA,NA,NA,NA,NA,NA,NA,NA,NA,NA,NA,NA,NA,NA,NA,NA,NA,NA,NA,NA,NA,NA,NA,NA,NA,NA,NA,NA,NA,NA,NA,NA,NA,NA,NA,NA,NA,NA,NA,NA,NA,NA,NA,NA,NA,NA,NA,NA,NA,NA,NA,NA,NA,NA,NA,NA,NA,NA,NA,NA,NA,NA,NA,NA,NA,NA,NA,NA,NA,NA,NA,NA,NA,NA,NA,NA,NA,NA,NA,NA,NA,NA,NA,NA,NA,NA,NA,NA,NA,NA,NA,NA,NA,NA,NA,NA,NA,NA,NA,NA,NA,NA,NA,NA,NA,NA,NA,NA,NA,NA,NA,NA,NA,NA,NA,NA,NA,NA,NA,NA,NA,NA,NA,NA,NA,NA,NA,NA,NA,NA,NA,NA,NA,NA,NA,NA,NA,NA,NA,NA,NA,NA,NA,NA,NA,NA,NA,NA,NA,NA,NA
"121",NA,NA,NA,NA,NA,NA,NA,NA,NA,NA,NA,NA,NA,NA,NA,NA,NA,NA,NA,NA,NA,NA,NA,NA,NA,NA,NA,NA,NA,NA,NA,NA,NA,NA,NA,NA,NA,NA,NA,NA,NA,NA,NA,NA,NA,NA,NA,NA,NA,NA,NA,NA,NA,NA,NA,NA,NA,NA,NA,NA,NA,NA,NA,NA,NA,NA,NA,NA,NA,NA,NA,NA,NA,NA,NA,NA,NA,NA,NA,NA,NA,NA,NA,NA,NA,NA,NA,NA,NA,NA,NA,NA,NA,NA,NA,NA,NA,NA,NA,NA,NA,NA,NA,NA,NA,NA,NA,NA,NA,NA,NA,NA,NA,NA,NA,NA,NA,NA,NA,NA,NA,NA,NA,NA,NA,NA,NA,NA,NA,NA,NA,NA,NA,NA,NA,NA,NA,NA,NA,NA,NA,NA,NA,NA,NA,NA,NA,NA,NA,NA,NA
"122",NA,NA,NA,NA,NA,NA,NA,NA,NA,NA,NA,NA,NA,NA,NA,NA,NA,NA,NA,NA,NA,NA,NA,NA,NA,NA,NA,NA,NA,NA,NA,NA,NA,NA,NA,NA,NA,NA,NA,NA,NA,NA,NA,NA,NA,NA,NA,NA,NA,NA,NA,NA,NA,NA,NA,NA,NA,NA,NA,NA,NA,NA,NA,NA,NA,NA,NA,NA,NA,NA,NA,NA,NA,NA,NA,NA,NA,NA,NA,NA,NA,NA,NA,NA,NA,NA,NA,NA,NA,NA,NA,NA,NA,NA,NA,NA,NA,NA,NA,NA,NA,NA,NA,NA,NA,NA,NA,NA,NA,NA,NA,NA,NA,NA,NA,NA,NA,NA,NA,NA,NA,NA,NA,NA,NA,NA,NA,NA,NA,NA,NA,NA,NA,NA,NA,NA,NA,NA,NA,NA,NA,NA,NA,NA,NA,NA,NA,NA,NA,NA,NA
"123",NA,NA,NA,NA,NA,NA,NA,NA,NA,NA,NA,NA,NA,NA,NA,NA,NA,NA,NA,NA,NA,NA,NA,NA,NA,NA,NA,NA,NA,NA,NA,NA,NA,NA,NA,NA,NA,NA,NA,NA,NA,NA,NA,NA,NA,NA,NA,NA,NA,NA,NA,NA,NA,NA,NA,NA,NA,NA,NA,NA,NA,NA,NA,NA,NA,NA,NA,NA,NA,NA,NA,NA,NA,NA,NA,NA,NA,NA,NA,NA,NA,NA,NA,NA,NA,NA,NA,NA,NA,NA,NA,NA,NA,NA,NA,NA,NA,NA,NA,NA,NA,NA,NA,NA,NA,NA,NA,NA,NA,NA,NA,NA,NA,NA,NA,NA,NA,NA,NA,NA,NA,NA,NA,NA,NA,NA,NA,NA,NA,NA,NA,NA,NA,NA,NA,NA,NA,NA,NA,NA,NA,NA,NA,NA,NA,NA,NA,NA,NA,NA,NA
"124",NA,NA,NA,NA,NA,NA,NA,NA,NA,NA,NA,NA,NA,NA,NA,NA,NA,NA,NA,NA,NA,NA,NA,NA,NA,NA,NA,NA,NA,NA,NA,NA,NA,NA,NA,NA,NA,NA,NA,NA,NA,NA,NA,NA,NA,NA,NA,NA,NA,NA,NA,NA,NA,NA,NA,NA,NA,NA,NA,NA,NA,NA,NA,NA,NA,NA,NA,NA,NA,NA,NA,NA,NA,NA,NA,NA,NA,NA,NA,NA,NA,NA,NA,NA,NA,NA,NA,NA,NA,NA,NA,NA,NA,NA,NA,NA,NA,NA,NA,NA,NA,NA,NA,NA,NA,NA,NA,NA,NA,NA,NA,NA,NA,NA,NA,NA,NA,NA,NA,NA,NA,NA,NA,NA,NA,NA,NA,NA,NA,NA,NA,NA,NA,NA,NA,NA,NA,NA,NA,NA,NA,NA,NA,NA,NA,NA,NA,NA,NA,NA,NA
"125",NA,NA,NA,NA,NA,NA,NA,NA,NA,NA,NA,NA,NA,NA,NA,NA,NA,NA,NA,NA,NA,NA,NA,NA,NA,NA,NA,NA,NA,NA,NA,NA,NA,NA,NA,NA,NA,NA,NA,NA,NA,NA,NA,NA,NA,NA,NA,NA,NA,NA,NA,NA,NA,NA,NA,NA,NA,NA,NA,NA,NA,NA,NA,NA,NA,NA,NA,NA,NA,NA,NA,NA,NA,NA,NA,NA,NA,NA,NA,NA,NA,NA,NA,NA,NA,NA,NA,NA,NA,NA,NA,NA,NA,NA,NA,NA,NA,NA,NA,NA,NA,NA,NA,NA,NA,NA,NA,NA,NA,NA,NA,NA,NA,NA,NA,NA,NA,NA,NA,NA,NA,NA,NA,NA,NA,NA,NA,NA,NA,NA,NA,NA,NA,NA,NA,NA,NA,NA,NA,NA,NA,NA,NA,NA,NA,NA,NA,NA,NA,NA,NA
"126",NA,NA,NA,NA,NA,NA,NA,NA,NA,NA,NA,NA,NA,NA,NA,NA,NA,NA,NA,NA,NA,NA,NA,NA,NA,NA,NA,NA,NA,NA,NA,NA,NA,NA,NA,NA,NA,NA,NA,NA,NA,NA,NA,NA,NA,NA,NA,NA,NA,NA,NA,NA,NA,NA,NA,NA,NA,NA,NA,NA,NA,NA,NA,NA,NA,NA,NA,NA,NA,NA,NA,NA,NA,NA,NA,NA,NA,NA,NA,NA,NA,NA,NA,NA,NA,NA,NA,NA,NA,NA,NA,NA,NA,NA,NA,NA,NA,NA,NA,NA,NA,NA,NA,NA,NA,NA,NA,NA,NA,NA,NA,NA,NA,NA,NA,NA,NA,NA,NA,NA,NA,NA,NA,NA,NA,NA,NA,NA,NA,NA,NA,NA,NA,NA,NA,NA,NA,NA,NA,NA,NA,NA,NA,NA,NA,NA,NA,NA,NA,NA,NA
"127",NA,NA,NA,NA,NA,NA,NA,NA,NA,NA,NA,NA,NA,NA,NA,NA,NA,NA,NA,NA,NA,NA,NA,NA,NA,NA,NA,NA,NA,NA,NA,NA,NA,NA,NA,NA,NA,NA,NA,NA,NA,NA,NA,NA,NA,NA,NA,NA,NA,NA,NA,NA,NA,NA,NA,NA,NA,NA,NA,NA,NA,NA,NA,NA,NA,NA,NA,NA,NA,NA,NA,NA,NA,NA,NA,NA,NA,NA,NA,NA,NA,NA,NA,NA,NA,NA,NA,NA,NA,NA,NA,NA,NA,NA,NA,NA,NA,NA,NA,NA,NA,NA,NA,NA,NA,NA,NA,NA,NA,NA,NA,NA,NA,NA,NA,NA,NA,NA,NA,NA,NA,NA,NA,NA,NA,NA,NA,NA,NA,NA,NA,NA,NA,NA,NA,NA,NA,NA,NA,NA,NA,NA,NA,NA,NA,NA,NA,NA,NA,NA,NA
"128",NA,NA,NA,NA,NA,NA,NA,NA,NA,NA,NA,NA,NA,NA,NA,NA,NA,NA,NA,NA,NA,NA,NA,NA,NA,NA,NA,NA,NA,NA,NA,NA,NA,NA,NA,NA,NA,NA,NA,NA,NA,NA,NA,NA,NA,NA,NA,NA,NA,NA,NA,NA,NA,NA,NA,NA,NA,NA,NA,NA,NA,NA,NA,NA,NA,NA,NA,NA,NA,NA,NA,NA,NA,NA,NA,NA,NA,NA,NA,NA,NA,NA,NA,NA,NA,NA,NA,NA,NA,NA,NA,NA,NA,NA,NA,NA,NA,NA,NA,NA,NA,NA,NA,NA,NA,NA,NA,NA,NA,NA,NA,NA,NA,NA,NA,NA,NA,NA,NA,NA,NA,NA,NA,NA,NA,NA,NA,NA,NA,NA,NA,NA,NA,NA,NA,NA,NA,NA,NA,NA,NA,NA,NA,NA,NA,NA,NA,NA,NA,NA,NA
"129",NA,NA,NA,NA,NA,NA,NA,NA,NA,NA,NA,NA,NA,NA,NA,NA,NA,NA,NA,NA,NA,NA,NA,NA,NA,NA,NA,NA,NA,NA,NA,NA,NA,NA,NA,NA,NA,NA,NA,NA,NA,NA,NA,NA,NA,NA,NA,NA,NA,NA,NA,NA,NA,NA,NA,NA,NA,NA,NA,NA,NA,NA,NA,NA,NA,NA,NA,NA,NA,NA,NA,NA,NA,NA,NA,NA,NA,NA,NA,NA,NA,NA,NA,NA,NA,NA,NA,NA,NA,NA,NA,NA,NA,NA,NA,NA,NA,NA,NA,NA,NA,NA,NA,NA,NA,NA,NA,NA,NA,NA,NA,NA,NA,NA,NA,NA,NA,NA,NA,NA,NA,NA,NA,NA,NA,NA,NA,NA,NA,NA,NA,NA,NA,NA,NA,NA,NA,NA,NA,NA,NA,NA,NA,NA,NA,NA,NA,NA,NA,NA,NA
"130",NA,NA,NA,NA,NA,NA,NA,NA,NA,NA,NA,NA,NA,NA,NA,NA,NA,NA,NA,NA,NA,NA,NA,NA,NA,NA,NA,NA,NA,NA,NA,NA,NA,NA,NA,NA,NA,NA,NA,NA,NA,NA,NA,NA,NA,NA,NA,NA,NA,NA,NA,NA,NA,NA,NA,NA,NA,NA,NA,NA,NA,NA,NA,NA,NA,NA,NA,NA,NA,NA,NA,NA,NA,NA,NA,NA,NA,NA,NA,NA,NA,NA,NA,NA,NA,NA,NA,NA,NA,NA,NA,NA,NA,NA,NA,NA,NA,NA,NA,NA,NA,NA,NA,NA,NA,NA,NA,NA,NA,NA,NA,NA,NA,NA,NA,NA,NA,NA,NA,NA,NA,NA,NA,NA,NA,NA,NA,NA,NA,NA,NA,NA,NA,NA,NA,NA,NA,NA,NA,NA,NA,NA,NA,NA,NA,NA,NA,NA,NA,NA,NA
"131",NA,NA,NA,NA,NA,NA,NA,NA,NA,NA,NA,NA,NA,NA,NA,NA,NA,NA,NA,NA,NA,NA,NA,NA,NA,NA,NA,NA,NA,NA,NA,NA,NA,NA,NA,NA,NA,NA,NA,NA,NA,NA,NA,NA,NA,NA,NA,NA,NA,NA,NA,NA,NA,NA,NA,NA,NA,NA,NA,NA,NA,NA,NA,NA,NA,NA,NA,NA,NA,NA,NA,NA,NA,NA,NA,NA,NA,NA,NA,NA,NA,NA,NA,NA,NA,NA,NA,NA,NA,NA,NA,NA,NA,NA,NA,NA,NA,NA,NA,NA,NA,NA,NA,NA,NA,NA,NA,NA,NA,NA,NA,NA,NA,NA,NA,NA,NA,NA,NA,NA,NA,NA,NA,NA,NA,NA,NA,NA,NA,NA,NA,NA,NA,NA,NA,NA,NA,NA,NA,NA,NA,NA,NA,NA,NA,NA,NA,NA,NA,NA,NA
"132",NA,NA,NA,NA,NA,NA,NA,NA,NA,NA,NA,NA,NA,NA,NA,NA,NA,NA,NA,NA,NA,NA,NA,NA,NA,NA,NA,NA,NA,NA,NA,NA,NA,NA,NA,NA,NA,NA,NA,NA,NA,NA,NA,NA,NA,NA,NA,NA,NA,NA,NA,NA,NA,NA,NA,NA,NA,NA,NA,NA,NA,NA,NA,NA,NA,NA,NA,NA,NA,NA,NA,NA,NA,NA,NA,NA,NA,NA,NA,NA,NA,NA,NA,NA,NA,NA,NA,NA,NA,NA,NA,NA,NA,NA,NA,NA,NA,NA,NA,NA,NA,NA,NA,NA,NA,NA,NA,NA,NA,NA,NA,NA,NA,NA,NA,NA,NA,NA,NA,NA,NA,NA,NA,NA,NA,NA,NA,NA,NA,NA,NA,NA,NA,NA,NA,NA,NA,NA,NA,NA,NA,NA,NA,NA,NA,NA,NA,NA,NA,NA,NA
"133",NA,NA,NA,NA,NA,NA,NA,NA,NA,NA,NA,NA,NA,NA,NA,NA,NA,NA,NA,NA,NA,NA,NA,NA,NA,NA,NA,NA,NA,NA,NA,NA,NA,NA,NA,NA,NA,NA,NA,NA,NA,NA,NA,NA,NA,NA,NA,NA,NA,NA,NA,NA,NA,NA,NA,NA,NA,NA,NA,NA,NA,NA,NA,NA,NA,NA,NA,NA,NA,NA,NA,NA,NA,NA,NA,NA,NA,NA,NA,NA,NA,NA,NA,NA,NA,NA,NA,NA,NA,NA,NA,NA,NA,NA,NA,NA,NA,NA,NA,NA,NA,NA,NA,NA,NA,NA,NA,NA,NA,NA,NA,NA,NA,NA,NA,NA,NA,NA,NA,NA,NA,NA,NA,NA,NA,NA,NA,NA,NA,NA,NA,NA,NA,NA,NA,NA,NA,NA,NA,NA,NA,NA,NA,NA,NA,NA,NA,NA,NA,NA,NA
"134",NA,NA,NA,NA,NA,NA,NA,NA,NA,NA,NA,NA,NA,NA,NA,NA,NA,NA,NA,NA,NA,NA,NA,NA,NA,NA,NA,NA,NA,NA,NA,NA,NA,NA,NA,NA,NA,NA,NA,NA,NA,NA,NA,NA,NA,NA,NA,NA,NA,NA,NA,NA,NA,NA,NA,NA,NA,NA,NA,NA,NA,NA,NA,NA,NA,NA,NA,NA,NA,NA,NA,NA,NA,NA,NA,NA,NA,NA,NA,NA,NA,NA,NA,NA,NA,NA,NA,NA,NA,NA,NA,NA,NA,NA,NA,NA,NA,NA,NA,NA,NA,NA,NA,NA,NA,NA,NA,NA,NA,NA,NA,NA,NA,NA,NA,NA,NA,NA,NA,NA,NA,NA,NA,NA,NA,NA,NA,NA,NA,NA,NA,NA,NA,NA,NA,NA,NA,NA,NA,NA,NA,NA,NA,NA,NA,NA,NA,NA,NA,NA,NA
"135",NA,NA,NA,NA,NA,NA,NA,NA,NA,NA,NA,NA,NA,NA,NA,NA,NA,NA,NA,NA,NA,NA,NA,NA,NA,NA,NA,NA,NA,NA,NA,NA,NA,NA,NA,NA,NA,NA,NA,NA,NA,NA,NA,NA,NA,NA,NA,NA,NA,NA,NA,NA,NA,NA,NA,NA,NA,NA,NA,NA,NA,NA,NA,NA,NA,NA,NA,NA,NA,NA,NA,NA,NA,NA,NA,NA,NA,NA,NA,NA,NA,NA,NA,NA,NA,NA,NA,NA,NA,NA,NA,NA,NA,NA,NA,NA,NA,NA,NA,NA,NA,NA,NA,NA,NA,NA,NA,NA,NA,NA,NA,NA,NA,NA,NA,NA,NA,NA,NA,NA,NA,NA,NA,NA,NA,NA,NA,NA,NA,NA,NA,NA,NA,NA,NA,NA,NA,NA,NA,NA,NA,NA,NA,NA,NA,NA,NA,NA,NA,NA,NA
"136",NA,NA,NA,NA,NA,NA,NA,NA,NA,NA,NA,NA,NA,NA,NA,NA,NA,NA,NA,NA,NA,NA,NA,NA,NA,NA,NA,NA,NA,NA,NA,NA,NA,NA,NA,NA,NA,NA,NA,NA,NA,NA,NA,NA,NA,NA,NA,NA,NA,NA,NA,NA,NA,NA,NA,NA,NA,NA,NA,NA,NA,NA,NA,NA,NA,NA,NA,NA,NA,NA,NA,NA,NA,NA,NA,NA,NA,NA,NA,NA,NA,NA,NA,NA,NA,NA,NA,NA,NA,NA,NA,NA,NA,NA,NA,NA,NA,NA,NA,NA,NA,NA,NA,NA,NA,NA,NA,NA,NA,NA,NA,NA,NA,NA,NA,NA,NA,NA,NA,NA,NA,NA,NA,NA,NA,NA,NA,NA,NA,NA,NA,NA,NA,NA,NA,NA,NA,NA,NA,NA,NA,NA,NA,NA,NA,NA,NA,NA,NA,NA,NA
"137",NA,NA,NA,NA,NA,NA,NA,NA,NA,NA,NA,NA,NA,NA,NA,NA,NA,NA,NA,NA,NA,NA,NA,NA,NA,NA,NA,NA,NA,NA,NA,NA,NA,NA,NA,NA,NA,NA,NA,NA,NA,NA,NA,NA,NA,NA,NA,NA,NA,NA,NA,NA,NA,NA,NA,NA,NA,NA,NA,NA,NA,NA,NA,NA,NA,NA,NA,NA,NA,NA,NA,NA,NA,NA,NA,NA,NA,NA,NA,NA,NA,NA,NA,NA,NA,NA,NA,NA,NA,NA,NA,NA,NA,NA,NA,NA,NA,NA,NA,NA,NA,NA,NA,NA,NA,NA,NA,NA,NA,NA,NA,NA,NA,NA,NA,NA,NA,NA,NA,NA,NA,NA,NA,NA,NA,NA,NA,NA,NA,NA,NA,NA,NA,NA,NA,NA,NA,NA,NA,NA,NA,NA,NA,NA,NA,NA,NA,NA,NA,NA,NA
"138",NA,NA,NA,NA,NA,NA,NA,NA,NA,NA,NA,NA,NA,NA,NA,NA,NA,NA,NA,NA,NA,NA,NA,NA,NA,NA,NA,NA,NA,NA,NA,NA,NA,NA,NA,NA,NA,NA,NA,NA,NA,NA,NA,NA,NA,NA,NA,NA,NA,NA,NA,NA,NA,NA,NA,NA,NA,NA,NA,NA,NA,NA,NA,NA,NA,NA,NA,NA,NA,NA,NA,NA,NA,NA,NA,NA,NA,NA,NA,NA,NA,NA,NA,NA,NA,NA,NA,NA,NA,NA,NA,NA,NA,NA,NA,NA,NA,NA,NA,NA,NA,NA,NA,NA,NA,NA,NA,NA,NA,NA,NA,NA,NA,NA,NA,NA,NA,NA,NA,NA,NA,NA,NA,NA,NA,NA,NA,NA,NA,NA,NA,NA,NA,NA,NA,NA,NA,NA,NA,NA,NA,NA,NA,NA,NA,NA,NA,NA,NA,NA,NA
"139",NA,NA,NA,NA,NA,NA,NA,NA,NA,NA,NA,NA,NA,NA,NA,NA,NA,NA,NA,NA,NA,NA,NA,NA,NA,NA,NA,NA,NA,NA,NA,NA,NA,NA,NA,NA,NA,NA,NA,NA,NA,NA,NA,NA,NA,NA,NA,NA,NA,NA,NA,NA,NA,NA,NA,NA,NA,NA,NA,NA,NA,NA,NA,NA,NA,NA,NA,NA,NA,NA,NA,NA,NA,NA,NA,NA,NA,NA,NA,NA,NA,NA,NA,NA,NA,NA,NA,NA,NA,NA,NA,NA,NA,NA,NA,NA,NA,NA,NA,NA,NA,NA,NA,NA,NA,NA,NA,NA,NA,NA,NA,NA,NA,NA,NA,NA,NA,NA,NA,NA,NA,NA,NA,NA,NA,NA,NA,NA,NA,NA,NA,NA,NA,NA,NA,NA,NA,NA,NA,NA,NA,NA,NA,NA,NA,NA,NA,NA,NA,NA,NA
"140",NA,NA,NA,NA,NA,NA,NA,NA,NA,NA,NA,NA,NA,NA,NA,NA,NA,NA,NA,NA,NA,NA,NA,NA,NA,NA,NA,NA,NA,NA,NA,NA,NA,NA,NA,NA,NA,NA,NA,NA,NA,NA,NA,NA,NA,NA,NA,NA,NA,NA,NA,NA,NA,NA,NA,NA,NA,NA,NA,NA,NA,NA,NA,NA,NA,NA,NA,NA,NA,NA,NA,NA,NA,NA,NA,NA,NA,NA,NA,NA,NA,NA,NA,NA,NA,NA,NA,NA,NA,NA,NA,NA,NA,NA,NA,NA,NA,NA,NA,NA,NA,NA,NA,NA,NA,NA,NA,NA,NA,NA,NA,NA,NA,NA,NA,NA,NA,NA,NA,NA,NA,NA,NA,NA,NA,NA,NA,NA,NA,NA,NA,NA,NA,NA,NA,NA,NA,NA,NA,NA,NA,NA,NA,NA,NA,NA,NA,NA,NA,NA,NA
"141",NA,NA,NA,NA,NA,NA,NA,NA,NA,NA,NA,NA,NA,NA,NA,NA,NA,NA,NA,NA,NA,NA,NA,NA,NA,NA,NA,NA,NA,NA,NA,NA,NA,NA,NA,NA,NA,NA,NA,NA,NA,NA,NA,NA,NA,NA,NA,NA,NA,NA,NA,NA,NA,NA,NA,NA,NA,NA,NA,NA,NA,NA,NA,NA,NA,NA,NA,NA,NA,NA,NA,NA,NA,NA,NA,NA,NA,NA,NA,NA,NA,NA,NA,NA,NA,NA,NA,NA,NA,NA,NA,NA,NA,NA,NA,NA,NA,NA,NA,NA,NA,NA,NA,NA,NA,NA,NA,NA,NA,NA,NA,NA,NA,NA,NA,NA,NA,NA,NA,NA,NA,NA,NA,NA,NA,NA,NA,NA,NA,NA,NA,NA,NA,NA,NA,NA,NA,NA,NA,NA,NA,NA,NA,NA,NA,NA,NA,NA,NA,NA,NA
"142",NA,NA,NA,NA,NA,NA,NA,NA,NA,NA,NA,NA,NA,NA,NA,NA,NA,NA,NA,NA,NA,NA,NA,NA,NA,NA,NA,NA,NA,NA,NA,NA,NA,NA,NA,NA,NA,NA,NA,NA,NA,NA,NA,NA,NA,NA,NA,NA,NA,NA,NA,NA,NA,NA,NA,NA,NA,NA,NA,NA,NA,NA,NA,NA,NA,NA,NA,NA,NA,NA,NA,NA,NA,NA,NA,NA,NA,NA,NA,NA,NA,NA,NA,NA,NA,NA,NA,NA,NA,NA,NA,NA,NA,NA,NA,NA,NA,NA,NA,NA,NA,NA,NA,NA,NA,NA,NA,NA,NA,NA,NA,NA,NA,NA,NA,NA,NA,NA,NA,NA,NA,NA,NA,NA,NA,NA,NA,NA,NA,NA,NA,NA,NA,NA,NA,NA,NA,NA,NA,NA,NA,NA,NA,NA,NA,NA,NA,NA,NA,NA,NA
"143",NA,NA,NA,NA,NA,NA,NA,NA,NA,NA,NA,NA,NA,NA,NA,NA,NA,NA,NA,NA,NA,NA,NA,NA,NA,NA,NA,NA,NA,NA,NA,NA,NA,NA,NA,NA,NA,NA,NA,NA,NA,NA,NA,NA,NA,NA,NA,NA,NA,NA,NA,NA,NA,NA,NA,NA,NA,NA,NA,NA,NA,NA,NA,NA,NA,NA,NA,NA,NA,NA,NA,NA,NA,NA,NA,NA,NA,NA,NA,NA,NA,NA,NA,NA,NA,NA,NA,NA,NA,NA,NA,NA,NA,NA,NA,NA,NA,NA,NA,NA,NA,NA,NA,NA,NA,NA,NA,NA,NA,NA,NA,NA,NA,NA,NA,NA,NA,NA,NA,NA,NA,NA,NA,NA,NA,NA,NA,NA,NA,NA,NA,NA,NA,NA,NA,NA,NA,NA,NA,NA,NA,NA,NA,NA,NA,NA,NA,NA,NA,NA,NA
"144",NA,NA,NA,NA,NA,NA,NA,NA,NA,NA,NA,NA,NA,NA,NA,NA,NA,NA,NA,NA,NA,NA,NA,NA,NA,NA,NA,NA,NA,NA,NA,NA,NA,NA,NA,NA,NA,NA,NA,NA,NA,NA,NA,NA,NA,NA,NA,NA,NA,NA,NA,NA,NA,NA,NA,NA,NA,NA,NA,NA,NA,NA,NA,NA,NA,NA,NA,NA,NA,NA,NA,NA,NA,NA,NA,NA,NA,NA,NA,NA,NA,NA,NA,NA,NA,NA,NA,NA,NA,NA,NA,NA,NA,NA,NA,NA,NA,NA,NA,NA,NA,NA,NA,NA,NA,NA,NA,NA,NA,NA,NA,NA,NA,NA,NA,NA,NA,NA,NA,NA,NA,NA,NA,NA,NA,NA,NA,NA,NA,NA,NA,NA,NA,NA,NA,NA,NA,NA,NA,NA,NA,NA,NA,NA,NA,NA,NA,NA,NA,NA,NA
"145",NA,NA,NA,NA,NA,NA,NA,NA,NA,NA,NA,NA,NA,NA,NA,NA,NA,NA,NA,NA,NA,NA,NA,NA,NA,NA,NA,NA,NA,NA,NA,NA,NA,NA,NA,NA,NA,NA,NA,NA,NA,NA,NA,NA,NA,NA,NA,NA,NA,NA,NA,NA,NA,NA,NA,NA,NA,NA,NA,NA,NA,NA,NA,NA,NA,NA,NA,NA,NA,NA,NA,NA,NA,NA,NA,NA,NA,NA,NA,NA,NA,NA,NA,NA,NA,NA,NA,NA,NA,NA,NA,NA,NA,NA,NA,NA,NA,NA,NA,NA,NA,NA,NA,NA,NA,NA,NA,NA,NA,NA,NA,NA,NA,NA,NA,NA,NA,NA,NA,NA,NA,NA,NA,NA,NA,NA,NA,NA,NA,NA,NA,NA,NA,NA,NA,NA,NA,NA,NA,NA,NA,NA,NA,NA,NA,NA,NA,NA,NA,NA,NA
"146",NA,NA,NA,NA,NA,NA,NA,NA,NA,NA,NA,NA,NA,NA,NA,NA,NA,NA,NA,NA,NA,NA,NA,NA,NA,NA,NA,NA,NA,NA,NA,NA,NA,NA,NA,NA,NA,NA,NA,NA,NA,NA,NA,NA,NA,NA,NA,NA,NA,NA,NA,NA,NA,NA,NA,NA,NA,NA,NA,NA,NA,NA,NA,NA,NA,NA,NA,NA,NA,NA,NA,NA,NA,NA,NA,NA,NA,NA,NA,NA,NA,NA,NA,NA,NA,NA,NA,NA,NA,NA,NA,NA,NA,NA,NA,NA,NA,NA,NA,NA,NA,NA,NA,NA,NA,NA,NA,NA,NA,NA,NA,NA,NA,NA,NA,NA,NA,NA,NA,NA,NA,NA,NA,NA,NA,NA,NA,NA,NA,NA,NA,NA,NA,NA,NA,NA,NA,NA,NA,NA,NA,NA,NA,NA,NA,NA,NA,NA,NA,NA,NA
"147",NA,NA,NA,NA,NA,NA,NA,NA,NA,NA,NA,NA,NA,NA,NA,NA,NA,NA,NA,NA,NA,NA,NA,NA,NA,NA,NA,NA,NA,NA,NA,NA,NA,NA,NA,NA,NA,NA,NA,NA,NA,NA,NA,NA,NA,NA,NA,NA,NA,NA,NA,NA,NA,NA,NA,NA,NA,NA,NA,NA,NA,NA,NA,NA,NA,NA,NA,NA,NA,NA,NA,NA,NA,NA,NA,NA,NA,NA,NA,NA,NA,NA,NA,NA,NA,NA,NA,NA,NA,NA,NA,NA,NA,NA,NA,NA,NA,NA,NA,NA,NA,NA,NA,NA,NA,NA,NA,NA,NA,NA,NA,NA,NA,NA,NA,NA,NA,NA,NA,NA,NA,NA,NA,NA,NA,NA,NA,NA,NA,NA,NA,NA,NA,NA,NA,NA,NA,NA,NA,NA,NA,NA,NA,NA,NA,NA,NA,NA,NA,NA,NA
"148",NA,NA,NA,NA,NA,NA,NA,NA,NA,NA,NA,NA,NA,NA,NA,NA,NA,NA,NA,NA,NA,NA,NA,NA,NA,NA,NA,NA,NA,NA,NA,NA,NA,NA,NA,NA,NA,NA,NA,NA,NA,NA,NA,NA,NA,NA,NA,NA,NA,NA,NA,NA,NA,NA,NA,NA,NA,NA,NA,NA,NA,NA,NA,NA,NA,NA,NA,NA,NA,NA,NA,NA,NA,NA,NA,NA,NA,NA,NA,NA,NA,NA,NA,NA,NA,NA,NA,NA,NA,NA,NA,NA,NA,NA,NA,NA,NA,NA,NA,NA,NA,NA,NA,NA,NA,NA,NA,NA,NA,NA,NA,NA,NA,NA,NA,NA,NA,NA,NA,NA,NA,NA,NA,NA,NA,NA,NA,NA,NA,NA,NA,NA,NA,NA,NA,NA,NA,NA,NA,NA,NA,NA,NA,NA,NA,NA,NA,NA,NA,NA,NA
"149",NA,NA,NA,NA,NA,NA,NA,NA,NA,NA,NA,NA,NA,NA,NA,NA,NA,NA,NA,NA,NA,NA,NA,NA,NA,NA,NA,NA,NA,NA,NA,NA,NA,NA,NA,NA,NA,NA,NA,NA,NA,NA,NA,NA,NA,NA,NA,NA,NA,NA,NA,NA,NA,NA,NA,NA,NA,NA,NA,NA,NA,NA,NA,NA,NA,NA,NA,NA,NA,NA,NA,NA,NA,NA,NA,NA,NA,NA,NA,NA,NA,NA,NA,NA,NA,NA,NA,NA,NA,NA,NA,NA,NA,NA,NA,NA,NA,NA,NA,NA,NA,NA,NA,NA,NA,NA,NA,NA,NA,NA,NA,NA,NA,NA,NA,NA,NA,NA,NA,NA,NA,NA,NA,NA,NA,NA,NA,NA,NA,NA,NA,NA,NA,NA,NA,NA,NA,NA,NA,NA,NA,NA,NA,NA,NA,NA,NA,NA,NA,NA,NA
"150",NA,NA,NA,NA,NA,NA,NA,NA,NA,NA,NA,NA,NA,NA,NA,NA,NA,NA,NA,NA,NA,NA,NA,NA,NA,NA,NA,NA,NA,NA,NA,NA,NA,NA,NA,NA,NA,NA,NA,NA,NA,NA,NA,NA,NA,NA,NA,NA,NA,NA,NA,NA,NA,NA,NA,NA,NA,NA,NA,NA,NA,NA,NA,NA,NA,NA,NA,NA,NA,NA,NA,NA,NA,NA,NA,NA,NA,NA,NA,NA,NA,NA,NA,NA,NA,NA,NA,NA,NA,NA,NA,NA,NA,NA,NA,NA,NA,NA,NA,NA,NA,NA,NA,NA,NA,NA,NA,NA,NA,NA,NA,NA,NA,NA,NA,NA,NA,NA,NA,NA,NA,NA,NA,NA,NA,NA,NA,NA,NA,NA,NA,NA,NA,NA,NA,NA,NA,NA,NA,NA,NA,NA,NA,NA,NA,NA,NA,NA,NA,NA,NA
"151",NA,NA,NA,NA,NA,NA,NA,NA,NA,NA,NA,NA,NA,NA,NA,NA,NA,NA,NA,NA,NA,NA,NA,NA,NA,NA,NA,NA,NA,NA,NA,NA,NA,NA,NA,NA,NA,NA,NA,NA,NA,NA,NA,NA,NA,NA,NA,NA,NA,NA,NA,NA,NA,NA,NA,NA,NA,NA,NA,NA,NA,NA,NA,NA,NA,NA,NA,NA,NA,NA,NA,NA,NA,NA,NA,NA,NA,NA,NA,NA,NA,NA,NA,NA,NA,NA,NA,NA,NA,NA,NA,NA,NA,NA,NA,NA,NA,NA,NA,NA,NA,NA,NA,NA,NA,NA,NA,NA,NA,NA,NA,NA,NA,NA,NA,NA,NA,NA,NA,NA,NA,NA,NA,NA,NA,NA,NA,NA,NA,NA,NA,NA,NA,NA,NA,NA,NA,NA,NA,NA,NA,NA,NA,NA,NA,NA,NA,NA,NA,NA,NA
"152",NA,NA,NA,NA,NA,NA,NA,NA,NA,NA,NA,NA,NA,NA,NA,NA,NA,NA,NA,NA,NA,NA,NA,NA,NA,NA,NA,NA,NA,NA,NA,NA,NA,NA,NA,NA,NA,NA,NA,NA,NA,NA,NA,NA,NA,NA,NA,NA,NA,NA,NA,NA,NA,NA,NA,NA,NA,NA,NA,NA,NA,NA,NA,NA,NA,NA,NA,NA,NA,NA,NA,NA,NA,NA,NA,NA,NA,NA,NA,NA,NA,NA,NA,NA,NA,NA,NA,NA,NA,NA,NA,NA,NA,NA,NA,NA,NA,NA,NA,NA,NA,NA,NA,NA,NA,NA,NA,NA,NA,NA,NA,NA,NA,NA,NA,NA,NA,NA,NA,NA,NA,NA,NA,NA,NA,NA,NA,NA,NA,NA,NA,NA,NA,NA,NA,NA,NA,NA,NA,NA,NA,NA,NA,NA,NA,NA,NA,NA,NA,NA,NA
"153",NA,NA,NA,NA,NA,NA,NA,NA,NA,NA,NA,NA,NA,NA,NA,NA,NA,NA,NA,NA,NA,NA,NA,NA,NA,NA,NA,NA,NA,NA,NA,NA,NA,NA,NA,NA,NA,NA,NA,NA,NA,NA,NA,NA,NA,NA,NA,NA,NA,NA,NA,NA,NA,NA,NA,NA,NA,NA,NA,NA,NA,NA,NA,NA,NA,NA,NA,NA,NA,NA,NA,NA,NA,NA,NA,NA,NA,NA,NA,NA,NA,NA,NA,NA,NA,NA,NA,NA,NA,NA,NA,NA,NA,NA,NA,NA,NA,NA,NA,NA,NA,NA,NA,NA,NA,NA,NA,NA,NA,NA,NA,NA,NA,NA,NA,NA,NA,NA,NA,NA,NA,NA,NA,NA,NA,NA,NA,NA,NA,NA,NA,NA,NA,NA,NA,NA,NA,NA,NA,NA,NA,NA,NA,NA,NA,NA,NA,NA,NA,NA,NA
