"","V1","V2","V3","V4","V5","V6","V7","V8","V9","V10","V11","V12","V13","V14","V15","V16","V17","V18","V19","V20","V21","V22","V23","V24","V25","V26","V27","V28","V29","V30","V31","V32","V33","V34","V35","V36","V37","V38","V39","V40","V41","V42","V43","V44","V45","V46","V47","V48","V49","V50","V51","V52","V53","V54","V55","V56","V57","V58"
"1","Bra028666","Bra031705","Bra009396,Bra009397,Bra009398","Bra002422","Bra039057","Bra016226","Bra011541","Bra013225","Bra037731","Bra008406","Bra022736","Bra007020","Bra003184,Bra003186","Bra019212,Bra019213","Bra006048","Bra005682,Bra005683","Bra006233","Bra011076","Bra021810,Bra021811,Bra021812","Bra036146","Bra002645,tRNA-Ser","Bra023673","Bra021650","Bra005261","Bra001368","Bra028992","Bra029857","Bra005441","Bra001925","Bra020125","Bra009603,Bra009604","Bra012144","Bra030805,Bra030806","Bra018759","Bra004895,Bra004897,Bra004898","Bra014326","Bra000483","Bra011134","Bra000901","Bra024290,Bra024291,Bra024292,Bra024293,Bra024294","Bra030031","Bra007131","Bra027754","Bra013950","Bra013156","Bra035281","Bra002630","Bra007283","Bra006748","Bra011488","Bra020599","Bra006710,Bra006711,Bra006712,Bra006713,Bra006714","Bra000662","Bra032210","Bra014730","Bra013924","Bra023023","Bra027355,Bra027356"
"2","Bra006380","Bra005476","Bra014436","Bra030922","Bra037068","Bra021067","Bra030727,Bra030760,Bra030763","Bra016974","Bra041123","Bra030808","Bra023365","Bra000587","Bra009410","Bra010283","Bra034063","Bra014865","Bra006456","Bra026415","Bra022908","Bra028357","Bra009968","Bra009758","Bra017986","Bra030405,Bra030406","Bra037177","Bra033199","Bra004355","Bra021898,Bra021899","Bra003942","Bra032135,Bra032136","Bra013949","Bra029813,Bra029814","Bra008699","Bra016402","Bra009948,Bra009949","Bra014529","Bra002273","Bra033493","Bra006536","Bra028689,tRNA-Leu","Bra000294","Bra003841","Bra013155","Bra005003","Bra026334","Bra037475","Bra029472,Bra029473","Bra039713,Bra039714","Bra004850","Bra020040","Bra034989","Bra000739","Bra023900","Bra036251","Bra029614,Bra029615","Bra040100","Bra022505","Bra030587"
"3","Bra026128","Bra037080","Bra027110,Bra027111","Bra028543","Bra024794","Bra019626","Bra008517","Bra020430","Bra019784","Bra005974","Bra033275,Bra033276","Bra033255",NA,"Bra025547","Bra001114","Bra020082","Bra031165","Bra008876","Bra032548","Bra040573","Bra013957","Bra024615","Bra005603","Bra037976","Bra036764","Bra006633","Bra017684","Bra013069","Bra019718","Bra040749","Bra004497","Bra015843","Bra019539","Bra038899","Bra006290","Bra006750","Bra003486,Bra003487","Bra012054","Bra003053",NA,"Bra040771","Bra032284","Bra014870","Bra005531","Bra006215","Bra004528","Bra026474","Bra013132","Bra013223,Bra013224","Bra010085","Bra027736","Bra013171","Bra004222","Bra014671","Bra010483","Bra036908","Bra003716","Bra032166"
"4","Bra005677","Bra021658,Bra021659,Bra021660","Bra016481,Bra016482","Bra033999","Bra008957","Bra000391","Bra013863","Bra027049","Bra027035","Bra002975","Bra016557","Bra036730",NA,"Bra031041,Bra031042,Bra031044","Bra031648,Bra031649","Bra025511,Bra025512,Bra025513","Bra021037","Bra025858","Bra010681","Bra001848","Bra040417",NA,"Bra010171","Bra002861","Bra038157","Bra022234","Bra001372","Bra005546","Bra026043","Bra012651","Bra030317","Bra002596","Bra029099","Bra013805","Bra013012","Bra030576","Bra031084,Bra031085","Bra024000,Bra024002,Bra024003","Bra004244",NA,NA,"Bra018876","Bra005064","Bra009330,Bra009331","Bra010124","Bra016471","Bra036321","Bra033389","Bra020980","Bra024214","Bra037358","Bra018232","Bra036365","Bra033053,Bra033054","Bra013563","Bra002710","Bra013430","Bra019560"
"5","Bra013239","Bra016153","Bra010126",NA,"Bra005341,Bra005342","Bra004101","Bra022884","Bra005168","Bra009243,Bra009244","Bra027972,Bra027973","Bra033973","Bra017672",NA,"Bra036325,Bra036326,Bra036327","Bra027093,Bra027094","Bra038233","Bra039578","Bra019733","Bra002804","Bra040630","Bra039936",NA,"Bra011819","Bra011872","Bra011677","Bra028474","Bra004562","Bra015665","Bra022600","Bra018596","Bra026770","Bra014950,Bra014951,Bra014958","Bra027527,Bra027528","Bra039661","Bra028141","Bra033489","Bra016016,Bra016017","Bra020036",NA,NA,NA,"Bra001618","Bra027196","Bra011148,Bra011150","Bra012724","Bra028875","Bra027456","Bra011116",NA,"Bra026231","Bra018695",NA,"Bra021961","Bra033368","Bra037215","Bra032196","Bra014195","Bra024531"
"6","Bra030885","Bra021826","Bra016502",NA,"Bra008003","Bra014291","Bra022836","Bra014550","Bra011556,Bra011557,Bra011558","Bra036155","Bra037411","Bra016198,Bra016199",NA,"Bra020836","Bra028740","Bra024186,Bra024187","Bra033757","Bra013582","Bra007047","Bra011047","Bra013906",NA,"Bra014600","Bra008683","Bra039212","Bra000769","Bra028754","Bra029307,Bra029308","Bra032192","Bra034828","Bra013476","Bra018849","Bra005306","Bra025262","Bra033442","Bra001151","Bra011536","Bra023164",NA,NA,NA,"Bra023392","Bra007462","Bra027961,Bra027962","Bra006482","Bra018828","Bra004834,Bra004835,Bra004836","Bra036823",NA,"Bra003062","Bra015594",NA,"Bra033832","Bra019572","Bra001009","Bra030622","Bra019908","Bra027792,Bra027793"
"7","Bra027452","Bra029966","Bra040955",NA,"Bra018595","Bra036593","Bra011016","Bra034404","Bra033422","Bra030843",NA,"Bra038165",NA,"Bra021579","Bra033958","Bra034873","Bra015798,Bra015799","Bra040403","Bra013053","Bra002191","Bra029045,Bra029046",NA,"Bra034254","Bra003055","Bra031389","Bra005598","Bra037651","Bra012696","Bra023619","Bra013087","Bra007695","Bra002456","Bra009351","Bra017081","Bra014766","Bra018897","Bra015237","Bra008627",NA,NA,NA,"Bra040932","Bra022147","Bra003504","Bra037476","Bra033981","Bra027302,Bra027306,Bra027307",NA,NA,"Bra020051","Bra019928",NA,"Bra003618","Bra032062","Bra035067","Bra021314","Bra038649,Bra038650","Bra023688"
"8","Bra011515","Bra014493","Bra012222,Bra012225",NA,"Bra009352","Bra002023","Bra001317",NA,"Bra003434","Bra018955",NA,"Bra012303",NA,"Bra040801","Bra010983","Bra014044","Bra004782","Bra039174,Bra039175","Bra001177","Bra027938",NA,NA,"Bra017077","Bra037844,tRNA-Met","Bra009712,Bra009713","Bra019940","Bra023575","Bra013774","Bra011921","Bra002584","Bra024282","Bra014504","Bra016809,Bra016810","Bra019154","Bra028710","Bra037167,Bra037168","Bra000240","Bra000538",NA,NA,NA,"Bra001415","Bra012812","Bra023435","Bra037669","Bra033249","Bra022598",NA,NA,"Bra002703",NA,NA,"Bra025844,Bra025845","Bra000472","Bra009609,Bra009610","Bra039925","Bra029362,Bra029363","Bra018039"
"9","Bra016007,Bra016008,Bra016009,Bra016010","Bra000302,Bra000303","Bra019384",NA,"Bra039975","Bra011500","Bra005329",NA,"Bra022938","Bra015520",NA,"Bra025271",NA,NA,"Bra012244","Bra030319","Bra007174","Bra006778","Bra014229",NA,NA,NA,"Bra011923","Bra001970","Bra003007,Bra003009","Bra033612,Bra033613","Bra012099,Bra012100","Bra023110","Bra004118","Bra023390","Bra023242","Bra016478","Bra019147","Bra017436","Bra008462,Bra008463,Bra008464","Bra001942","Bra024819,Bra024820,Bra024821","Bra031296",NA,NA,NA,"Bra025958","Bra016752","Bra003024","Bra005601","Bra031802","Bra021384",NA,NA,"Bra025461",NA,NA,"Bra018252","Bra028953","Bra013931","Bra007840","Bra001501","Bra022923"
"10","Bra019994","Bra021419,Bra021420","Bra027278",NA,"Bra017546","Bra014903","Bra013693",NA,"Bra018573","Bra003355",NA,"Bra006360",NA,NA,"Bra018006","Bra038081,Bra038082,Bra038083","Bra000384","Bra023704",NA,NA,NA,NA,"Bra003541,Bra003542,Bra003543,Bra003544","Bra036580","Bra021529,Bra021530","Bra012154","Bra035608","Bra015047","Bra007924","Bra005686","Bra037405","Bra022151,Bra022152","Bra012747","Bra031413","Bra023685","Bra028000","Bra030540","Bra037191",NA,NA,NA,"Bra033438","Bra019492,Bra019493","Bra012152","Bra013576","Bra014689","Bra005817",NA,NA,"Bra019792",NA,NA,"Bra014497","Bra022182",NA,"Bra024547","Bra015065","Bra004066"
"11","Bra039311,Bra039312,Bra039314,Bra039315","Bra010339","Bra033706",NA,"Bra015061","Bra019122","Bra000741",NA,"Bra004247,Bra004248","Bra012519,Bra038811",NA,"Bra035848",NA,NA,"Bra004604","Bra000777","Bra022288","Bra032137",NA,NA,NA,NA,"Bra040419","Bra003155","Bra006198,Bra006199","Bra031290","Bra001348,Bra001349","Bra035913","Bra000207","Bra000787","Bra038489","Bra013013","Bra027032,Bra027033","Bra025865","Bra005175","Bra036409","Bra010510","Bra008842",NA,NA,NA,"Bra013869","Bra002665","Bra005809","Bra011469","Bra007776,Bra007777","Bra012809",NA,NA,"Bra019433",NA,NA,"Bra015668","Bra025162",NA,"Bra019307","Bra033713,Bra033714","Bra004267"
"12","Bra001788","Bra000711","Bra039708",NA,"Bra028940","Bra034432","Bra037655",NA,"Bra009107,Bra009108","Bra010808",NA,"Bra003034",NA,NA,"Bra003527","Bra038091,Bra038092","Bra005798","Bra000024",NA,NA,NA,NA,"Bra017987","Bra011530","Bra021599","Bra011606","Bra019072,Bra019075","Bra027936","Bra034608,Bra034609,Bra034610","Bra035049","Bra008507","Bra006031","Bra013436","Bra011250","Bra016127","Bra028181","Bra021079","Bra023432",NA,NA,NA,"Bra018544","Bra018264","Bra037380","Bra029073","Bra023597,Bra023599","Bra009001",NA,NA,"Bra033837",NA,NA,"Bra029697","Bra019764",NA,"Bra025671","Bra028849","Bra012364"
"13","Bra006338","Bra006515","Bra022503",NA,"Bra035847","Bra036316","Bra026638",NA,"Bra000460","Bra017920,Bra017921",NA,"Bra028766,Bra028767",NA,NA,"Bra000885",NA,"Bra033224","Bra013881,Bra013882,Bra013883",NA,NA,NA,NA,"Bra033840","Bra037200","Bra028124","Bra039362","Bra028414,Bra028415","Bra038166","Bra025363","Bra020067","Bra039579","Bra016930","Bra028011","Bra000394","Bra010853","Bra014351","Bra007738","Bra007608,Bra007609",NA,NA,NA,"Bra012462","Bra023675","Bra028483","Bra000659","Bra008903,Bra008904","Bra025785",NA,NA,"Bra003063",NA,NA,"Bra003059","Bra034441",NA,"Bra017267,Bra017268","Bra002220","Bra020949"
"14","Bra030879","Bra007343","Bra039094",NA,"Bra037787","Bra004537","Bra014252",NA,"Bra024089","Bra032344",NA,"Bra010454",NA,NA,"Bra018112",NA,"Bra029620",NA,NA,NA,NA,NA,"Bra002227","Bra000003","Bra022816","Bra013120,Bra013121","Bra005804",NA,"Bra030762","Bra000073","Bra021967","Bra013977","Bra015301","Bra000955","Bra013218","Bra004460","Bra006413","Bra034297",NA,NA,NA,"Bra019853","Bra036243","Bra025505,Bra025506","Bra009080","Bra008392,Bra008393","Bra027350",NA,NA,"Bra029067",NA,NA,"Bra007950","Bra013371",NA,"Bra022804","Bra004188","Bra026905"
"15","Bra001934",NA,"Bra023072",NA,"Bra030856","Bra035574","Bra002715,Bra002716",NA,"Bra029642","Bra018407",NA,"Bra014853",NA,NA,"Bra015456",NA,"Bra028193",NA,NA,NA,NA,NA,"Bra032011","Bra002038","Bra011412","Bra013161","Bra034897",NA,"Bra016259","Bra008653,Bra008655","Bra002385,Bra002386","Bra027090","Bra015654","Bra009771","Bra029140","Bra000863","Bra030316","Bra007241",NA,NA,NA,"Bra040427","Bra014938","Bra027183,Bra027184","Bra000821","Bra019239","Bra020014",NA,NA,"Bra023045",NA,NA,"Bra011537","Bra013152",NA,"Bra030082","Bra026253",NA
"16","Bra003427,Bra003428",NA,"Bra024312",NA,"Bra002106","Bra003239","Bra006332,Bra006333",NA,"Bra002354","Bra009184",NA,"Bra018723",NA,NA,"Bra003152",NA,"Bra039748",NA,NA,NA,NA,NA,"Bra037210","Bra012595,Bra012596","Bra009762,Bra009763","Bra022802,Bra022803","Bra023343",NA,"Bra017604","Bra039018,Bra039019","Bra006523","Bra036193","Bra027698","Bra034917","Bra020667,Bra020668","Bra014131","Bra024230,Bra024231","Bra025081",NA,NA,NA,"Bra039091","Bra013450","Bra037181,Bra037182","Bra006857","Bra036931","Bra000623",NA,NA,"Bra027866",NA,NA,"Bra030220","Bra034864,Bra034865",NA,"Bra025376","Bra016284",NA
"17","Bra019115",NA,"Bra004937,Bra004938",NA,"Bra003336","Bra007768,Bra007769","Bra010816,Bra010817",NA,"Bra023706,Bra023707","Bra003086",NA,"Bra009600",NA,NA,"Bra009087",NA,"Bra017723",NA,NA,NA,NA,NA,"Bra010667","Bra037777,tRNA-Val","Bra023503","Bra006224","Bra008540",NA,"Bra027207","Bra035916","Bra036233","Bra036001","Bra019026","Bra012008","Bra023563","Bra038621,Bra038622","Bra037196","Bra025675",NA,NA,NA,"Bra012339","Bra023474","Bra025178,Bra025179,Bra025180,Bra025181",NA,"Bra010567","Bra010727",NA,NA,"Bra003617",NA,NA,"Bra000028","Bra030486",NA,"Bra032484","Bra013904",NA
"18","Bra003001,Bra003002",NA,"Bra006538",NA,"Bra015638","Bra014037","Bra036840,Bra036841",NA,"Bra032191","Bra031623",NA,"Bra035864",NA,NA,NA,NA,"Bra028789",NA,NA,NA,NA,NA,"Bra002081","Bra012327","Bra014648","Bra009101","Bra010956,Bra010957",NA,"Bra001958,Bra001959","Bra016993","Bra032147","Bra019975","Bra034736,Bra034737","Bra023129,Bra023130","Bra013675","Bra003147","Bra032617","Bra016572,Bra016573",NA,NA,NA,"Bra015315","Bra006291","Bra008476,Bra008477",NA,"Bra037623","Bra018009,Bra018010",NA,NA,"Bra016674",NA,NA,"Bra013853","Bra009055",NA,"Bra005335","Bra024474",NA
"19","Bra001297",NA,"Bra017625",NA,"Bra006200","Bra012871","Bra033218",NA,"Bra033802",NA,NA,"Bra000600",NA,NA,NA,NA,"Bra034815",NA,NA,NA,NA,NA,"Bra039151","Bra035008","Bra031640","Bra004109","Bra018492,Bra018493,Bra018496",NA,"Bra027080","Bra037042","Bra027375,Bra027376","Bra036797","Bra033644","Bra011590","Bra014562","Bra006622","Bra005718,Bra005767","Bra015695,Bra015696,Bra015697,Bra015698,tRNA-Gln",NA,NA,NA,"Bra035101","Bra025459","Bra030607,Bra030608",NA,"Bra040512,Bra040514","Bra027225",NA,NA,"Bra038835",NA,NA,"Bra021065","Bra001451",NA,"Bra012753",NA,NA
"20","Bra019071",NA,NA,NA,"Bra014046","Bra005982","Bra021634,tRNA-Gly",NA,"Bra038011",NA,NA,"Bra008785",NA,NA,NA,NA,"Bra039678",NA,NA,NA,NA,NA,"Bra004749","Bra027386","Bra007143,Bra007146","Bra003209","Bra038825",NA,"Bra035633","Bra024939","Bra013643","Bra031182","Bra029292,Bra029293","Bra040958","Bra004783","Bra009334","Bra006795,Bra006796,Bra006797,U2","Bra002886",NA,NA,NA,"Bra027421,Bra027422","Bra011824","Bra039120",NA,"Bra016986","Bra024516",NA,NA,NA,NA,NA,"Bra023409","Bra024136",NA,"Bra014238",NA,NA
"21","Bra026338",NA,NA,NA,"Bra000616,Bra000617","Bra034556","Bra013445",NA,"Bra011703",NA,NA,NA,NA,NA,NA,NA,"Bra018872",NA,NA,NA,NA,NA,"Bra029649","Bra020653","Bra005012","Bra036827","Bra039735",NA,"Bra033373","Bra016694","Bra030984","Bra019829","Bra025856","Bra012676","Bra040850","Bra011232","Bra038098,Bra038099","Bra024776,Bra024777",NA,NA,NA,"Bra008070","Bra021016,Bra021017","Bra012076,Bra012077,Bra012079",NA,"Bra035188,Bra035189,Bra035190","Bra039175",NA,NA,NA,NA,NA,"Bra020137,Bra020138","Bra026613",NA,NA,NA,NA
"22","Bra031789,Bra031790",NA,NA,NA,"Bra018435","Bra004771","Bra038610,Bra038611,tRNA-Thr",NA,"Bra005929",NA,NA,NA,NA,NA,NA,NA,"Bra006351,Bra006352",NA,NA,NA,NA,NA,"Bra000263","Bra038688","Bra019613,Bra019614,Bra019615","Bra008792","Bra009826",NA,"Bra005727","Bra010796","Bra000614","Bra031961","Bra015225","Bra024117","Bra011449","Bra017317,Bra017318","Bra001358,Bra001359,tRNA-Tyr","Bra022241,Bra022242",NA,NA,NA,"Bra037680,Bra037682","Bra012176","Bra004214,Bra004215",NA,"Bra011706","Bra027468",NA,NA,NA,NA,NA,"Bra018436","Bra034298",NA,NA,NA,NA
"23","Bra026790",NA,NA,NA,"Bra024701","Bra017019","Bra016252,Bra016253",NA,"Bra009006,Bra009007",NA,NA,NA,NA,NA,NA,NA,"Bra005980",NA,NA,NA,NA,NA,"Bra000663","Bra022593","Bra016419","Bra023441","Bra013674",NA,"Bra019827","Bra020296","Bra017199","Bra013536","Bra012371","Bra022697","Bra034580","Bra030732","Bra029427","Bra028446",NA,NA,NA,"Bra035490","Bra019264","Bra020400,Bra020401",NA,"Bra022769","Bra031158",NA,NA,NA,NA,NA,"Bra011538","Bra004435",NA,NA,NA,NA
"24","Bra023312",NA,NA,NA,"Bra040285","Bra001662","Bra006700",NA,"Bra024848",NA,NA,NA,NA,NA,NA,NA,"Bra027294",NA,NA,NA,NA,NA,"Bra004138","Bra033533,Bra033534","Bra035009",NA,"Bra003864",NA,"Bra011786","Bra026360","Bra038024","Bra007299","Bra014209","Bra013657,Bra013658,Bra013659,Bra013660,Bra013664,Bra013678,Bra013681","Bra006248","Bra015878","Bra025223","Bra002221",NA,NA,NA,"Bra008975","Bra033657","Bra020748",NA,"Bra009649","Bra031191,Bra031192",NA,NA,NA,NA,NA,"Bra018090,Bra018091","Bra021296",NA,NA,NA,NA
"25","Bra009940",NA,NA,NA,"Bra026290","Bra019686,Bra019688,Bra019689,Bra019690","Bra002086",NA,NA,NA,NA,NA,NA,NA,NA,NA,NA,NA,NA,NA,NA,NA,"Bra027833","Bra007345","Bra035544",NA,"Bra017752",NA,"Bra016074","Bra036606","Bra034710","Bra040987","Bra005889","Bra000412","Bra029853","Bra016679,Bra016680,Bra016681,Bra016682","Bra006297","Bra024300",NA,NA,NA,"Bra004639",NA,"Bra011839",NA,"Bra039740","Bra020234",NA,NA,NA,NA,NA,"Bra022195","Bra002388",NA,NA,NA,NA
"26","Bra008824,Bra008825,Bra008826",NA,NA,NA,"Bra004400","Bra018543","Bra038281",NA,NA,NA,NA,NA,NA,NA,NA,NA,NA,NA,NA,NA,NA,NA,"Bra001401","Bra038318","Bra009440,Bra009441",NA,"Bra001207",NA,"Bra020123","Bra034620","Bra023545","Bra024899","Bra017781","Bra004997","Bra039223","Bra015574","Bra015781","Bra022310",NA,NA,NA,"Bra014340",NA,"Bra038729",NA,"Bra015170","Bra009109",NA,NA,NA,NA,NA,"Bra028401","Bra014403",NA,NA,NA,NA
"27","Bra028189",NA,NA,NA,"Bra003705","Bra013540","Bra021170",NA,NA,NA,NA,NA,NA,NA,NA,NA,NA,NA,NA,NA,NA,NA,"Bra013601","Bra004792","Bra018028",NA,"Bra035450,Bra035451",NA,"Bra013909,Bra013911","Bra027053,Bra027054","Bra030228","Bra016195","Bra029325,Bra029326","Bra004960","Bra015752","Bra009181","Bra002684","Bra022813",NA,NA,NA,"Bra006182",NA,"Bra001200,Bra001201",NA,"Bra015317","Bra002322",NA,NA,NA,NA,NA,"Bra012710","Bra006517",NA,NA,NA,NA
"28","Bra009039",NA,NA,NA,"Bra007181","Bra014842","Bra039216",NA,NA,NA,NA,NA,NA,NA,NA,NA,NA,NA,NA,NA,NA,NA,"Bra030256","Bra026642","Bra030388",NA,"Bra025450",NA,"Bra024864","Bra013049","Bra003015","Bra026136","Bra017693","Bra020750","Bra024957,Bra024958,Bra024959","Bra017499","Bra016548,Bra016549","Bra003750",NA,NA,NA,"Bra000952,Bra000953",NA,"Bra026019",NA,"Bra012417","Bra030908",NA,NA,NA,NA,NA,"Bra016356","Bra018122",NA,NA,NA,NA
"29","Bra009571,Bra009572",NA,NA,NA,"Bra018030","Bra000310","Bra003114,Bra003115",NA,NA,NA,NA,NA,NA,NA,NA,NA,NA,NA,NA,NA,NA,NA,"Bra016868,Bra016869","Bra020062","Bra032681",NA,"Bra025936",NA,NA,"Bra009854","Bra000031","Bra037055","Bra029871","Bra033597","Bra020403","Bra001535","Bra000942","Bra001950",NA,NA,NA,"Bra032122",NA,"Bra040413",NA,"Bra036074","Bra032018,Bra032019",NA,NA,NA,NA,NA,"Bra034589","Bra004581",NA,NA,NA,NA
"30","Bra026126",NA,NA,NA,"Bra025838,Bra025839","Bra017633","Bra040899",NA,NA,NA,NA,NA,NA,NA,NA,NA,NA,NA,NA,NA,NA,NA,"Bra001037","Bra018218,Bra018219","Bra006530",NA,"Bra019285,tRNA-Leu",NA,NA,"Bra022880","Bra017826","Bra004795,Bra004796","Bra007587","Bra028537","Bra005235","Bra022247,Bra022248","Bra005505","Bra015305",NA,NA,NA,"Bra026243",NA,"Bra020086,Bra020087",NA,"Bra024075","Bra005177",NA,NA,NA,NA,NA,"Bra001291","Bra007993,Bra007994",NA,NA,NA,NA
"31","Bra030791",NA,NA,NA,"Bra029000","Bra002914","Bra000875,Bra000876",NA,NA,NA,NA,NA,NA,NA,NA,NA,NA,NA,NA,NA,NA,NA,"Bra026194","Bra015316","Bra003190",NA,"Bra000079,Bra000080",NA,NA,"Bra005193","Bra017853","Bra011292","Bra013826","Bra033746","Bra030664,Bra030665,Bra030666,tRNA-Gly","Bra038666","Bra040933","Bra037309",NA,NA,NA,"Bra006052",NA,"Bra031011",NA,"Bra036615","Bra038957",NA,NA,NA,NA,NA,"Bra018836","Bra037862",NA,NA,NA,NA
"32","Bra018681",NA,NA,NA,"Bra037799","Bra037112,Bra037113,Bra037115","Bra033467",NA,NA,NA,NA,NA,NA,NA,NA,NA,NA,NA,NA,NA,NA,NA,"Bra013870","Bra005099","Bra038964,Bra038966,Bra038967,Bra038968",NA,"Bra039238",NA,NA,"Bra024068","Bra015306,Bra015307","Bra020507","Bra013303","Bra037386","Bra004177,Bra004178","Bra021041","Bra036904","Bra018293,Bra018294",NA,NA,NA,"Bra027163",NA,"Bra026649",NA,"Bra029923","Bra037962",NA,NA,NA,NA,NA,"Bra039048","Bra018277",NA,NA,NA,NA
"33","Bra000989",NA,NA,NA,"Bra007220,Bra007221","Bra014635,Bra014636","Bra006623",NA,NA,NA,NA,NA,NA,NA,NA,NA,NA,NA,NA,NA,NA,NA,"Bra000536","Bra006787","Bra039144",NA,"Bra023084",NA,NA,"Bra003163","Bra032392","Bra020169","Bra017916","Bra032315,Bra032316","Bra026135","Bra028809","Bra010977","Bra017823",NA,NA,NA,"Bra022734",NA,"Bra035973",NA,"Bra033056","Bra017769,Bra017770,Bra017771",NA,NA,NA,NA,NA,"Bra021121","Bra017969",NA,NA,NA,NA
"34","Bra035251",NA,NA,NA,"Bra035260,Bra035261","Bra012805","Bra031939,Bra031940",NA,NA,NA,NA,NA,NA,NA,NA,NA,NA,NA,NA,NA,NA,NA,"Bra022585","Bra019453","Bra018340",NA,"Bra015911,Bra015912",NA,NA,"Bra003396","Bra009427","Bra031330","Bra038032","Bra024095","Bra014808","Bra006262","Bra011190","Bra013859",NA,NA,NA,"Bra040448",NA,"Bra039117",NA,"Bra022168","Bra039109",NA,NA,NA,NA,NA,"Bra039969","Bra006211",NA,NA,NA,NA
"35","Bra036992",NA,NA,NA,"Bra012616","Bra033774,Bra033775","Bra009434",NA,NA,NA,NA,NA,NA,NA,NA,NA,NA,NA,NA,NA,NA,NA,"Bra033415","Bra022325","Bra036882",NA,"Bra035211",NA,NA,"Bra005661,Bra005662","Bra015572","Bra008746","Bra034674","Bra037273,Bra037274","Bra035785,Bra035786","Bra035486","Bra012899","Bra037412",NA,NA,NA,"Bra037364",NA,"Bra007912",NA,"Bra026187","Bra013462",NA,NA,NA,NA,NA,"Bra027431","Bra007195",NA,NA,NA,NA
"36","Bra024688",NA,NA,NA,"Bra029859","Bra007329,Bra007330,Bra007331","Bra038040",NA,NA,NA,NA,NA,NA,NA,NA,NA,NA,NA,NA,NA,NA,NA,"Bra039947","Bra009692,Bra009693","Bra026004",NA,"Bra007698,Bra007699,tRNA-Gly",NA,NA,"Bra007856,tRNA-Arg","Bra033701,Bra033702","Bra034459","Bra026954","Bra039557","Bra008735","Bra017964","Bra017162","Bra033483",NA,NA,NA,"Bra027274",NA,"Bra026326",NA,"Bra000657","Bra032664,Bra032665,Bra032666",NA,NA,NA,NA,NA,"Bra019675","Bra041108",NA,NA,NA,NA
"37","Bra021937",NA,NA,NA,"Bra013915","Bra002839,Bra002840","Bra037160",NA,NA,NA,NA,NA,NA,NA,NA,NA,NA,NA,NA,NA,NA,NA,"Bra002216,Bra002217","Bra018324","Bra037149",NA,"Bra014283",NA,NA,"Bra036252","Bra034271","Bra025210","Bra006579","Bra016034,tRNA-Ser","Bra009644","Bra033540","Bra032053,Bra032054","Bra007337",NA,NA,NA,"Bra036495",NA,"Bra023061",NA,"Bra000130","Bra002485",NA,NA,NA,NA,NA,"Bra006794","Bra033412",NA,NA,NA,NA
"38","Bra008958,tRNA-Phe",NA,NA,NA,"Bra028367","Bra003273","Bra035244",NA,NA,NA,NA,NA,NA,NA,NA,NA,NA,NA,NA,NA,NA,NA,"Bra031522","Bra037164","Bra022717",NA,NA,NA,NA,"Bra038424","Bra037832","Bra014722","Bra032622,Bra032623","Bra028568,Bra028569","Bra003159","Bra031785",NA,"Bra002677",NA,NA,NA,"Bra012040",NA,"Bra020971",NA,"Bra002080","Bra011315",NA,NA,NA,NA,NA,"Bra020494,Bra020495","Bra036518",NA,NA,NA,NA
"39","Bra036448",NA,NA,NA,"Bra032540","Bra029107","Bra034037,Bra034039,Bra034040",NA,NA,NA,NA,NA,NA,NA,NA,NA,NA,NA,NA,NA,NA,NA,"Bra019430","Bra008128,Bra008130","Bra009584",NA,NA,NA,NA,"Bra027203","Bra001121","Bra035022","Bra013102,Bra013103","Bra005216","Bra009965,Bra009966,Bra009967","Bra033859,Bra033860",NA,"Bra005521",NA,NA,NA,"Bra001587",NA,"Bra011460",NA,"Bra027432","Bra014042",NA,NA,NA,NA,NA,"Bra039082","Bra007682",NA,NA,NA,NA
"40","Bra005607",NA,NA,NA,"Bra039013","Bra034846,Bra034847,Bra034848,tRNA-Val","Bra000382",NA,NA,NA,NA,NA,NA,NA,NA,NA,NA,NA,NA,NA,NA,NA,"Bra014911","Bra023446","Bra040050",NA,NA,NA,NA,"Bra031351","Bra021132","Bra019193","Bra031222","Bra029228,Bra029229","Bra013558","Bra006029",NA,"Bra011097",NA,NA,NA,"Bra025304",NA,"Bra000867",NA,"Bra002655,Bra002656","Bra036247",NA,NA,NA,NA,NA,"Bra025276","Bra027607",NA,NA,NA,NA
"41","Bra030561",NA,NA,NA,"Bra013342","Bra022610","Bra033820",NA,NA,NA,NA,NA,NA,NA,NA,NA,NA,NA,NA,NA,NA,NA,"Bra032003,Bra032004","Bra020586,Bra020587","Bra030244,Bra030245",NA,NA,NA,NA,"Bra000111","Bra020913","Bra008047",NA,"Bra021874","Bra011314","Bra011679",NA,"Bra012045",NA,NA,NA,NA,NA,"Bra025612",NA,"Bra002697","Bra000849",NA,NA,NA,NA,NA,"Bra024138,Bra024139","Bra025037",NA,NA,NA,NA
"42","Bra015538",NA,NA,NA,"Bra035413","Bra013719","Bra018085",NA,NA,NA,NA,NA,NA,NA,NA,NA,NA,NA,NA,NA,NA,NA,"Bra040306","Bra032082","Bra011485",NA,NA,NA,NA,"Bra024500","Bra023719,Bra023720","Bra034263,Bra034264",NA,"Bra033254","Bra013747","Bra037439",NA,NA,NA,NA,NA,NA,NA,"Bra006227",NA,NA,"Bra018338",NA,NA,NA,NA,NA,"Bra019196","Bra010476",NA,NA,NA,NA
"43","Bra005097",NA,NA,NA,"Bra007070","Bra014622","Bra014674,Bra014675",NA,NA,NA,NA,NA,NA,NA,NA,NA,NA,NA,NA,NA,NA,NA,"Bra040992","Bra012203","Bra013046",NA,NA,NA,NA,"Bra000461","Bra013378","Bra020200",NA,"Bra005310","Bra018610","Bra032807,Bra032808",NA,NA,NA,NA,NA,NA,NA,"Bra028524",NA,NA,NA,NA,NA,NA,NA,NA,"Bra040582","Bra004546",NA,NA,NA,NA
"44","Bra003471",NA,NA,NA,"Bra023430","Bra002255","Bra019870",NA,NA,NA,NA,NA,NA,NA,NA,NA,NA,NA,NA,NA,NA,NA,"Bra006877,Bra006878","Bra008658","Bra011822",NA,NA,NA,NA,"Bra012127","Bra009605","Bra015298",NA,"Bra002382","Bra038646","Bra012153",NA,NA,NA,NA,NA,NA,NA,NA,NA,NA,NA,NA,NA,NA,NA,NA,"Bra013017,Bra013018","Bra023018",NA,NA,NA,NA
"45","Bra029167",NA,NA,NA,"Bra038942","Bra009368","Bra004540",NA,NA,NA,NA,NA,NA,NA,NA,NA,NA,NA,NA,NA,NA,NA,"Bra026937,Bra026938","Bra016672,Bra016674","Bra032707,Bra032708",NA,NA,NA,NA,"Bra016955","Bra016903","Bra025676",NA,"Bra015845","Bra011847,Bra011848,tRNA-Trp","Bra011081",NA,NA,NA,NA,NA,NA,NA,NA,NA,NA,NA,NA,NA,NA,NA,NA,"Bra007250","Bra029486",NA,NA,NA,NA
"46","Bra031347,Bra031348,Bra031349",NA,NA,NA,"Bra026185,Bra026186","Bra013507","Bra002567,Bra002568",NA,NA,NA,NA,NA,NA,NA,NA,NA,NA,NA,NA,NA,NA,NA,"Bra025819","Bra039816","Bra039818",NA,NA,NA,NA,"Bra023252","Bra027347,Bra027348,Bra027349","Bra040540",NA,NA,"Bra019533","Bra012005",NA,NA,NA,NA,NA,NA,NA,NA,NA,NA,NA,NA,NA,NA,NA,NA,"Bra012721,Bra012722","Bra001626",NA,NA,NA,NA
"47","Bra019634,Bra019635",NA,NA,NA,"Bra036169",NA,"Bra001816",NA,NA,NA,NA,NA,NA,NA,NA,NA,NA,NA,NA,NA,NA,NA,"Bra004871","Bra040147","Bra023573",NA,NA,NA,NA,"Bra014908","Bra035213","Bra012038",NA,NA,"Bra031869","Bra032255",NA,NA,NA,NA,NA,NA,NA,NA,NA,NA,NA,NA,NA,NA,NA,NA,"Bra029802","Bra040234",NA,NA,NA,NA
"48","Bra033473",NA,NA,NA,"Bra022868",NA,"Bra011299",NA,NA,NA,NA,NA,NA,NA,NA,NA,NA,NA,NA,NA,NA,NA,"Bra012230","Bra032981","Bra001090",NA,NA,NA,NA,"Bra035721","Bra013907","Bra008558",NA,NA,"Bra003758","Bra034566,Bra034569",NA,NA,NA,NA,NA,NA,NA,NA,NA,NA,NA,NA,NA,NA,NA,NA,"Bra014696","Bra025733",NA,NA,NA,NA
"49","Bra030786",NA,NA,NA,"Bra003241,Bra003242",NA,"Bra014692",NA,NA,NA,NA,NA,NA,NA,NA,NA,NA,NA,NA,NA,NA,NA,"Bra018487","Bra026028","Bra025662,Bra025663",NA,NA,NA,NA,"Bra034466","Bra033472","Bra037389",NA,NA,"Bra022597","Bra008766",NA,NA,NA,NA,NA,NA,NA,NA,NA,NA,NA,NA,NA,NA,NA,NA,"Bra001591,Bra001592","Bra033282",NA,NA,NA,NA
"50","Bra010413",NA,NA,NA,"Bra009998",NA,"Bra010453",NA,NA,NA,NA,NA,NA,NA,NA,NA,NA,NA,NA,NA,NA,NA,"Bra031490","Bra007945,Bra007947,Bra007949,Bra007950,Bra007951","Bra034309",NA,NA,NA,NA,"Bra013602","Bra012781","Bra001034",NA,NA,"Bra006685","Bra006879",NA,NA,NA,NA,NA,NA,NA,NA,NA,NA,NA,NA,NA,NA,NA,NA,"Bra008772,Bra008773","Bra028419",NA,NA,NA,NA
"51","Bra033871",NA,NA,NA,"Bra007745,Bra007746,Bra007747,Bra007748",NA,"Bra001676,Bra001678",NA,NA,NA,NA,NA,NA,NA,NA,NA,NA,NA,NA,NA,NA,NA,"Bra033735","Bra039962","Bra000806",NA,NA,NA,NA,"Bra003624","Bra020639","Bra008801",NA,NA,"Bra031183,Bra031184","Bra024366,Bra024367",NA,NA,NA,NA,NA,NA,NA,NA,NA,NA,NA,NA,NA,NA,NA,NA,"Bra025087,Bra025088","Bra014405",NA,NA,NA,NA
"52","Bra032332",NA,NA,NA,"Bra018736",NA,"Bra033968",NA,NA,NA,NA,NA,NA,NA,NA,NA,NA,NA,NA,NA,NA,NA,"Bra021293","Bra028701","Bra040826",NA,NA,NA,NA,"Bra029669,Bra029670","Bra000408","Bra031313,Bra031314",NA,NA,"Bra009724","Bra015397",NA,NA,NA,NA,NA,NA,NA,NA,NA,NA,NA,NA,NA,NA,NA,NA,"Bra028651","Bra020884",NA,NA,NA,NA
"53","Bra034356",NA,NA,NA,"Bra004675",NA,"Bra015564",NA,NA,NA,NA,NA,NA,NA,NA,NA,NA,NA,NA,NA,NA,NA,"Bra019003","Bra028510","Bra032734",NA,NA,NA,NA,"Bra000089,Bra000090","Bra004113","Bra026431",NA,NA,"Bra037501,Bra037502","Bra021448,Bra021450",NA,NA,NA,NA,NA,NA,NA,NA,NA,NA,NA,NA,NA,NA,NA,NA,"Bra022148","Bra038209",NA,NA,NA,NA
"54","Bra029071",NA,NA,NA,"Bra013786,Bra013788",NA,"Bra019760",NA,NA,NA,NA,NA,NA,NA,NA,NA,NA,NA,NA,NA,NA,NA,"Bra024845,Bra024846","Bra013777","Bra001761",NA,NA,NA,NA,"Bra000699","Bra004504","Bra006101",NA,NA,"Bra016736","Bra027275,Bra027276,Bra027277",NA,NA,NA,NA,NA,NA,NA,NA,NA,NA,NA,NA,NA,NA,NA,NA,"Bra007116","Bra018864",NA,NA,NA,NA
"55","Bra025894,Bra025895",NA,NA,NA,"Bra011825",NA,NA,NA,NA,NA,NA,NA,NA,NA,NA,NA,NA,NA,NA,NA,NA,NA,"Bra021847","Bra008984","Bra000848",NA,NA,NA,NA,"Bra021971","Bra023490","Bra006051",NA,NA,"Bra025905,tRNA-Asp","Bra039835",NA,NA,NA,NA,NA,NA,NA,NA,NA,NA,NA,NA,NA,NA,NA,NA,"Bra039880","Bra013164",NA,NA,NA,NA
"56","Bra006053",NA,NA,NA,"Bra010616",NA,NA,NA,NA,NA,NA,NA,NA,NA,NA,NA,NA,NA,NA,NA,NA,NA,"Bra028132","Bra027022","Bra034179",NA,NA,NA,NA,"Bra017602","Bra020343","Bra019178",NA,NA,"Bra014663","Bra002973,Bra002974",NA,NA,NA,NA,NA,NA,NA,NA,NA,NA,NA,NA,NA,NA,NA,NA,"Bra026230","Bra011967",NA,NA,NA,NA
"57","Bra014414",NA,NA,NA,"Bra029256",NA,NA,NA,NA,NA,NA,NA,NA,NA,NA,NA,NA,NA,NA,NA,NA,NA,"Bra025832,Bra025833","Bra005002","Bra029355",NA,NA,NA,NA,"Bra016964","Bra023006","Bra021913",NA,NA,"Bra036258","Bra039114",NA,NA,NA,NA,NA,NA,NA,NA,NA,NA,NA,NA,NA,NA,NA,NA,"Bra025920,Bra025921,Bra025922","Bra017566",NA,NA,NA,NA
"58","Bra016541,Bra016542",NA,NA,NA,"Bra001406",NA,NA,NA,NA,NA,NA,NA,NA,NA,NA,NA,NA,NA,NA,NA,NA,NA,"Bra019121","Bra027516","Bra022448",NA,NA,NA,NA,"Bra001346","Bra023598","Bra029001",NA,NA,"Bra025353","Bra005141",NA,NA,NA,NA,NA,NA,NA,NA,NA,NA,NA,NA,NA,NA,NA,NA,"Bra017907","Bra011404",NA,NA,NA,NA
"59","Bra022298",NA,NA,NA,"Bra020005",NA,NA,NA,NA,NA,NA,NA,NA,NA,NA,NA,NA,NA,NA,NA,NA,NA,"Bra040924","Bra018677","Bra022815",NA,NA,NA,NA,"Bra003840,Bra003841","Bra010013","Bra025847",NA,NA,"Bra004853","Bra002523",NA,NA,NA,NA,NA,NA,NA,NA,NA,NA,NA,NA,NA,NA,NA,NA,"Bra022867","Bra026017,Bra026018",NA,NA,NA,NA
"60","Bra039999",NA,NA,NA,"Bra018100",NA,NA,NA,NA,NA,NA,NA,NA,NA,NA,NA,NA,NA,NA,NA,NA,NA,"Bra007399,Bra007401,Bra007402","Bra019214","Bra000760",NA,NA,NA,NA,"Bra019082","Bra015613","Bra011328",NA,NA,"Bra025534","Bra005134",NA,NA,NA,NA,NA,NA,NA,NA,NA,NA,NA,NA,NA,NA,NA,NA,"Bra004875","Bra007105",NA,NA,NA,NA
"61","Bra000242",NA,NA,NA,"Bra037306",NA,NA,NA,NA,NA,NA,NA,NA,NA,NA,NA,NA,NA,NA,NA,NA,NA,"Bra001579","Bra037337","Bra015938",NA,NA,NA,NA,"Bra036883","Bra014233","Bra009295",NA,NA,"Bra038805","Bra036120",NA,NA,NA,NA,NA,NA,NA,NA,NA,NA,NA,NA,NA,NA,NA,NA,"Bra033511,tRNA-Lys","Bra013743,tRNA-Ala",NA,NA,NA,NA
"62","Bra021990",NA,NA,NA,"Bra026917",NA,NA,NA,NA,NA,NA,NA,NA,NA,NA,NA,NA,NA,NA,NA,NA,NA,"Bra001738","Bra007713,Bra007714","Bra005641",NA,NA,NA,NA,"Bra009601","Bra004545","Bra007919",NA,NA,"Bra020124","Bra023056,tRNA-Tyr",NA,NA,NA,NA,NA,NA,NA,NA,NA,NA,NA,NA,NA,NA,NA,NA,"Bra002412","Bra018900",NA,NA,NA,NA
"63","Bra018184",NA,NA,NA,"Bra005211,Bra005212",NA,NA,NA,NA,NA,NA,NA,NA,NA,NA,NA,NA,NA,NA,NA,NA,NA,"Bra038523","Bra012836,SNORD46","Bra013007,Bra013009,Bra013011",NA,NA,NA,NA,"Bra028409","Bra012052","Bra010464,tRNA-Lys",NA,NA,"Bra025392","Bra006597",NA,NA,NA,NA,NA,NA,NA,NA,NA,NA,NA,NA,NA,NA,NA,NA,"Bra040738","Bra036599",NA,NA,NA,NA
"64","Bra029591",NA,NA,NA,"Bra035565",NA,NA,NA,NA,NA,NA,NA,NA,NA,NA,NA,NA,NA,NA,NA,NA,NA,"Bra018469","Bra004649","Bra004744",NA,NA,NA,NA,"Bra036699","Bra015025","Bra035186",NA,NA,"Bra019888","Bra001373",NA,NA,NA,NA,NA,NA,NA,NA,NA,NA,NA,NA,NA,NA,NA,NA,"Bra026969","Bra015976,Bra015977",NA,NA,NA,NA
"65","Bra005820",NA,NA,NA,"Bra005570",NA,NA,NA,NA,NA,NA,NA,NA,NA,NA,NA,NA,NA,NA,NA,NA,NA,"Bra030799","Bra019101","Bra025668",NA,NA,NA,NA,"Bra034236,Bra034237","Bra012784","Bra033103",NA,NA,"Bra016811","Bra011565",NA,NA,NA,NA,NA,NA,NA,NA,NA,NA,NA,NA,NA,NA,NA,NA,"Bra014361","Bra013690",NA,NA,NA,NA
"66","Bra005745",NA,NA,NA,"Bra028975",NA,NA,NA,NA,NA,NA,NA,NA,NA,NA,NA,NA,NA,NA,NA,NA,NA,"Bra020136","Bra006234","Bra004518",NA,NA,NA,NA,"Bra025250","Bra012475","Bra009046",NA,NA,"Bra001489","Bra003776",NA,NA,NA,NA,NA,NA,NA,NA,NA,NA,NA,NA,NA,NA,NA,NA,"Bra013341,tRNA-Glu","Bra033248",NA,NA,NA,NA
"67","Bra002045",NA,NA,NA,"Bra039612",NA,NA,NA,NA,NA,NA,NA,NA,NA,NA,NA,NA,NA,NA,NA,NA,NA,"Bra035219","Bra008506","Bra017872",NA,NA,NA,NA,"Bra030181","Bra030446","Bra016683",NA,NA,"Bra023492","Bra019667",NA,NA,NA,NA,NA,NA,NA,NA,NA,NA,NA,NA,NA,NA,NA,NA,"Bra008425","Bra024635,Bra024636",NA,NA,NA,NA
"68","Bra000159",NA,NA,NA,"Bra037696",NA,NA,NA,NA,NA,NA,NA,NA,NA,NA,NA,NA,NA,NA,NA,NA,NA,"Bra014819","Bra017674,Bra017675","Bra024633",NA,NA,NA,NA,"Bra035994","Bra002619","Bra032743,Bra032744",NA,NA,"Bra025025","Bra011733",NA,NA,NA,NA,NA,NA,NA,NA,NA,NA,NA,NA,NA,NA,NA,NA,"Bra018520","Bra028542",NA,NA,NA,NA
"69","Bra035881",NA,NA,NA,"Bra009789,Bra009790",NA,NA,NA,NA,NA,NA,NA,NA,NA,NA,NA,NA,NA,NA,NA,NA,NA,"Bra010459","Bra001094","Bra026058",NA,NA,NA,NA,"Bra028187","Bra040518","Bra028506",NA,NA,"Bra004324","Bra013761",NA,NA,NA,NA,NA,NA,NA,NA,NA,NA,NA,NA,NA,NA,NA,NA,"Bra002318","Bra027893",NA,NA,NA,NA
"70","Bra039865",NA,NA,NA,"Bra021292",NA,NA,NA,NA,NA,NA,NA,NA,NA,NA,NA,NA,NA,NA,NA,NA,NA,"Bra032987,Bra032988","Bra031093","Bra036490",NA,NA,NA,NA,"Bra033025,Bra033026","Bra021796,Bra021797,Bra021798","Bra019666",NA,NA,"Bra035836","Bra010749",NA,NA,NA,NA,NA,NA,NA,NA,NA,NA,NA,NA,NA,NA,NA,NA,"Bra012158","Bra024964",NA,NA,NA,NA
"71","Bra036585",NA,NA,NA,"Bra014389",NA,NA,NA,NA,NA,NA,NA,NA,NA,NA,NA,NA,NA,NA,NA,NA,NA,"Bra003457","Bra033545",NA,NA,NA,NA,NA,"Bra013653","Bra033323","Bra005770",NA,NA,"Bra002326","Bra026866,Bra026867",NA,NA,NA,NA,NA,NA,NA,NA,NA,NA,NA,NA,NA,NA,NA,NA,"Bra039680","Bra038946",NA,NA,NA,NA
"72","Bra040415",NA,NA,NA,"Bra005026",NA,NA,NA,NA,NA,NA,NA,NA,NA,NA,NA,NA,NA,NA,NA,NA,NA,"Bra016720","Bra014298",NA,NA,NA,NA,NA,"Bra018210","Bra036740","Bra000293",NA,NA,"Bra029712,Bra029713,Bra029714","Bra030306",NA,NA,NA,NA,NA,NA,NA,NA,NA,NA,NA,NA,NA,NA,NA,NA,"Bra009941","Bra011609",NA,NA,NA,NA
"73","Bra011568",NA,NA,NA,"Bra005258",NA,NA,NA,NA,NA,NA,NA,NA,NA,NA,NA,NA,NA,NA,NA,NA,NA,"Bra028906","Bra032952",NA,NA,NA,NA,NA,"Bra013352,tRNA-Gly","Bra015784","Bra032416",NA,NA,"Bra016758","Bra023418",NA,NA,NA,NA,NA,NA,NA,NA,NA,NA,NA,NA,NA,NA,NA,NA,"Bra009433","Bra000065",NA,NA,NA,NA
"74","Bra039066",NA,NA,NA,"Bra019231",NA,NA,NA,NA,NA,NA,NA,NA,NA,NA,NA,NA,NA,NA,NA,NA,NA,"Bra021123","Bra030092",NA,NA,NA,NA,NA,"Bra016163","Bra030331","Bra000757",NA,NA,"Bra019991","Bra009750",NA,NA,NA,NA,NA,NA,NA,NA,NA,NA,NA,NA,NA,NA,NA,NA,"Bra012840","Bra028033,Bra028034",NA,NA,NA,NA
"75","Bra027789,tRNA-Thr",NA,NA,NA,"Bra011546",NA,NA,NA,NA,NA,NA,NA,NA,NA,NA,NA,NA,NA,NA,NA,NA,NA,"Bra039163","Bra003653",NA,NA,NA,NA,NA,"Bra007783","Bra011830","Bra001783",NA,NA,"Bra031261","Bra000285",NA,NA,NA,NA,NA,NA,NA,NA,NA,NA,NA,NA,NA,NA,NA,NA,"Bra005696","Bra029193",NA,NA,NA,NA
"76","Bra005784",NA,NA,NA,"Bra018616",NA,NA,NA,NA,NA,NA,NA,NA,NA,NA,NA,NA,NA,NA,NA,NA,NA,NA,"Bra025984",NA,NA,NA,NA,NA,"Bra005715","Bra014417","Bra015052",NA,NA,"Bra033214,Bra033215,Bra033216","Bra031146",NA,NA,NA,NA,NA,NA,NA,NA,NA,NA,NA,NA,NA,NA,NA,NA,"Bra020666","Bra002944",NA,NA,NA,NA
"77","Bra012446,Bra012447",NA,NA,NA,"Bra022458",NA,NA,NA,NA,NA,NA,NA,NA,NA,NA,NA,NA,NA,NA,NA,NA,NA,NA,"Bra011644",NA,NA,NA,NA,NA,"Bra033911","Bra021457,Bra021458","Bra008216,Bra008217",NA,NA,"Bra002113","Bra027127",NA,NA,NA,NA,NA,NA,NA,NA,NA,NA,NA,NA,NA,NA,NA,NA,"Bra006061","Bra004763",NA,NA,NA,NA
"78","Bra033879",NA,NA,NA,"Bra039441",NA,NA,NA,NA,NA,NA,NA,NA,NA,NA,NA,NA,NA,NA,NA,NA,NA,NA,"Bra000654",NA,NA,NA,NA,NA,"Bra001003","Bra026465","Bra015274",NA,NA,"Bra037409","Bra003604",NA,NA,NA,NA,NA,NA,NA,NA,NA,NA,NA,NA,NA,NA,NA,NA,"Bra017427,Bra017428","Bra011736",NA,NA,NA,NA
"79","Bra005514",NA,NA,NA,"Bra035168",NA,NA,NA,NA,NA,NA,NA,NA,NA,NA,NA,NA,NA,NA,NA,NA,NA,NA,"Bra029638,Bra029639",NA,NA,NA,NA,NA,"Bra001289","Bra019558","Bra036935",NA,NA,"Bra004683","Bra007383",NA,NA,NA,NA,NA,NA,NA,NA,NA,NA,NA,NA,NA,NA,NA,NA,"Bra014755","Bra035487,Bra035488",NA,NA,NA,NA
"80","Bra023796,Bra023797",NA,NA,NA,"Bra028963",NA,NA,NA,NA,NA,NA,NA,NA,NA,NA,NA,NA,NA,NA,NA,NA,NA,NA,"Bra015153",NA,NA,NA,NA,NA,"Bra015499","Bra027755","Bra021902,tRNA-Leu",NA,NA,"Bra040773","Bra007657",NA,NA,NA,NA,NA,NA,NA,NA,NA,NA,NA,NA,NA,NA,NA,NA,"Bra007774,Bra007775","Bra018155,Bra018156",NA,NA,NA,NA
"81","Bra039149",NA,NA,NA,"Bra021852,Bra021853",NA,NA,NA,NA,NA,NA,NA,NA,NA,NA,NA,NA,NA,NA,NA,NA,NA,NA,"Bra029493",NA,NA,NA,NA,NA,"Bra033069,Bra033070",NA,"Bra006016",NA,NA,"Bra033402","Bra035563",NA,NA,NA,NA,NA,NA,NA,NA,NA,NA,NA,NA,NA,NA,NA,NA,"Bra009459,Bra009460,Bra009461","Bra026036",NA,NA,NA,NA
"82","Bra004806",NA,NA,NA,"Bra003253",NA,NA,NA,NA,NA,NA,NA,NA,NA,NA,NA,NA,NA,NA,NA,NA,NA,NA,"Bra002261",NA,NA,NA,NA,NA,"Bra039683",NA,"Bra022189",NA,NA,"Bra009355,Bra009356","Bra010018",NA,NA,NA,NA,NA,NA,NA,NA,NA,NA,NA,NA,NA,NA,NA,NA,"Bra000567","Bra016641",NA,NA,NA,NA
"83","Bra001213",NA,NA,NA,"Bra035803,Bra035804",NA,NA,NA,NA,NA,NA,NA,NA,NA,NA,NA,NA,NA,NA,NA,NA,NA,NA,"Bra023227",NA,NA,NA,NA,NA,"Bra000785",NA,"Bra006770",NA,NA,"Bra030858","Bra017342",NA,NA,NA,NA,NA,NA,NA,NA,NA,NA,NA,NA,NA,NA,NA,NA,"Bra025827,Bra025828","Bra039270",NA,NA,NA,NA
"84","Bra002799,tRNA-Ser",NA,NA,NA,"Bra017976",NA,NA,NA,NA,NA,NA,NA,NA,NA,NA,NA,NA,NA,NA,NA,NA,NA,NA,"Bra035649",NA,NA,NA,NA,NA,"Bra038168,Bra038169",NA,"Bra019466,Bra019467",NA,NA,"Bra018329","Bra036763",NA,NA,NA,NA,NA,NA,NA,NA,NA,NA,NA,NA,NA,NA,NA,NA,"Bra005673","Bra002296",NA,NA,NA,NA
"85","Bra033012",NA,NA,NA,"Bra002917,Bra002918",NA,NA,NA,NA,NA,NA,NA,NA,NA,NA,NA,NA,NA,NA,NA,NA,NA,NA,"Bra035734",NA,NA,NA,NA,NA,"Bra036804",NA,"Bra017949,Bra017951",NA,NA,"Bra002373","Bra033451",NA,NA,NA,NA,NA,NA,NA,NA,NA,NA,NA,NA,NA,NA,NA,NA,"Bra035880","Bra000961",NA,NA,NA,NA
"86","Bra026380",NA,NA,NA,"Bra032124",NA,NA,NA,NA,NA,NA,NA,NA,NA,NA,NA,NA,NA,NA,NA,NA,NA,NA,"Bra000157",NA,NA,NA,NA,NA,"Bra008426",NA,"Bra039831",NA,NA,"Bra002900","Bra037091",NA,NA,NA,NA,NA,NA,NA,NA,NA,NA,NA,NA,NA,NA,NA,NA,"Bra038613","Bra023431",NA,NA,NA,NA
"87","Bra004225",NA,NA,NA,"Bra020935",NA,NA,NA,NA,NA,NA,NA,NA,NA,NA,NA,NA,NA,NA,NA,NA,NA,NA,"Bra011275",NA,NA,NA,NA,NA,"Bra035365",NA,"Bra037761",NA,NA,"Bra000036",NA,NA,NA,NA,NA,NA,NA,NA,NA,NA,NA,NA,NA,NA,NA,NA,NA,"Bra012735","Bra009821",NA,NA,NA,NA
"88","Bra011871",NA,NA,NA,"Bra012074",NA,NA,NA,NA,NA,NA,NA,NA,NA,NA,NA,NA,NA,NA,NA,NA,NA,NA,"Bra022760",NA,NA,NA,NA,NA,"Bra023498",NA,"Bra002099,Bra002100",NA,NA,"Bra017454",NA,NA,NA,NA,NA,NA,NA,NA,NA,NA,NA,NA,NA,NA,NA,NA,NA,"Bra020357","Bra027252",NA,NA,NA,NA
"89","Bra004722",NA,NA,NA,"Bra025173",NA,NA,NA,NA,NA,NA,NA,NA,NA,NA,NA,NA,NA,NA,NA,NA,NA,NA,"Bra039321",NA,NA,NA,NA,NA,"Bra023978",NA,"Bra018518",NA,NA,"Bra008602",NA,NA,NA,NA,NA,NA,NA,NA,NA,NA,NA,NA,NA,NA,NA,NA,NA,"Bra023766","Bra004094",NA,NA,NA,NA
"90","Bra004087,snoR74",NA,NA,NA,"Bra039648",NA,NA,NA,NA,NA,NA,NA,NA,NA,NA,NA,NA,NA,NA,NA,NA,NA,NA,"Bra020605,Bra020606",NA,NA,NA,NA,NA,"Bra022245",NA,"Bra033578",NA,NA,"Bra006272,Bra006329",NA,NA,NA,NA,NA,NA,NA,NA,NA,NA,NA,NA,NA,NA,NA,NA,NA,"Bra019785,Bra019786","Bra011596",NA,NA,NA,NA
"91","Bra013804",NA,NA,NA,"Bra029922",NA,NA,NA,NA,NA,NA,NA,NA,NA,NA,NA,NA,NA,NA,NA,NA,NA,NA,"Bra035296",NA,NA,NA,NA,NA,"Bra018141",NA,"Bra006337",NA,NA,"Bra011985",NA,NA,NA,NA,NA,NA,NA,NA,NA,NA,NA,NA,NA,NA,NA,NA,NA,"Bra026946,Bra026947,Bra026948","Bra028459",NA,NA,NA,NA
"92","Bra034368,Bra034369",NA,NA,NA,"Bra012807",NA,NA,NA,NA,NA,NA,NA,NA,NA,NA,NA,NA,NA,NA,NA,NA,NA,NA,"Bra021044,Bra021076,Bra021077",NA,NA,NA,NA,NA,"Bra017008",NA,"Bra012779",NA,NA,"Bra018531",NA,NA,NA,NA,NA,NA,NA,NA,NA,NA,NA,NA,NA,NA,NA,NA,NA,"Bra036266","Bra001539",NA,NA,NA,NA
"93","Bra034758",NA,NA,NA,"Bra015023",NA,NA,NA,NA,NA,NA,NA,NA,NA,NA,NA,NA,NA,NA,NA,NA,NA,NA,"Bra039911",NA,NA,NA,NA,NA,"Bra019701",NA,"Bra024181",NA,NA,"Bra013832",NA,NA,NA,NA,NA,NA,NA,NA,NA,NA,NA,NA,NA,NA,NA,NA,NA,"Bra002137","Bra010028,Bra010029",NA,NA,NA,NA
"94","Bra036234",NA,NA,NA,"Bra032551",NA,NA,NA,NA,NA,NA,NA,NA,NA,NA,NA,NA,NA,NA,NA,NA,NA,NA,"Bra014633",NA,NA,NA,NA,NA,NA,NA,"Bra003765",NA,NA,"Bra012644",NA,NA,NA,NA,NA,NA,NA,NA,NA,NA,NA,NA,NA,NA,NA,NA,NA,"Bra010116","Bra016264",NA,NA,NA,NA
"95","Bra005180",NA,NA,NA,"Bra001104",NA,NA,NA,NA,NA,NA,NA,NA,NA,NA,NA,NA,NA,NA,NA,NA,NA,NA,"Bra030673,Bra030674",NA,NA,NA,NA,NA,NA,NA,"Bra015544",NA,NA,"Bra006639",NA,NA,NA,NA,NA,NA,NA,NA,NA,NA,NA,NA,NA,NA,NA,NA,NA,"Bra012294,Bra012295","Bra019893",NA,NA,NA,NA
"96","Bra019574",NA,NA,NA,"Bra002561",NA,NA,NA,NA,NA,NA,NA,NA,NA,NA,NA,NA,NA,NA,NA,NA,NA,NA,"Bra030585",NA,NA,NA,NA,NA,NA,NA,"Bra003276,Bra003277",NA,NA,"Bra025141,Bra025142",NA,NA,NA,NA,NA,NA,NA,NA,NA,NA,NA,NA,NA,NA,NA,NA,NA,"Bra017133","Bra010954",NA,NA,NA,NA
"97","Bra026484",NA,NA,NA,"Bra028404",NA,NA,NA,NA,NA,NA,NA,NA,NA,NA,NA,NA,NA,NA,NA,NA,NA,NA,"Bra018762",NA,NA,NA,NA,NA,NA,NA,"Bra011268",NA,NA,"Bra008961",NA,NA,NA,NA,NA,NA,NA,NA,NA,NA,NA,NA,NA,NA,NA,NA,NA,"Bra027723","Bra024936",NA,NA,NA,NA
"98","Bra010228",NA,NA,NA,"Bra009670",NA,NA,NA,NA,NA,NA,NA,NA,NA,NA,NA,NA,NA,NA,NA,NA,NA,NA,"Bra020369",NA,NA,NA,NA,NA,NA,NA,"Bra000884",NA,NA,"Bra019210",NA,NA,NA,NA,NA,NA,NA,NA,NA,NA,NA,NA,NA,NA,NA,NA,NA,"Bra032954","Bra036184",NA,NA,NA,NA
"99","Bra005296",NA,NA,NA,"Bra018819",NA,NA,NA,NA,NA,NA,NA,NA,NA,NA,NA,NA,NA,NA,NA,NA,NA,NA,"Bra002156",NA,NA,NA,NA,NA,NA,NA,"Bra038298",NA,NA,"Bra034729,Bra034731",NA,NA,NA,NA,NA,NA,NA,NA,NA,NA,NA,NA,NA,NA,NA,NA,NA,"Bra013517","Bra029969,Bra029970",NA,NA,NA,NA
"100","Bra009004",NA,NA,NA,"Bra031272",NA,NA,NA,NA,NA,NA,NA,NA,NA,NA,NA,NA,NA,NA,NA,NA,NA,NA,"Bra018815",NA,NA,NA,NA,NA,NA,NA,"Bra004388,Bra004389,Bra004390,Bra004391",NA,NA,"Bra011919",NA,NA,NA,NA,NA,NA,NA,NA,NA,NA,NA,NA,NA,NA,NA,NA,NA,"Bra028853,Bra028854","Bra034144",NA,NA,NA,NA
"101","Bra018137",NA,NA,NA,"Bra016835,Bra016836",NA,NA,NA,NA,NA,NA,NA,NA,NA,NA,NA,NA,NA,NA,NA,NA,NA,NA,"Bra040757",NA,NA,NA,NA,NA,NA,NA,"Bra039300",NA,NA,"Bra034383",NA,NA,NA,NA,NA,NA,NA,NA,NA,NA,NA,NA,NA,NA,NA,NA,NA,"Bra031044,Bra031045","Bra017182",NA,NA,NA,NA
"102","Bra003949",NA,NA,NA,"Bra025254",NA,NA,NA,NA,NA,NA,NA,NA,NA,NA,NA,NA,NA,NA,NA,NA,NA,NA,"Bra004995",NA,NA,NA,NA,NA,NA,NA,"Bra010717,Bra010718",NA,NA,"Bra027017",NA,NA,NA,NA,NA,NA,NA,NA,NA,NA,NA,NA,NA,NA,NA,NA,NA,"Bra009299","Bra036216",NA,NA,NA,NA
"103","Bra006629",NA,NA,NA,"Bra001715",NA,NA,NA,NA,NA,NA,NA,NA,NA,NA,NA,NA,NA,NA,NA,NA,NA,NA,"Bra032101",NA,NA,NA,NA,NA,NA,NA,"Bra025989",NA,NA,"Bra017644",NA,NA,NA,NA,NA,NA,NA,NA,NA,NA,NA,NA,NA,NA,NA,NA,NA,"Bra036548","Bra007548",NA,NA,NA,NA
"104","Bra036709,Bra036710",NA,NA,NA,"Bra023634",NA,NA,NA,NA,NA,NA,NA,NA,NA,NA,NA,NA,NA,NA,NA,NA,NA,NA,"Bra012916",NA,NA,NA,NA,NA,NA,NA,"Bra040162",NA,NA,"Bra033747",NA,NA,NA,NA,NA,NA,NA,NA,NA,NA,NA,NA,NA,NA,NA,NA,NA,"Bra005663","Bra001461",NA,NA,NA,NA
"105","Bra036618",NA,NA,NA,"Bra002101",NA,NA,NA,NA,NA,NA,NA,NA,NA,NA,NA,NA,NA,NA,NA,NA,NA,NA,"Bra017203",NA,NA,NA,NA,NA,NA,NA,"Bra037460",NA,NA,"Bra005337",NA,NA,NA,NA,NA,NA,NA,NA,NA,NA,NA,NA,NA,NA,NA,NA,NA,"Bra001447","Bra026191,Bra026192",NA,NA,NA,NA
"106","Bra005881",NA,NA,NA,"Bra038389",NA,NA,NA,NA,NA,NA,NA,NA,NA,NA,NA,NA,NA,NA,NA,NA,NA,NA,"Bra029289",NA,NA,NA,NA,NA,NA,NA,"Bra005019",NA,NA,"Bra005347",NA,NA,NA,NA,NA,NA,NA,NA,NA,NA,NA,NA,NA,NA,NA,NA,NA,"Bra033195","Bra002468",NA,NA,NA,NA
"107","Bra030790",NA,NA,NA,"Bra007499,Bra007500",NA,NA,NA,NA,NA,NA,NA,NA,NA,NA,NA,NA,NA,NA,NA,NA,NA,NA,"Bra035095",NA,NA,NA,NA,NA,NA,NA,"Bra026246",NA,NA,"Bra020215",NA,NA,NA,NA,NA,NA,NA,NA,NA,NA,NA,NA,NA,NA,NA,NA,NA,"Bra032727","Bra014569",NA,NA,NA,NA
"108","Bra012012",NA,NA,NA,"Bra016123",NA,NA,NA,NA,NA,NA,NA,NA,NA,NA,NA,NA,NA,NA,NA,NA,NA,NA,"Bra005749",NA,NA,NA,NA,NA,NA,NA,"Bra041021",NA,NA,NA,NA,NA,NA,NA,NA,NA,NA,NA,NA,NA,NA,NA,NA,NA,NA,NA,NA,"Bra038815","Bra017855",NA,NA,NA,NA
"109","Bra014558",NA,NA,NA,"Bra008747",NA,NA,NA,NA,NA,NA,NA,NA,NA,NA,NA,NA,NA,NA,NA,NA,NA,NA,"Bra011728",NA,NA,NA,NA,NA,NA,NA,"Bra029603",NA,NA,NA,NA,NA,NA,NA,NA,NA,NA,NA,NA,NA,NA,NA,NA,NA,NA,NA,NA,"Bra028624","Bra025212,Bra025213",NA,NA,NA,NA
"110","Bra019205,Bra019206",NA,NA,NA,"Bra002258",NA,NA,NA,NA,NA,NA,NA,NA,NA,NA,NA,NA,NA,NA,NA,NA,NA,NA,"Bra017143,Bra017144",NA,NA,NA,NA,NA,NA,NA,"Bra028912",NA,NA,NA,NA,NA,NA,NA,NA,NA,NA,NA,NA,NA,NA,NA,NA,NA,NA,NA,NA,"Bra027403","Bra020763",NA,NA,NA,NA
"111","Bra012667,Bra012694",NA,NA,NA,"Bra005404",NA,NA,NA,NA,NA,NA,NA,NA,NA,NA,NA,NA,NA,NA,NA,NA,NA,NA,"Bra004943",NA,NA,NA,NA,NA,NA,NA,"Bra022471",NA,NA,NA,NA,NA,NA,NA,NA,NA,NA,NA,NA,NA,NA,NA,NA,NA,NA,NA,NA,"Bra026734","Bra002617",NA,NA,NA,NA
"112","Bra037984",NA,NA,NA,"Bra022830",NA,NA,NA,NA,NA,NA,NA,NA,NA,NA,NA,NA,NA,NA,NA,NA,NA,NA,"Bra020724",NA,NA,NA,NA,NA,NA,NA,"Bra029986",NA,NA,NA,NA,NA,NA,NA,NA,NA,NA,NA,NA,NA,NA,NA,NA,NA,NA,NA,NA,"Bra035658","Bra036528",NA,NA,NA,NA
"113","Bra024320,Bra024321",NA,NA,NA,"Bra001116",NA,NA,NA,NA,NA,NA,NA,NA,NA,NA,NA,NA,NA,NA,NA,NA,NA,NA,"Bra001052",NA,NA,NA,NA,NA,NA,NA,"Bra022219",NA,NA,NA,NA,NA,NA,NA,NA,NA,NA,NA,NA,NA,NA,NA,NA,NA,NA,NA,NA,"Bra002237","Bra026370",NA,NA,NA,NA
"114","Bra011477",NA,NA,NA,"Bra000338",NA,NA,NA,NA,NA,NA,NA,NA,NA,NA,NA,NA,NA,NA,NA,NA,NA,NA,"Bra025480",NA,NA,NA,NA,NA,NA,NA,"Bra006603",NA,NA,NA,NA,NA,NA,NA,NA,NA,NA,NA,NA,NA,NA,NA,NA,NA,NA,NA,NA,"Bra035839,Bra035875,Bra035883","Bra010580",NA,NA,NA,NA
"115","Bra022878",NA,NA,NA,"Bra028796",NA,NA,NA,NA,NA,NA,NA,NA,NA,NA,NA,NA,NA,NA,NA,NA,NA,NA,"Bra016459",NA,NA,NA,NA,NA,NA,NA,"Bra013192,Bra013193",NA,NA,NA,NA,NA,NA,NA,NA,NA,NA,NA,NA,NA,NA,NA,NA,NA,NA,NA,NA,"Bra039113","Bra026222",NA,NA,NA,NA
"116","Bra034834",NA,NA,NA,"Bra011770",NA,NA,NA,NA,NA,NA,NA,NA,NA,NA,NA,NA,NA,NA,NA,NA,NA,NA,"Bra020904",NA,NA,NA,NA,NA,NA,NA,"Bra004077,Bra004078",NA,NA,NA,NA,NA,NA,NA,NA,NA,NA,NA,NA,NA,NA,NA,NA,NA,NA,NA,NA,"Bra040520","Bra038470",NA,NA,NA,NA
"117","Bra005371",NA,NA,NA,"Bra034715,Bra034716",NA,NA,NA,NA,NA,NA,NA,NA,NA,NA,NA,NA,NA,NA,NA,NA,NA,NA,NA,NA,NA,NA,NA,NA,NA,NA,"Bra039837",NA,NA,NA,NA,NA,NA,NA,NA,NA,NA,NA,NA,NA,NA,NA,NA,NA,NA,NA,NA,"Bra013300,Bra013301","Bra006694",NA,NA,NA,NA
"118","Bra008030",NA,NA,NA,"Bra016703",NA,NA,NA,NA,NA,NA,NA,NA,NA,NA,NA,NA,NA,NA,NA,NA,NA,NA,NA,NA,NA,NA,NA,NA,NA,NA,"Bra004940",NA,NA,NA,NA,NA,NA,NA,NA,NA,NA,NA,NA,NA,NA,NA,NA,NA,NA,NA,NA,"Bra020229","Bra032366",NA,NA,NA,NA
"119","Bra036611",NA,NA,NA,"Bra023511",NA,NA,NA,NA,NA,NA,NA,NA,NA,NA,NA,NA,NA,NA,NA,NA,NA,NA,NA,NA,NA,NA,NA,NA,NA,NA,"Bra017134",NA,NA,NA,NA,NA,NA,NA,NA,NA,NA,NA,NA,NA,NA,NA,NA,NA,NA,NA,NA,"Bra001550","Bra018223",NA,NA,NA,NA
"120","Bra038600",NA,NA,NA,"Bra006454",NA,NA,NA,NA,NA,NA,NA,NA,NA,NA,NA,NA,NA,NA,NA,NA,NA,NA,NA,NA,NA,NA,NA,NA,NA,NA,"Bra039407,Bra039408",NA,NA,NA,NA,NA,NA,NA,NA,NA,NA,NA,NA,NA,NA,NA,NA,NA,NA,NA,NA,"Bra015885,Bra015886","Bra031935,Bra031936",NA,NA,NA,NA
"121","Bra000853",NA,NA,NA,"Bra006340",NA,NA,NA,NA,NA,NA,NA,NA,NA,NA,NA,NA,NA,NA,NA,NA,NA,NA,NA,NA,NA,NA,NA,NA,NA,NA,"Bra005227,Bra005229",NA,NA,NA,NA,NA,NA,NA,NA,NA,NA,NA,NA,NA,NA,NA,NA,NA,NA,NA,NA,"Bra026087","Bra035360",NA,NA,NA,NA
"122","Bra010330",NA,NA,NA,"Bra002424,Bra002425",NA,NA,NA,NA,NA,NA,NA,NA,NA,NA,NA,NA,NA,NA,NA,NA,NA,NA,NA,NA,NA,NA,NA,NA,NA,NA,"Bra008592",NA,NA,NA,NA,NA,NA,NA,NA,NA,NA,NA,NA,NA,NA,NA,NA,NA,NA,NA,NA,NA,"Bra038636",NA,NA,NA,NA
"123","Bra006567",NA,NA,NA,"Bra034364",NA,NA,NA,NA,NA,NA,NA,NA,NA,NA,NA,NA,NA,NA,NA,NA,NA,NA,NA,NA,NA,NA,NA,NA,NA,NA,"Bra035446",NA,NA,NA,NA,NA,NA,NA,NA,NA,NA,NA,NA,NA,NA,NA,NA,NA,NA,NA,NA,NA,"Bra008663",NA,NA,NA,NA
"124","Bra040197",NA,NA,NA,"Bra000440",NA,NA,NA,NA,NA,NA,NA,NA,NA,NA,NA,NA,NA,NA,NA,NA,NA,NA,NA,NA,NA,NA,NA,NA,NA,NA,"Bra027662",NA,NA,NA,NA,NA,NA,NA,NA,NA,NA,NA,NA,NA,NA,NA,NA,NA,NA,NA,NA,NA,"Bra037888",NA,NA,NA,NA
"125","Bra006936",NA,NA,NA,"Bra014503",NA,NA,NA,NA,NA,NA,NA,NA,NA,NA,NA,NA,NA,NA,NA,NA,NA,NA,NA,NA,NA,NA,NA,NA,NA,NA,"Bra029515",NA,NA,NA,NA,NA,NA,NA,NA,NA,NA,NA,NA,NA,NA,NA,NA,NA,NA,NA,NA,NA,"Bra025309",NA,NA,NA,NA
"126","Bra040117",NA,NA,NA,"Bra011106",NA,NA,NA,NA,NA,NA,NA,NA,NA,NA,NA,NA,NA,NA,NA,NA,NA,NA,NA,NA,NA,NA,NA,NA,NA,NA,"Bra024934,Bra024935",NA,NA,NA,NA,NA,NA,NA,NA,NA,NA,NA,NA,NA,NA,NA,NA,NA,NA,NA,NA,NA,"Bra018628",NA,NA,NA,NA
"127","Bra005635",NA,NA,NA,"Bra017749",NA,NA,NA,NA,NA,NA,NA,NA,NA,NA,NA,NA,NA,NA,NA,NA,NA,NA,NA,NA,NA,NA,NA,NA,NA,NA,"Bra027877",NA,NA,NA,NA,NA,NA,NA,NA,NA,NA,NA,NA,NA,NA,NA,NA,NA,NA,NA,NA,NA,"Bra033413",NA,NA,NA,NA
"128","Bra009617",NA,NA,NA,NA,NA,NA,NA,NA,NA,NA,NA,NA,NA,NA,NA,NA,NA,NA,NA,NA,NA,NA,NA,NA,NA,NA,NA,NA,NA,NA,"Bra005822",NA,NA,NA,NA,NA,NA,NA,NA,NA,NA,NA,NA,NA,NA,NA,NA,NA,NA,NA,NA,NA,"Bra011584",NA,NA,NA,NA
"129","Bra032134",NA,NA,NA,NA,NA,NA,NA,NA,NA,NA,NA,NA,NA,NA,NA,NA,NA,NA,NA,NA,NA,NA,NA,NA,NA,NA,NA,NA,NA,NA,"Bra018824,Bra018826",NA,NA,NA,NA,NA,NA,NA,NA,NA,NA,NA,NA,NA,NA,NA,NA,NA,NA,NA,NA,NA,"Bra001186",NA,NA,NA,NA
"130","Bra015319",NA,NA,NA,NA,NA,NA,NA,NA,NA,NA,NA,NA,NA,NA,NA,NA,NA,NA,NA,NA,NA,NA,NA,NA,NA,NA,NA,NA,NA,NA,"Bra026466",NA,NA,NA,NA,NA,NA,NA,NA,NA,NA,NA,NA,NA,NA,NA,NA,NA,NA,NA,NA,NA,"Bra023549",NA,NA,NA,NA
"131","Bra006553",NA,NA,NA,NA,NA,NA,NA,NA,NA,NA,NA,NA,NA,NA,NA,NA,NA,NA,NA,NA,NA,NA,NA,NA,NA,NA,NA,NA,NA,NA,"Bra009090",NA,NA,NA,NA,NA,NA,NA,NA,NA,NA,NA,NA,NA,NA,NA,NA,NA,NA,NA,NA,NA,"Bra036527",NA,NA,NA,NA
"132","Bra033491",NA,NA,NA,NA,NA,NA,NA,NA,NA,NA,NA,NA,NA,NA,NA,NA,NA,NA,NA,NA,NA,NA,NA,NA,NA,NA,NA,NA,NA,NA,"Bra013172,Bra013173",NA,NA,NA,NA,NA,NA,NA,NA,NA,NA,NA,NA,NA,NA,NA,NA,NA,NA,NA,NA,NA,"Bra025660",NA,NA,NA,NA
"133","Bra010620,Bra010621",NA,NA,NA,NA,NA,NA,NA,NA,NA,NA,NA,NA,NA,NA,NA,NA,NA,NA,NA,NA,NA,NA,NA,NA,NA,NA,NA,NA,NA,NA,"Bra009768",NA,NA,NA,NA,NA,NA,NA,NA,NA,NA,NA,NA,NA,NA,NA,NA,NA,NA,NA,NA,NA,"Bra004436",NA,NA,NA,NA
"134","Bra036625",NA,NA,NA,NA,NA,NA,NA,NA,NA,NA,NA,NA,NA,NA,NA,NA,NA,NA,NA,NA,NA,NA,NA,NA,NA,NA,NA,NA,NA,NA,"Bra022553",NA,NA,NA,NA,NA,NA,NA,NA,NA,NA,NA,NA,NA,NA,NA,NA,NA,NA,NA,NA,NA,"Bra038863",NA,NA,NA,NA
"135","Bra033172",NA,NA,NA,NA,NA,NA,NA,NA,NA,NA,NA,NA,NA,NA,NA,NA,NA,NA,NA,NA,NA,NA,NA,NA,NA,NA,NA,NA,NA,NA,"Bra000321",NA,NA,NA,NA,NA,NA,NA,NA,NA,NA,NA,NA,NA,NA,NA,NA,NA,NA,NA,NA,NA,"Bra019665",NA,NA,NA,NA
"136","Bra006626",NA,NA,NA,NA,NA,NA,NA,NA,NA,NA,NA,NA,NA,NA,NA,NA,NA,NA,NA,NA,NA,NA,NA,NA,NA,NA,NA,NA,NA,NA,"Bra010189",NA,NA,NA,NA,NA,NA,NA,NA,NA,NA,NA,NA,NA,NA,NA,NA,NA,NA,NA,NA,NA,"Bra040011",NA,NA,NA,NA
"137","Bra026477",NA,NA,NA,NA,NA,NA,NA,NA,NA,NA,NA,NA,NA,NA,NA,NA,NA,NA,NA,NA,NA,NA,NA,NA,NA,NA,NA,NA,NA,NA,"Bra032109",NA,NA,NA,NA,NA,NA,NA,NA,NA,NA,NA,NA,NA,NA,NA,NA,NA,NA,NA,NA,NA,"Bra035153",NA,NA,NA,NA
"138","Bra040895",NA,NA,NA,NA,NA,NA,NA,NA,NA,NA,NA,NA,NA,NA,NA,NA,NA,NA,NA,NA,NA,NA,NA,NA,NA,NA,NA,NA,NA,NA,"Bra021134",NA,NA,NA,NA,NA,NA,NA,NA,NA,NA,NA,NA,NA,NA,NA,NA,NA,NA,NA,NA,NA,"Bra003670",NA,NA,NA,NA
"139","Bra017279",NA,NA,NA,NA,NA,NA,NA,NA,NA,NA,NA,NA,NA,NA,NA,NA,NA,NA,NA,NA,NA,NA,NA,NA,NA,NA,NA,NA,NA,NA,"Bra027783,Bra027784",NA,NA,NA,NA,NA,NA,NA,NA,NA,NA,NA,NA,NA,NA,NA,NA,NA,NA,NA,NA,NA,"Bra032061",NA,NA,NA,NA
"140","Bra008144,Bra008145",NA,NA,NA,NA,NA,NA,NA,NA,NA,NA,NA,NA,NA,NA,NA,NA,NA,NA,NA,NA,NA,NA,NA,NA,NA,NA,NA,NA,NA,NA,"Bra035841",NA,NA,NA,NA,NA,NA,NA,NA,NA,NA,NA,NA,NA,NA,NA,NA,NA,NA,NA,NA,NA,NA,NA,NA,NA,NA
"141","Bra036669",NA,NA,NA,NA,NA,NA,NA,NA,NA,NA,NA,NA,NA,NA,NA,NA,NA,NA,NA,NA,NA,NA,NA,NA,NA,NA,NA,NA,NA,NA,"Bra023033",NA,NA,NA,NA,NA,NA,NA,NA,NA,NA,NA,NA,NA,NA,NA,NA,NA,NA,NA,NA,NA,NA,NA,NA,NA,NA
"142","Bra023052",NA,NA,NA,NA,NA,NA,NA,NA,NA,NA,NA,NA,NA,NA,NA,NA,NA,NA,NA,NA,NA,NA,NA,NA,NA,NA,NA,NA,NA,NA,"Bra000534",NA,NA,NA,NA,NA,NA,NA,NA,NA,NA,NA,NA,NA,NA,NA,NA,NA,NA,NA,NA,NA,NA,NA,NA,NA,NA
"143","Bra006768",NA,NA,NA,NA,NA,NA,NA,NA,NA,NA,NA,NA,NA,NA,NA,NA,NA,NA,NA,NA,NA,NA,NA,NA,NA,NA,NA,NA,NA,NA,"Bra005397",NA,NA,NA,NA,NA,NA,NA,NA,NA,NA,NA,NA,NA,NA,NA,NA,NA,NA,NA,NA,NA,NA,NA,NA,NA,NA
"144","Bra013284",NA,NA,NA,NA,NA,NA,NA,NA,NA,NA,NA,NA,NA,NA,NA,NA,NA,NA,NA,NA,NA,NA,NA,NA,NA,NA,NA,NA,NA,NA,"Bra030064",NA,NA,NA,NA,NA,NA,NA,NA,NA,NA,NA,NA,NA,NA,NA,NA,NA,NA,NA,NA,NA,NA,NA,NA,NA,NA
"145","Bra034643",NA,NA,NA,NA,NA,NA,NA,NA,NA,NA,NA,NA,NA,NA,NA,NA,NA,NA,NA,NA,NA,NA,NA,NA,NA,NA,NA,NA,NA,NA,"Bra000878",NA,NA,NA,NA,NA,NA,NA,NA,NA,NA,NA,NA,NA,NA,NA,NA,NA,NA,NA,NA,NA,NA,NA,NA,NA,NA
"146","Bra035939",NA,NA,NA,NA,NA,NA,NA,NA,NA,NA,NA,NA,NA,NA,NA,NA,NA,NA,NA,NA,NA,NA,NA,NA,NA,NA,NA,NA,NA,NA,"Bra017666",NA,NA,NA,NA,NA,NA,NA,NA,NA,NA,NA,NA,NA,NA,NA,NA,NA,NA,NA,NA,NA,NA,NA,NA,NA,NA
"147","Bra020681",NA,NA,NA,NA,NA,NA,NA,NA,NA,NA,NA,NA,NA,NA,NA,NA,NA,NA,NA,NA,NA,NA,NA,NA,NA,NA,NA,NA,NA,NA,"Bra000144",NA,NA,NA,NA,NA,NA,NA,NA,NA,NA,NA,NA,NA,NA,NA,NA,NA,NA,NA,NA,NA,NA,NA,NA,NA,NA
"148","Bra009292",NA,NA,NA,NA,NA,NA,NA,NA,NA,NA,NA,NA,NA,NA,NA,NA,NA,NA,NA,NA,NA,NA,NA,NA,NA,NA,NA,NA,NA,NA,"Bra004024",NA,NA,NA,NA,NA,NA,NA,NA,NA,NA,NA,NA,NA,NA,NA,NA,NA,NA,NA,NA,NA,NA,NA,NA,NA,NA
"149","Bra019143,Bra019144",NA,NA,NA,NA,NA,NA,NA,NA,NA,NA,NA,NA,NA,NA,NA,NA,NA,NA,NA,NA,NA,NA,NA,NA,NA,NA,NA,NA,NA,NA,"Bra016776",NA,NA,NA,NA,NA,NA,NA,NA,NA,NA,NA,NA,NA,NA,NA,NA,NA,NA,NA,NA,NA,NA,NA,NA,NA,NA
"150","Bra035819,Bra035820",NA,NA,NA,NA,NA,NA,NA,NA,NA,NA,NA,NA,NA,NA,NA,NA,NA,NA,NA,NA,NA,NA,NA,NA,NA,NA,NA,NA,NA,NA,"Bra010106",NA,NA,NA,NA,NA,NA,NA,NA,NA,NA,NA,NA,NA,NA,NA,NA,NA,NA,NA,NA,NA,NA,NA,NA,NA,NA
"151","Bra016062",NA,NA,NA,NA,NA,NA,NA,NA,NA,NA,NA,NA,NA,NA,NA,NA,NA,NA,NA,NA,NA,NA,NA,NA,NA,NA,NA,NA,NA,NA,"Bra024345,tRNA-Arg",NA,NA,NA,NA,NA,NA,NA,NA,NA,NA,NA,NA,NA,NA,NA,NA,NA,NA,NA,NA,NA,NA,NA,NA,NA,NA
"152","Bra012580,tRNA-Glu",NA,NA,NA,NA,NA,NA,NA,NA,NA,NA,NA,NA,NA,NA,NA,NA,NA,NA,NA,NA,NA,NA,NA,NA,NA,NA,NA,NA,NA,NA,"Bra034862,Bra034863",NA,NA,NA,NA,NA,NA,NA,NA,NA,NA,NA,NA,NA,NA,NA,NA,NA,NA,NA,NA,NA,NA,NA,NA,NA,NA
"153","Bra011551",NA,NA,NA,NA,NA,NA,NA,NA,NA,NA,NA,NA,NA,NA,NA,NA,NA,NA,NA,NA,NA,NA,NA,NA,NA,NA,NA,NA,NA,NA,"Bra039323",NA,NA,NA,NA,NA,NA,NA,NA,NA,NA,NA,NA,NA,NA,NA,NA,NA,NA,NA,NA,NA,NA,NA,NA,NA,NA
"154","Bra028856",NA,NA,NA,NA,NA,NA,NA,NA,NA,NA,NA,NA,NA,NA,NA,NA,NA,NA,NA,NA,NA,NA,NA,NA,NA,NA,NA,NA,NA,NA,"Bra034573",NA,NA,NA,NA,NA,NA,NA,NA,NA,NA,NA,NA,NA,NA,NA,NA,NA,NA,NA,NA,NA,NA,NA,NA,NA,NA
"155","Bra028708",NA,NA,NA,NA,NA,NA,NA,NA,NA,NA,NA,NA,NA,NA,NA,NA,NA,NA,NA,NA,NA,NA,NA,NA,NA,NA,NA,NA,NA,NA,"Bra031898",NA,NA,NA,NA,NA,NA,NA,NA,NA,NA,NA,NA,NA,NA,NA,NA,NA,NA,NA,NA,NA,NA,NA,NA,NA,NA
"156","Bra014387",NA,NA,NA,NA,NA,NA,NA,NA,NA,NA,NA,NA,NA,NA,NA,NA,NA,NA,NA,NA,NA,NA,NA,NA,NA,NA,NA,NA,NA,NA,"Bra023434",NA,NA,NA,NA,NA,NA,NA,NA,NA,NA,NA,NA,NA,NA,NA,NA,NA,NA,NA,NA,NA,NA,NA,NA,NA,NA
"157","Bra001911",NA,NA,NA,NA,NA,NA,NA,NA,NA,NA,NA,NA,NA,NA,NA,NA,NA,NA,NA,NA,NA,NA,NA,NA,NA,NA,NA,NA,NA,NA,"Bra022574",NA,NA,NA,NA,NA,NA,NA,NA,NA,NA,NA,NA,NA,NA,NA,NA,NA,NA,NA,NA,NA,NA,NA,NA,NA,NA
"158","Bra038714",NA,NA,NA,NA,NA,NA,NA,NA,NA,NA,NA,NA,NA,NA,NA,NA,NA,NA,NA,NA,NA,NA,NA,NA,NA,NA,NA,NA,NA,NA,"Bra020042",NA,NA,NA,NA,NA,NA,NA,NA,NA,NA,NA,NA,NA,NA,NA,NA,NA,NA,NA,NA,NA,NA,NA,NA,NA,NA
"159","Bra019662",NA,NA,NA,NA,NA,NA,NA,NA,NA,NA,NA,NA,NA,NA,NA,NA,NA,NA,NA,NA,NA,NA,NA,NA,NA,NA,NA,NA,NA,NA,"Bra018995",NA,NA,NA,NA,NA,NA,NA,NA,NA,NA,NA,NA,NA,NA,NA,NA,NA,NA,NA,NA,NA,NA,NA,NA,NA,NA
"160","Bra001450",NA,NA,NA,NA,NA,NA,NA,NA,NA,NA,NA,NA,NA,NA,NA,NA,NA,NA,NA,NA,NA,NA,NA,NA,NA,NA,NA,NA,NA,NA,"Bra013912",NA,NA,NA,NA,NA,NA,NA,NA,NA,NA,NA,NA,NA,NA,NA,NA,NA,NA,NA,NA,NA,NA,NA,NA,NA,NA
"161","Bra002483",NA,NA,NA,NA,NA,NA,NA,NA,NA,NA,NA,NA,NA,NA,NA,NA,NA,NA,NA,NA,NA,NA,NA,NA,NA,NA,NA,NA,NA,NA,"Bra009449",NA,NA,NA,NA,NA,NA,NA,NA,NA,NA,NA,NA,NA,NA,NA,NA,NA,NA,NA,NA,NA,NA,NA,NA,NA,NA
"162","Bra033311",NA,NA,NA,NA,NA,NA,NA,NA,NA,NA,NA,NA,NA,NA,NA,NA,NA,NA,NA,NA,NA,NA,NA,NA,NA,NA,NA,NA,NA,NA,"Bra009364",NA,NA,NA,NA,NA,NA,NA,NA,NA,NA,NA,NA,NA,NA,NA,NA,NA,NA,NA,NA,NA,NA,NA,NA,NA,NA
"163","Bra009706,Bra009707",NA,NA,NA,NA,NA,NA,NA,NA,NA,NA,NA,NA,NA,NA,NA,NA,NA,NA,NA,NA,NA,NA,NA,NA,NA,NA,NA,NA,NA,NA,"Bra005709",NA,NA,NA,NA,NA,NA,NA,NA,NA,NA,NA,NA,NA,NA,NA,NA,NA,NA,NA,NA,NA,NA,NA,NA,NA,NA
"164","Bra001154",NA,NA,NA,NA,NA,NA,NA,NA,NA,NA,NA,NA,NA,NA,NA,NA,NA,NA,NA,NA,NA,NA,NA,NA,NA,NA,NA,NA,NA,NA,"Bra003757,U4",NA,NA,NA,NA,NA,NA,NA,NA,NA,NA,NA,NA,NA,NA,NA,NA,NA,NA,NA,NA,NA,NA,NA,NA,NA,NA
"165","Bra014081",NA,NA,NA,NA,NA,NA,NA,NA,NA,NA,NA,NA,NA,NA,NA,NA,NA,NA,NA,NA,NA,NA,NA,NA,NA,NA,NA,NA,NA,NA,"Bra024579,Bra024580",NA,NA,NA,NA,NA,NA,NA,NA,NA,NA,NA,NA,NA,NA,NA,NA,NA,NA,NA,NA,NA,NA,NA,NA,NA,NA
"166","Bra013215",NA,NA,NA,NA,NA,NA,NA,NA,NA,NA,NA,NA,NA,NA,NA,NA,NA,NA,NA,NA,NA,NA,NA,NA,NA,NA,NA,NA,NA,NA,"Bra035042,Bra035043",NA,NA,NA,NA,NA,NA,NA,NA,NA,NA,NA,NA,NA,NA,NA,NA,NA,NA,NA,NA,NA,NA,NA,NA,NA,NA
"167","Bra024896",NA,NA,NA,NA,NA,NA,NA,NA,NA,NA,NA,NA,NA,NA,NA,NA,NA,NA,NA,NA,NA,NA,NA,NA,NA,NA,NA,NA,NA,NA,"Bra040211",NA,NA,NA,NA,NA,NA,NA,NA,NA,NA,NA,NA,NA,NA,NA,NA,NA,NA,NA,NA,NA,NA,NA,NA,NA,NA
"168","Bra008643",NA,NA,NA,NA,NA,NA,NA,NA,NA,NA,NA,NA,NA,NA,NA,NA,NA,NA,NA,NA,NA,NA,NA,NA,NA,NA,NA,NA,NA,NA,NA,NA,NA,NA,NA,NA,NA,NA,NA,NA,NA,NA,NA,NA,NA,NA,NA,NA,NA,NA,NA,NA,NA,NA,NA,NA,NA
"169","Bra010455",NA,NA,NA,NA,NA,NA,NA,NA,NA,NA,NA,NA,NA,NA,NA,NA,NA,NA,NA,NA,NA,NA,NA,NA,NA,NA,NA,NA,NA,NA,NA,NA,NA,NA,NA,NA,NA,NA,NA,NA,NA,NA,NA,NA,NA,NA,NA,NA,NA,NA,NA,NA,NA,NA,NA,NA,NA
"170","Bra010943",NA,NA,NA,NA,NA,NA,NA,NA,NA,NA,NA,NA,NA,NA,NA,NA,NA,NA,NA,NA,NA,NA,NA,NA,NA,NA,NA,NA,NA,NA,NA,NA,NA,NA,NA,NA,NA,NA,NA,NA,NA,NA,NA,NA,NA,NA,NA,NA,NA,NA,NA,NA,NA,NA,NA,NA,NA
"171","Bra027985,Bra027986",NA,NA,NA,NA,NA,NA,NA,NA,NA,NA,NA,NA,NA,NA,NA,NA,NA,NA,NA,NA,NA,NA,NA,NA,NA,NA,NA,NA,NA,NA,NA,NA,NA,NA,NA,NA,NA,NA,NA,NA,NA,NA,NA,NA,NA,NA,NA,NA,NA,NA,NA,NA,NA,NA,NA,NA,NA
"172","Bra040409",NA,NA,NA,NA,NA,NA,NA,NA,NA,NA,NA,NA,NA,NA,NA,NA,NA,NA,NA,NA,NA,NA,NA,NA,NA,NA,NA,NA,NA,NA,NA,NA,NA,NA,NA,NA,NA,NA,NA,NA,NA,NA,NA,NA,NA,NA,NA,NA,NA,NA,NA,NA,NA,NA,NA,NA,NA
"173","Bra029780",NA,NA,NA,NA,NA,NA,NA,NA,NA,NA,NA,NA,NA,NA,NA,NA,NA,NA,NA,NA,NA,NA,NA,NA,NA,NA,NA,NA,NA,NA,NA,NA,NA,NA,NA,NA,NA,NA,NA,NA,NA,NA,NA,NA,NA,NA,NA,NA,NA,NA,NA,NA,NA,NA,NA,NA,NA
"174","Bra035298",NA,NA,NA,NA,NA,NA,NA,NA,NA,NA,NA,NA,NA,NA,NA,NA,NA,NA,NA,NA,NA,NA,NA,NA,NA,NA,NA,NA,NA,NA,NA,NA,NA,NA,NA,NA,NA,NA,NA,NA,NA,NA,NA,NA,NA,NA,NA,NA,NA,NA,NA,NA,NA,NA,NA,NA,NA
"175","Bra029751",NA,NA,NA,NA,NA,NA,NA,NA,NA,NA,NA,NA,NA,NA,NA,NA,NA,NA,NA,NA,NA,NA,NA,NA,NA,NA,NA,NA,NA,NA,NA,NA,NA,NA,NA,NA,NA,NA,NA,NA,NA,NA,NA,NA,NA,NA,NA,NA,NA,NA,NA,NA,NA,NA,NA,NA,NA
"176","Bra033346",NA,NA,NA,NA,NA,NA,NA,NA,NA,NA,NA,NA,NA,NA,NA,NA,NA,NA,NA,NA,NA,NA,NA,NA,NA,NA,NA,NA,NA,NA,NA,NA,NA,NA,NA,NA,NA,NA,NA,NA,NA,NA,NA,NA,NA,NA,NA,NA,NA,NA,NA,NA,NA,NA,NA,NA,NA
"177","Bra027911",NA,NA,NA,NA,NA,NA,NA,NA,NA,NA,NA,NA,NA,NA,NA,NA,NA,NA,NA,NA,NA,NA,NA,NA,NA,NA,NA,NA,NA,NA,NA,NA,NA,NA,NA,NA,NA,NA,NA,NA,NA,NA,NA,NA,NA,NA,NA,NA,NA,NA,NA,NA,NA,NA,NA,NA,NA
"178","Bra020280",NA,NA,NA,NA,NA,NA,NA,NA,NA,NA,NA,NA,NA,NA,NA,NA,NA,NA,NA,NA,NA,NA,NA,NA,NA,NA,NA,NA,NA,NA,NA,NA,NA,NA,NA,NA,NA,NA,NA,NA,NA,NA,NA,NA,NA,NA,NA,NA,NA,NA,NA,NA,NA,NA,NA,NA,NA
"179","Bra015088",NA,NA,NA,NA,NA,NA,NA,NA,NA,NA,NA,NA,NA,NA,NA,NA,NA,NA,NA,NA,NA,NA,NA,NA,NA,NA,NA,NA,NA,NA,NA,NA,NA,NA,NA,NA,NA,NA,NA,NA,NA,NA,NA,NA,NA,NA,NA,NA,NA,NA,NA,NA,NA,NA,NA,NA,NA
"180","Bra001127",NA,NA,NA,NA,NA,NA,NA,NA,NA,NA,NA,NA,NA,NA,NA,NA,NA,NA,NA,NA,NA,NA,NA,NA,NA,NA,NA,NA,NA,NA,NA,NA,NA,NA,NA,NA,NA,NA,NA,NA,NA,NA,NA,NA,NA,NA,NA,NA,NA,NA,NA,NA,NA,NA,NA,NA,NA
"181","Bra007669",NA,NA,NA,NA,NA,NA,NA,NA,NA,NA,NA,NA,NA,NA,NA,NA,NA,NA,NA,NA,NA,NA,NA,NA,NA,NA,NA,NA,NA,NA,NA,NA,NA,NA,NA,NA,NA,NA,NA,NA,NA,NA,NA,NA,NA,NA,NA,NA,NA,NA,NA,NA,NA,NA,NA,NA,NA
"182","Bra005923",NA,NA,NA,NA,NA,NA,NA,NA,NA,NA,NA,NA,NA,NA,NA,NA,NA,NA,NA,NA,NA,NA,NA,NA,NA,NA,NA,NA,NA,NA,NA,NA,NA,NA,NA,NA,NA,NA,NA,NA,NA,NA,NA,NA,NA,NA,NA,NA,NA,NA,NA,NA,NA,NA,NA,NA,NA
"183","Bra015131",NA,NA,NA,NA,NA,NA,NA,NA,NA,NA,NA,NA,NA,NA,NA,NA,NA,NA,NA,NA,NA,NA,NA,NA,NA,NA,NA,NA,NA,NA,NA,NA,NA,NA,NA,NA,NA,NA,NA,NA,NA,NA,NA,NA,NA,NA,NA,NA,NA,NA,NA,NA,NA,NA,NA,NA,NA
"184","Bra009431",NA,NA,NA,NA,NA,NA,NA,NA,NA,NA,NA,NA,NA,NA,NA,NA,NA,NA,NA,NA,NA,NA,NA,NA,NA,NA,NA,NA,NA,NA,NA,NA,NA,NA,NA,NA,NA,NA,NA,NA,NA,NA,NA,NA,NA,NA,NA,NA,NA,NA,NA,NA,NA,NA,NA,NA,NA
"185","Bra028778",NA,NA,NA,NA,NA,NA,NA,NA,NA,NA,NA,NA,NA,NA,NA,NA,NA,NA,NA,NA,NA,NA,NA,NA,NA,NA,NA,NA,NA,NA,NA,NA,NA,NA,NA,NA,NA,NA,NA,NA,NA,NA,NA,NA,NA,NA,NA,NA,NA,NA,NA,NA,NA,NA,NA,NA,NA
"186","Bra004654",NA,NA,NA,NA,NA,NA,NA,NA,NA,NA,NA,NA,NA,NA,NA,NA,NA,NA,NA,NA,NA,NA,NA,NA,NA,NA,NA,NA,NA,NA,NA,NA,NA,NA,NA,NA,NA,NA,NA,NA,NA,NA,NA,NA,NA,NA,NA,NA,NA,NA,NA,NA,NA,NA,NA,NA,NA
"187","Bra019068,Bra019069,Bra019070",NA,NA,NA,NA,NA,NA,NA,NA,NA,NA,NA,NA,NA,NA,NA,NA,NA,NA,NA,NA,NA,NA,NA,NA,NA,NA,NA,NA,NA,NA,NA,NA,NA,NA,NA,NA,NA,NA,NA,NA,NA,NA,NA,NA,NA,NA,NA,NA,NA,NA,NA,NA,NA,NA,NA,NA,NA
"188","Bra009577",NA,NA,NA,NA,NA,NA,NA,NA,NA,NA,NA,NA,NA,NA,NA,NA,NA,NA,NA,NA,NA,NA,NA,NA,NA,NA,NA,NA,NA,NA,NA,NA,NA,NA,NA,NA,NA,NA,NA,NA,NA,NA,NA,NA,NA,NA,NA,NA,NA,NA,NA,NA,NA,NA,NA,NA,NA
"189","Bra034800",NA,NA,NA,NA,NA,NA,NA,NA,NA,NA,NA,NA,NA,NA,NA,NA,NA,NA,NA,NA,NA,NA,NA,NA,NA,NA,NA,NA,NA,NA,NA,NA,NA,NA,NA,NA,NA,NA,NA,NA,NA,NA,NA,NA,NA,NA,NA,NA,NA,NA,NA,NA,NA,NA,NA,NA,NA
"190","Bra007151,Bra007152",NA,NA,NA,NA,NA,NA,NA,NA,NA,NA,NA,NA,NA,NA,NA,NA,NA,NA,NA,NA,NA,NA,NA,NA,NA,NA,NA,NA,NA,NA,NA,NA,NA,NA,NA,NA,NA,NA,NA,NA,NA,NA,NA,NA,NA,NA,NA,NA,NA,NA,NA,NA,NA,NA,NA,NA,NA
"191","Bra001156",NA,NA,NA,NA,NA,NA,NA,NA,NA,NA,NA,NA,NA,NA,NA,NA,NA,NA,NA,NA,NA,NA,NA,NA,NA,NA,NA,NA,NA,NA,NA,NA,NA,NA,NA,NA,NA,NA,NA,NA,NA,NA,NA,NA,NA,NA,NA,NA,NA,NA,NA,NA,NA,NA,NA,NA,NA
"192","Bra030045,snoR74",NA,NA,NA,NA,NA,NA,NA,NA,NA,NA,NA,NA,NA,NA,NA,NA,NA,NA,NA,NA,NA,NA,NA,NA,NA,NA,NA,NA,NA,NA,NA,NA,NA,NA,NA,NA,NA,NA,NA,NA,NA,NA,NA,NA,NA,NA,NA,NA,NA,NA,NA,NA,NA,NA,NA,NA,NA
"193","Bra002290,Bra002291",NA,NA,NA,NA,NA,NA,NA,NA,NA,NA,NA,NA,NA,NA,NA,NA,NA,NA,NA,NA,NA,NA,NA,NA,NA,NA,NA,NA,NA,NA,NA,NA,NA,NA,NA,NA,NA,NA,NA,NA,NA,NA,NA,NA,NA,NA,NA,NA,NA,NA,NA,NA,NA,NA,NA,NA,NA
"194","Bra007930",NA,NA,NA,NA,NA,NA,NA,NA,NA,NA,NA,NA,NA,NA,NA,NA,NA,NA,NA,NA,NA,NA,NA,NA,NA,NA,NA,NA,NA,NA,NA,NA,NA,NA,NA,NA,NA,NA,NA,NA,NA,NA,NA,NA,NA,NA,NA,NA,NA,NA,NA,NA,NA,NA,NA,NA,NA
"195","Bra018689",NA,NA,NA,NA,NA,NA,NA,NA,NA,NA,NA,NA,NA,NA,NA,NA,NA,NA,NA,NA,NA,NA,NA,NA,NA,NA,NA,NA,NA,NA,NA,NA,NA,NA,NA,NA,NA,NA,NA,NA,NA,NA,NA,NA,NA,NA,NA,NA,NA,NA,NA,NA,NA,NA,NA,NA,NA
"196","Bra003512",NA,NA,NA,NA,NA,NA,NA,NA,NA,NA,NA,NA,NA,NA,NA,NA,NA,NA,NA,NA,NA,NA,NA,NA,NA,NA,NA,NA,NA,NA,NA,NA,NA,NA,NA,NA,NA,NA,NA,NA,NA,NA,NA,NA,NA,NA,NA,NA,NA,NA,NA,NA,NA,NA,NA,NA,NA
"197","Bra011664",NA,NA,NA,NA,NA,NA,NA,NA,NA,NA,NA,NA,NA,NA,NA,NA,NA,NA,NA,NA,NA,NA,NA,NA,NA,NA,NA,NA,NA,NA,NA,NA,NA,NA,NA,NA,NA,NA,NA,NA,NA,NA,NA,NA,NA,NA,NA,NA,NA,NA,NA,NA,NA,NA,NA,NA,NA
"198","Bra006289",NA,NA,NA,NA,NA,NA,NA,NA,NA,NA,NA,NA,NA,NA,NA,NA,NA,NA,NA,NA,NA,NA,NA,NA,NA,NA,NA,NA,NA,NA,NA,NA,NA,NA,NA,NA,NA,NA,NA,NA,NA,NA,NA,NA,NA,NA,NA,NA,NA,NA,NA,NA,NA,NA,NA,NA,NA
"199","Bra023104",NA,NA,NA,NA,NA,NA,NA,NA,NA,NA,NA,NA,NA,NA,NA,NA,NA,NA,NA,NA,NA,NA,NA,NA,NA,NA,NA,NA,NA,NA,NA,NA,NA,NA,NA,NA,NA,NA,NA,NA,NA,NA,NA,NA,NA,NA,NA,NA,NA,NA,NA,NA,NA,NA,NA,NA,NA
"200","Bra018549",NA,NA,NA,NA,NA,NA,NA,NA,NA,NA,NA,NA,NA,NA,NA,NA,NA,NA,NA,NA,NA,NA,NA,NA,NA,NA,NA,NA,NA,NA,NA,NA,NA,NA,NA,NA,NA,NA,NA,NA,NA,NA,NA,NA,NA,NA,NA,NA,NA,NA,NA,NA,NA,NA,NA,NA,NA
"201","Bra011794,Bra011795",NA,NA,NA,NA,NA,NA,NA,NA,NA,NA,NA,NA,NA,NA,NA,NA,NA,NA,NA,NA,NA,NA,NA,NA,NA,NA,NA,NA,NA,NA,NA,NA,NA,NA,NA,NA,NA,NA,NA,NA,NA,NA,NA,NA,NA,NA,NA,NA,NA,NA,NA,NA,NA,NA,NA,NA,NA
"202","Bra030292",NA,NA,NA,NA,NA,NA,NA,NA,NA,NA,NA,NA,NA,NA,NA,NA,NA,NA,NA,NA,NA,NA,NA,NA,NA,NA,NA,NA,NA,NA,NA,NA,NA,NA,NA,NA,NA,NA,NA,NA,NA,NA,NA,NA,NA,NA,NA,NA,NA,NA,NA,NA,NA,NA,NA,NA,NA
"203","Bra001306",NA,NA,NA,NA,NA,NA,NA,NA,NA,NA,NA,NA,NA,NA,NA,NA,NA,NA,NA,NA,NA,NA,NA,NA,NA,NA,NA,NA,NA,NA,NA,NA,NA,NA,NA,NA,NA,NA,NA,NA,NA,NA,NA,NA,NA,NA,NA,NA,NA,NA,NA,NA,NA,NA,NA,NA,NA
"204","Bra005759",NA,NA,NA,NA,NA,NA,NA,NA,NA,NA,NA,NA,NA,NA,NA,NA,NA,NA,NA,NA,NA,NA,NA,NA,NA,NA,NA,NA,NA,NA,NA,NA,NA,NA,NA,NA,NA,NA,NA,NA,NA,NA,NA,NA,NA,NA,NA,NA,NA,NA,NA,NA,NA,NA,NA,NA,NA
"205","Bra036117",NA,NA,NA,NA,NA,NA,NA,NA,NA,NA,NA,NA,NA,NA,NA,NA,NA,NA,NA,NA,NA,NA,NA,NA,NA,NA,NA,NA,NA,NA,NA,NA,NA,NA,NA,NA,NA,NA,NA,NA,NA,NA,NA,NA,NA,NA,NA,NA,NA,NA,NA,NA,NA,NA,NA,NA,NA
"206","Bra028546",NA,NA,NA,NA,NA,NA,NA,NA,NA,NA,NA,NA,NA,NA,NA,NA,NA,NA,NA,NA,NA,NA,NA,NA,NA,NA,NA,NA,NA,NA,NA,NA,NA,NA,NA,NA,NA,NA,NA,NA,NA,NA,NA,NA,NA,NA,NA,NA,NA,NA,NA,NA,NA,NA,NA,NA,NA
"207","Bra040120",NA,NA,NA,NA,NA,NA,NA,NA,NA,NA,NA,NA,NA,NA,NA,NA,NA,NA,NA,NA,NA,NA,NA,NA,NA,NA,NA,NA,NA,NA,NA,NA,NA,NA,NA,NA,NA,NA,NA,NA,NA,NA,NA,NA,NA,NA,NA,NA,NA,NA,NA,NA,NA,NA,NA,NA,NA
"208","Bra039041",NA,NA,NA,NA,NA,NA,NA,NA,NA,NA,NA,NA,NA,NA,NA,NA,NA,NA,NA,NA,NA,NA,NA,NA,NA,NA,NA,NA,NA,NA,NA,NA,NA,NA,NA,NA,NA,NA,NA,NA,NA,NA,NA,NA,NA,NA,NA,NA,NA,NA,NA,NA,NA,NA,NA,NA,NA
"209","Bra039014",NA,NA,NA,NA,NA,NA,NA,NA,NA,NA,NA,NA,NA,NA,NA,NA,NA,NA,NA,NA,NA,NA,NA,NA,NA,NA,NA,NA,NA,NA,NA,NA,NA,NA,NA,NA,NA,NA,NA,NA,NA,NA,NA,NA,NA,NA,NA,NA,NA,NA,NA,NA,NA,NA,NA,NA,NA
"210","Bra035980",NA,NA,NA,NA,NA,NA,NA,NA,NA,NA,NA,NA,NA,NA,NA,NA,NA,NA,NA,NA,NA,NA,NA,NA,NA,NA,NA,NA,NA,NA,NA,NA,NA,NA,NA,NA,NA,NA,NA,NA,NA,NA,NA,NA,NA,NA,NA,NA,NA,NA,NA,NA,NA,NA,NA,NA,NA
"211","Bra021983",NA,NA,NA,NA,NA,NA,NA,NA,NA,NA,NA,NA,NA,NA,NA,NA,NA,NA,NA,NA,NA,NA,NA,NA,NA,NA,NA,NA,NA,NA,NA,NA,NA,NA,NA,NA,NA,NA,NA,NA,NA,NA,NA,NA,NA,NA,NA,NA,NA,NA,NA,NA,NA,NA,NA,NA,NA
"212","Bra018454",NA,NA,NA,NA,NA,NA,NA,NA,NA,NA,NA,NA,NA,NA,NA,NA,NA,NA,NA,NA,NA,NA,NA,NA,NA,NA,NA,NA,NA,NA,NA,NA,NA,NA,NA,NA,NA,NA,NA,NA,NA,NA,NA,NA,NA,NA,NA,NA,NA,NA,NA,NA,NA,NA,NA,NA,NA
"213","Bra022114",NA,NA,NA,NA,NA,NA,NA,NA,NA,NA,NA,NA,NA,NA,NA,NA,NA,NA,NA,NA,NA,NA,NA,NA,NA,NA,NA,NA,NA,NA,NA,NA,NA,NA,NA,NA,NA,NA,NA,NA,NA,NA,NA,NA,NA,NA,NA,NA,NA,NA,NA,NA,NA,NA,NA,NA,NA
"214","Bra032697",NA,NA,NA,NA,NA,NA,NA,NA,NA,NA,NA,NA,NA,NA,NA,NA,NA,NA,NA,NA,NA,NA,NA,NA,NA,NA,NA,NA,NA,NA,NA,NA,NA,NA,NA,NA,NA,NA,NA,NA,NA,NA,NA,NA,NA,NA,NA,NA,NA,NA,NA,NA,NA,NA,NA,NA,NA
"215","Bra014184",NA,NA,NA,NA,NA,NA,NA,NA,NA,NA,NA,NA,NA,NA,NA,NA,NA,NA,NA,NA,NA,NA,NA,NA,NA,NA,NA,NA,NA,NA,NA,NA,NA,NA,NA,NA,NA,NA,NA,NA,NA,NA,NA,NA,NA,NA,NA,NA,NA,NA,NA,NA,NA,NA,NA,NA,NA
"216","Bra011108",NA,NA,NA,NA,NA,NA,NA,NA,NA,NA,NA,NA,NA,NA,NA,NA,NA,NA,NA,NA,NA,NA,NA,NA,NA,NA,NA,NA,NA,NA,NA,NA,NA,NA,NA,NA,NA,NA,NA,NA,NA,NA,NA,NA,NA,NA,NA,NA,NA,NA,NA,NA,NA,NA,NA,NA,NA
"217","Bra018381",NA,NA,NA,NA,NA,NA,NA,NA,NA,NA,NA,NA,NA,NA,NA,NA,NA,NA,NA,NA,NA,NA,NA,NA,NA,NA,NA,NA,NA,NA,NA,NA,NA,NA,NA,NA,NA,NA,NA,NA,NA,NA,NA,NA,NA,NA,NA,NA,NA,NA,NA,NA,NA,NA,NA,NA,NA
"218","Bra005668",NA,NA,NA,NA,NA,NA,NA,NA,NA,NA,NA,NA,NA,NA,NA,NA,NA,NA,NA,NA,NA,NA,NA,NA,NA,NA,NA,NA,NA,NA,NA,NA,NA,NA,NA,NA,NA,NA,NA,NA,NA,NA,NA,NA,NA,NA,NA,NA,NA,NA,NA,NA,NA,NA,NA,NA,NA
"219","Bra001020",NA,NA,NA,NA,NA,NA,NA,NA,NA,NA,NA,NA,NA,NA,NA,NA,NA,NA,NA,NA,NA,NA,NA,NA,NA,NA,NA,NA,NA,NA,NA,NA,NA,NA,NA,NA,NA,NA,NA,NA,NA,NA,NA,NA,NA,NA,NA,NA,NA,NA,NA,NA,NA,NA,NA,NA,NA
"220","Bra035119",NA,NA,NA,NA,NA,NA,NA,NA,NA,NA,NA,NA,NA,NA,NA,NA,NA,NA,NA,NA,NA,NA,NA,NA,NA,NA,NA,NA,NA,NA,NA,NA,NA,NA,NA,NA,NA,NA,NA,NA,NA,NA,NA,NA,NA,NA,NA,NA,NA,NA,NA,NA,NA,NA,NA,NA,NA
