"","Photo","gs","Starch","NSC","SM","fluor","M1","M2","M3","M4","M5","M6","M7","M8","M9","M10"
"13","(10,14.7]","(0.406,0.538]","(21.1,40.1]","(2.29,3.3]","(20.7,29.6]","[0.706,0.764]","-1","-1","-1","-1","-1","-1","0","-1","-1","-1"
"14","(10,14.7]","(0.274,0.406]","(40.1,59.2]","(2.29,3.3]","(20.7,29.6]","[0.706,0.764]","0","-1","-1","-1","-1","0","1","-1","-1","-1"
"15","(10,14.7]","(0.274,0.406]","[1.89,21.1]","(2.29,3.3]","(20.7,29.6]","[0.706,0.764]","0","0","-1","-1","-1","0","1","-1","-1","-1"
"16","(10,14.7]","(0.274,0.406]","(21.1,40.1]","(2.29,3.3]","(11.9,20.7]","[0.706,0.764]","0","0","-1","-1","-1","0","1","-1","-1","-1"
"17","(10,14.7]","(0.406,0.538]","(21.1,40.1]","(2.29,3.3]","(20.7,29.6]","[0.706,0.764]","0","0","0","-1","-1","0","1","-1","-1","-1"
"18","(10,14.7]","(0.406,0.538]","(21.1,40.1]","(2.29,3.3]","(20.7,29.6]","[0.706,0.764]","0","1","0","-1","-1","1","1","-1","-1","-1"
"19","(10,14.7]","(0.406,0.538]","(21.1,40.1]","(3.3,4.32]","(20.7,29.6]","[0.706,0.764]","0","1","0","-1","-1","1","1","-1","-1","-1"
"20","(5.33,10]","(0.274,0.406]","(21.1,40.1]","(3.3,4.32]","(20.7,29.6]","[0.706,0.764]","0","1","0","-1","-1","1","1","0","-1","0"
"21","(10,14.7]","(0.406,0.538]","(21.1,40.1]","(2.29,3.3]","(20.7,29.6]","[0.706,0.764]","0","1","0","0","0","1","1","0","-1","0"
"22","(10,14.7]","(0.274,0.406]","(21.1,40.1]","(2.29,3.3]","(11.9,20.7]","[0.706,0.764]","1","1","1","0","0","1","1","0","-1","0"
"23","(10,14.7]","(0.274,0.406]","(21.1,40.1]","(2.29,3.3]","(20.7,29.6]","[0.706,0.764]","1","1","1","0","0","1","1","0","-1","0"
"24","(10,14.7]","(0.274,0.406]","[1.89,21.1]","(2.29,3.3]","(20.7,29.6]","[0.706,0.764]","1","1","1","0","1","1","1","1","-1","1"
"1","(10,14.7]","(0.274,0.406]","(21.1,40.1]","(2.29,3.3]","(29.6,38.4]","[0.706,0.764]","-1","-1","-1","-1","-1","-1","-1","-1","-1","-1"
"2","(10,14.7]","(0.274,0.406]","(78.3,97.4]","(2.29,3.3]","(29.6,38.4]","[0.706,0.764]","-1","-1","0","-1","-1","0","0","-1","-1","-1"
"3","(10,14.7]","(0.274,0.406]","(21.1,40.1]","(2.29,3.3]","(29.6,38.4]","[0.706,0.764]","-1","0","0","-1","-1","0","0","-1","-1","-1"
"4","(10,14.7]","(0.274,0.406]","(40.1,59.2]","(2.29,3.3]","(20.7,29.6]","[0.706,0.764]","0","0","0","-1","-1","0","0","-1","-1","-1"
"5","(10,14.7]","(0.274,0.406]","(40.1,59.2]","(2.29,3.3]","(29.6,38.4]","[0.706,0.764]","0","0","1","-1","0","0","1","-1","-1","-1"
"6","(10,14.7]","(0.274,0.406]","(40.1,59.2]","(2.29,3.3]","(20.7,29.6]","[0.706,0.764]","0","0","1","-1","0","1","1","-1","-1","-1"
"7","(10,14.7]","(0.406,0.538]","[1.89,21.1]","(2.29,3.3]","(29.6,38.4]","[0.706,0.764]","0","0","1","-1","0","1","1","-1","-1","-1"
"8","(10,14.7]","(0.406,0.538]","[1.89,21.1]","(2.29,3.3]","(29.6,38.4]","[0.706,0.764]","0","1","1","-1","0","1","1","-1","-1","-1"
"9","(10,14.7]","(0.274,0.406]","[1.89,21.1]","(2.29,3.3]","(20.7,29.6]","[0.706,0.764]","0","1","1","0","0","1","1","-1","-1","0"
"10","(10,14.7]","(0.274,0.406]","[1.89,21.1]","(2.29,3.3]","(20.7,29.6]","[0.706,0.764]","0","1","1","0","0","1","1","0","-1","0"
"11","(10,14.7]","(0.274,0.406]","[1.89,21.1]","(2.29,3.3]","(20.7,29.6]","[0.706,0.764]","0","1","1","0","1","1","1","0","0","0"
"12","(10,14.7]","(0.274,0.406]","[1.89,21.1]","(2.29,3.3]","(20.7,29.6]","[0.706,0.764]","1","1","1","1","1","1","1","1","0","1"
"37","(10,14.7]","(0.406,0.538]","(40.1,59.2]","(2.29,3.3]","(20.7,29.6]","[0.706,0.764]","0","-1","-1","-1","-1","-1","-1","-1","-1","-1"
"38","(10,14.7]","(0.538,0.671]","(21.1,40.1]","(2.29,3.3]","(20.7,29.6]","[0.706,0.764]","0","-1","-1","0","-1","-1","0","-1","-1","0"
"39","(10,14.7]","(0.406,0.538]","[1.89,21.1]","(2.29,3.3]","(20.7,29.6]","[0.706,0.764]","0","-1","-1","0","-1","-1","0","-1","-1","0"
"40","(10,14.7]","(0.538,0.671]","(40.1,59.2]","(2.29,3.3]","(20.7,29.6]","[0.706,0.764]","0","-1","-1","0","-1","-1","0","-1","0","1"
"41","(10,14.7]","(0.538,0.671]","[1.89,21.1]","(2.29,3.3]","(20.7,29.6]","[0.706,0.764]","1","-1","-1","0","-1","-1","0","-1","0","1"
"42","(10,14.7]","(0.406,0.538]","[1.89,21.1]","(3.3,4.32]","(20.7,29.6]","[0.706,0.764]","1","-1","-1","0","-1","0","0","0","0","1"
"43","(10,14.7]","(0.538,0.671]","(78.3,97.4]","(2.29,3.3]","(20.7,29.6]","[0.706,0.764]","1","0","-1","1","-1","0","1","0","0","1"
"44","(10,14.7]","(0.406,0.538]","[1.89,21.1]","(2.29,3.3]","(20.7,29.6]","[0.706,0.764]","1","0","-1","1","-1","0","1","0","0","1"
"45","(10,14.7]","(0.406,0.538]","(21.1,40.1]","(2.29,3.3]","(11.9,20.7]","[0.706,0.764]","1","0","0","1","-1","0","1","0","0","1"
"46","(10,14.7]","(0.538,0.671]","[1.89,21.1]","(2.29,3.3]","(20.7,29.6]","[0.706,0.764]","1","0","0","1","0","0","1","0","0","1"
"47","(10,14.7]","(0.406,0.538]","(78.3,97.4]","(2.29,3.3]","(20.7,29.6]","[0.706,0.764]","1","0","0","1","0","0","1","1","1","1"
"48","(10,14.7]","(0.538,0.671]","[1.89,21.1]","(2.29,3.3]","(20.7,29.6]","[0.706,0.764]","1","1","0","1","0","1","1","1","1","1"
"25","(10,14.7]","(0.274,0.406]","(40.1,59.2]","(2.29,3.3]","(38.4,47.2]","[0.706,0.764]","-1","-1","-1","-1","-1","-1","-1","-1","-1","-1"
"26","(10,14.7]","(0.406,0.538]","(59.2,78.3]","(1.27,2.29]","(29.6,38.4]","[0.706,0.764]","0","-1","-1","0","-1","-1","-1","-1","-1","-1"
"27","(10,14.7]","(0.406,0.538]","[1.89,21.1]","(2.29,3.3]","(29.6,38.4]","[0.706,0.764]","0","-1","0","0","-1","-1","0","-1","0","0"
"28","(5.33,10]","(0.274,0.406]","[1.89,21.1]","(2.29,3.3]","(29.6,38.4]","[0.706,0.764]","0","-1","0","0","-1","-1","0","-1","0","0"
"29","(10,14.7]","(0.406,0.538]","[1.89,21.1]","(2.29,3.3]","(29.6,38.4]","[0.706,0.764]","1","-1","0","0","-1","-1","0","-1","0","0"
"30","(10,14.7]","(0.274,0.406]","[1.89,21.1]","(1.27,2.29]","(29.6,38.4]","[0.337,0.706)","1","0","0","1","-1","-1","0","-1","0","0"
"31","(10,14.7]","(0.406,0.538]","(21.1,40.1]","(2.29,3.3]","(29.6,38.4]","[0.706,0.764]","1","0","0","1","-1","0","0","-1","0","1"
"32","(10,14.7]","(0.538,0.671]","[1.89,21.1]","(2.29,3.3]","(29.6,38.4]","[0.706,0.764]","1","0","0","1","0","0","1","-1","0","1"
"33","(10,14.7]","(0.274,0.406]","[1.89,21.1]","(2.29,3.3]","(29.6,38.4]","[0.706,0.764]","1","0","1","1","0","0","1","0","1","1"
"34","(10,14.7]","(0.406,0.538]","[1.89,21.1]","(2.29,3.3]","(38.4,47.2]","[0.706,0.764]","1","0","1","1","0","0","1","0","1","1"
"35","(10,14.7]","(0.406,0.538]","[1.89,21.1]","(2.29,3.3]","(29.6,38.4]","[0.706,0.764]","1","0","1","1","0","0","1","0","1","1"
"36","(5.33,10]","(0.274,0.406]","[1.89,21.1]","(1.27,2.29]","(20.7,29.6]","[0.706,0.764]","1","1","1","1","1","1","1","0","1","1"
"61","(10,14.7]","(0.274,0.406]","(21.1,40.1]","(2.29,3.3]","(20.7,29.6]","[0.706,0.764]","0","-1","-1","-1","-1","-1","-1","-1","-1","0"
"62","(10,14.7]","(0.406,0.538]","(21.1,40.1]","(1.27,2.29]","(20.7,29.6]","[0.706,0.764]","0","-1","-1","0","-1","-1","-1","-1","0","0"
"63","(10,14.7]","(0.274,0.406]","(21.1,40.1]","(2.29,3.3]","(11.9,20.7]","[0.706,0.764]","0","-1","0","0","-1","-1","-1","0","0","1"
"64","(10,14.7]","(0.274,0.406]","[1.89,21.1]","(2.29,3.3]","(11.9,20.7]","[0.706,0.764]","0","-1","0","0","-1","-1","-1","0","0","1"
"65","(10,14.7]","(0.274,0.406]","(21.1,40.1]","(2.29,3.3]","(20.7,29.6]","[0.706,0.764]","0","-1","0","0","0","-1","-1","0","1","1"
"66","(10,14.7]","(0.406,0.538]","(21.1,40.1]","(2.29,3.3]","(11.9,20.7]","[0.706,0.764]","0","-1","0","1","0","-1","-1","0","1","1"
"67","(10,14.7]","(0.142,0.274]","(21.1,40.1]","(2.29,3.3]","(20.7,29.6]","[0.706,0.764]","1","-1","0","1","0","-1","-1","0","1","1"
"68","(10,14.7]","(0.274,0.406]","(21.1,40.1]","(2.29,3.3]","(20.7,29.6]","[0.706,0.764]","1","0","1","1","0","0","-1","1","1","1"
"69","(10,14.7]","(0.274,0.406]","(21.1,40.1]","(1.27,2.29]","(20.7,29.6]","[0.706,0.764]","1","0","1","1","0","0","0","1","1","1"
"70","(10,14.7]","(0.406,0.538]","(21.1,40.1]","(2.29,3.3]","(20.7,29.6]","[0.706,0.764]","1","0","1","1","1","0","0","1","1","1"
"71","(10,14.7]","(0.274,0.406]","[1.89,21.1]","(2.29,3.3]","(20.7,29.6]","[0.706,0.764]","1","0","1","1","1","0","0","1","1","1"
"72","(10,14.7]","(0.274,0.406]","(21.1,40.1]","(2.29,3.3]","(20.7,29.6]","[0.706,0.764]","1","1","1","1","1","1","1","1","1","1"
"49","(10,14.7]","(0.274,0.406]","(21.1,40.1]","(1.27,2.29]","(29.6,38.4]","[0.706,0.764]","0","-1","-1","-1","-1","-1","-1","-1","0","-1"
"50","(10,14.7]","(0.406,0.538]","[1.89,21.1]","(2.29,3.3]","(20.7,29.6]","[0.337,0.706)","0","-1","0","0","-1","-1","-1","-1","0","0"
"51","(10,14.7]","(0.406,0.538]","[1.89,21.1]","(2.29,3.3]","(29.6,38.4]","[0.706,0.764]","0","-1","0","0","-1","-1","-1","-1","0","0"
"52","(10,14.7]","(0.406,0.538]","[1.89,21.1]","(2.29,3.3]","(29.6,38.4]","[0.337,0.706)","0","-1","0","1","-1","-1","-1","-1","1","0"
"53","(10,14.7]","(0.274,0.406]","(21.1,40.1]","(2.29,3.3]","(29.6,38.4]","[0.337,0.706)","0","-1","0","1","0","-1","-1","-1","1","1"
"54","(5.33,10]","(0.142,0.274]","(21.1,40.1]","(2.29,3.3]","(29.6,38.4]","[0.337,0.706)","0","-1","0","1","0","-1","-1","0","1","1"
"55","(10,14.7]","(0.274,0.406]","(21.1,40.1]","(2.29,3.3]","(20.7,29.6]","[0.706,0.764]","0","-1","0","1","0","-1","-1","0","1","1"
"56","(10,14.7]","(0.274,0.406]","[1.89,21.1]","(1.27,2.29]","(29.6,38.4]","[0.706,0.764]","1","0","1","1","0","-1","-1","0","1","1"
"57","(10,14.7]","(0.274,0.406]","(21.1,40.1]","(1.27,2.29]","(38.4,47.2]","[0.706,0.764]","1","0","1","1","0","-1","0","0","1","1"
"58","(10,14.7]","(0.406,0.538]","[1.89,21.1]","(2.29,3.3]","(29.6,38.4]","[0.337,0.706)","1","0","1","1","1","0","0","1","1","1"
"59","(10,14.7]","(0.406,0.538]","(21.1,40.1]","(2.29,3.3]","(29.6,38.4]","[0.706,0.764]","1","0","1","1","1","0","0","1","1","1"
"60","(10,14.7]","(0.406,0.538]","(21.1,40.1]","(2.29,3.3]","(38.4,47.2]","[0.337,0.706)","1","1","1","1","1","0","1","1","1","1"
"85","(10,14.7]","[0.00895,0.142]","(21.1,40.1]","(3.3,4.32]","(38.4,47.2]","[0.706,0.764]","-1","-1","-1","0","0","-1","-1","-1","0","-1"
"86","(14.7,19.4]","[0.00895,0.142]","[1.89,21.1]","(2.29,3.3]","(20.7,29.6]","[0.706,0.764]","0","-1","0","0","0","-1","-1","-1","0","-1"
"87","(5.33,10]","[0.00895,0.142]","(21.1,40.1]","(2.29,3.3]","(20.7,29.6]","[0.706,0.764]","0","-1","0","0","0","-1","-1","-1","0","-1"
"88","(10,14.7]","[0.00895,0.142]","(40.1,59.2]","(2.29,3.3]","(20.7,29.6]","[0.706,0.764]","0","0","0","0","0","-1","-1","-1","1","-1"
"89","(14.7,19.4]","[0.00895,0.142]","(21.1,40.1]","(2.29,3.3]","(20.7,29.6]","[0.706,0.764]","0","0","0","0","0","-1","-1","-1","1","0"
"90","(10,14.7]","[0.00895,0.142]","(21.1,40.1]","(2.29,3.3]","(20.7,29.6]","[0.706,0.764]","0","0","0","0","1","-1","-1","-1","1","0"
"91","(0.638,5.33]","(0.142,0.274]","(40.1,59.2]","(3.3,4.32]","(20.7,29.6]","[0.337,0.706)","0","0","0","1","1","-1","0","0","1","0"
"92","(5.33,10]","(0.142,0.274]","(21.1,40.1]","(2.29,3.3]","(20.7,29.6]","[0.337,0.706)","0","1","1","1","1","-1","0","0","1","0"
"93","(0.638,5.33]","(0.142,0.274]","(40.1,59.2]","(3.3,4.32]","(20.7,29.6]","[0.337,0.706)","1","1","1","1","1","0","0","0","1","0"
"94","(0.638,5.33]","(0.274,0.406]","(21.1,40.1]","(2.29,3.3]","(20.7,29.6]","[0.337,0.706)","1","1","1","1","1","0","0","0","1","0"
"95","(0.638,5.33]","(0.274,0.406]","(40.1,59.2]","(2.29,3.3]","(20.7,29.6]","[0.337,0.706)","1","1","1","1","1","0","0","0","1","1"
"96","(5.33,10]","(0.274,0.406]","(21.1,40.1]","(2.29,3.3]","(20.7,29.6]","[0.706,0.764]","1","1","1","1","1","0","1","1","1","1"
"73","(5.33,10]","(0.274,0.406]","(21.1,40.1]","(3.3,4.32]","(29.6,38.4]","[0.706,0.764]","-1","-1","0","0","-1","-1","-1","-1","0","-1"
"74","(10,14.7]","(0.274,0.406]","(78.3,97.4]","(3.3,4.32]","(29.6,38.4]","[0.706,0.764]","-1","-1","0","0","0","-1","-1","-1","1","-1"
"75","(5.33,10]","(0.142,0.274]","(40.1,59.2]","(3.3,4.32]","(29.6,38.4]","[0.706,0.764]","0","0","0","0","0","-1","-1","-1","1","-1"
"76","(5.33,10]","(0.274,0.406]","(21.1,40.1]","(4.32,5.34]","(29.6,38.4]","[0.337,0.706)","0","0","0","0","0","-1","-1","-1","1","-1"
"77","(5.33,10]","(0.142,0.274]","(21.1,40.1]","(2.29,3.3]","(20.7,29.6]","[0.337,0.706)","0","0","1","1","0","-1","-1","-1","1","-1"
"78","(5.33,10]","(0.142,0.274]","(59.2,78.3]","(3.3,4.32]","(29.6,38.4]","[0.337,0.706)","0","0","1","1","1","-1","-1","-1","1","-1"
"79","(5.33,10]","(0.274,0.406]","(21.1,40.1]","(3.3,4.32]","(20.7,29.6]","[0.706,0.764]","0","1","1","1","1","-1","-1","-1","1","-1"
"80","(0.638,5.33]","(0.142,0.274]","(40.1,59.2]","(2.29,3.3]","(29.6,38.4]","[0.337,0.706)","0","1","1","1","1","-1","-1","-1","1","0"
"81","(0.638,5.33]","(0.142,0.274]","(21.1,40.1]","(2.29,3.3]","(29.6,38.4]","[0.706,0.764]","0","1","1","1","1","0","0","0","1","0"
"82","(5.33,10]","(0.274,0.406]","(21.1,40.1]","(2.29,3.3]","(29.6,38.4]","[0.337,0.706)","1","1","1","1","1","0","0","0","1","0"
"83","(5.33,10]","(0.274,0.406]","(21.1,40.1]","(2.29,3.3]","(29.6,38.4]","[0.337,0.706)","1","1","1","1","1","0","0","0","1","0"
"84","(5.33,10]","(0.142,0.274]","(21.1,40.1]","(2.29,3.3]","(20.7,29.6]","[0.706,0.764]","1","1","1","1","1","1","0","1","1","1"
"109","[-4.07,0.638]","(0.142,0.274]","(40.1,59.2]","(1.27,2.29]","(20.7,29.6]","0.000","-1","-1","0","-1","0","-1","-1","-1","-1","-1"
"110","[-4.07,0.638]","[0.00895,0.142]","(21.1,40.1]","(1.27,2.29]","(20.7,29.6]","0.000","-1","-1","0","-1","0","0","-1","-1","-1","-1"
"111","[-4.07,0.638]","(0.142,0.274]","[1.89,21.1]","[0.254,1.27]","(20.7,29.6]","0.000","-1","-1","0","-1","0","0","-1","0","0","-1"
"112","[-4.07,0.638]","(0.142,0.274]","(40.1,59.2]","(2.29,3.3]","(20.7,29.6]","0.000","-1","-1","0","-1","1","0","-1","0","0","0"
"113","[-4.07,0.638]","(0.142,0.274]","[1.89,21.1]","(2.29,3.3]","(20.7,29.6]","0.000","-1","-1","1","-1","1","0","-1","0","0","0"
"114","[-4.07,0.638]","(0.142,0.274]","(21.1,40.1]","(1.27,2.29]","(11.9,20.7]","0.000","-1","-1","1","-1","1","1","-1","1","0","0"
"115","[-4.07,0.638]","[0.00895,0.142]","[1.89,21.1]","(1.27,2.29]","(20.7,29.6]","0.000","-1","-1","1","-1","1","1","-1","1","0","0"
"116","[-4.07,0.638]","[0.00895,0.142]","[1.89,21.1]","(2.29,3.3]","(20.7,29.6]","0.000","-1","-1","1","0","1","1","0","1","0","0"
"117","[-4.07,0.638]","[0.00895,0.142]","(21.1,40.1]","(1.27,2.29]","(11.9,20.7]","0.000","-1","-1","1","0","1","1","0","1","0","1"
"118","[-4.07,0.638]","[0.00895,0.142]","[1.89,21.1]","(2.29,3.3]","(20.7,29.6]","0.000","-1","-1","1","0","1","1","0","1","0","1"
"119","[-4.07,0.638]","[0.00895,0.142]","[1.89,21.1]","(1.27,2.29]","(11.9,20.7]","0.000","0","0","1","0","1","1","0","1","1","1"
"120","[-4.07,0.638]","[0.00895,0.142]","[1.89,21.1]","(1.27,2.29]","(20.7,29.6]","0.000","0","0","1","1","1","1","1","1","1","1"
"97","[-4.07,0.638]","(0.142,0.274]","(40.1,59.2]","[0.254,1.27]","(29.6,38.4]","0.000","-1","-1","0","-1","-1","-1","-1","-1","0","-1"
"98","[-4.07,0.638]","(0.142,0.274]","(40.1,59.2]","(2.29,3.3]","(29.6,38.4]","0.000","-1","-1","0","-1","0","-1","-1","-1","0","-1"
"99","[-4.07,0.638]","(0.142,0.274]","(21.1,40.1]","(2.29,3.3]","(29.6,38.4]","0.000","-1","-1","1","-1","0","0","-1","-1","0","-1"
"100","[-4.07,0.638]","(0.142,0.274]","(40.1,59.2]","(2.29,3.3]","(29.6,38.4]","0.000","-1","-1","1","-1","1","0","-1","-1","0","-1"
"101","[-4.07,0.638]","(0.142,0.274]","(21.1,40.1]","(2.29,3.3]","(29.6,38.4]","0.000","-1","-1","1","0","1","0","-1","-1","0","-1"
"102","[-4.07,0.638]","[0.00895,0.142]","(21.1,40.1]","(2.29,3.3]","(29.6,38.4]","0.000","-1","-1","1","0","1","0","-1","0","1","0"
"103","[-4.07,0.638]","[0.00895,0.142]","(40.1,59.2]","(2.29,3.3]","(29.6,38.4]","0.000","-1","-1","1","0","1","0","-1","0","1","0"
"104","[-4.07,0.638]","[0.00895,0.142]","(21.1,40.1]","(2.29,3.3]","(29.6,38.4]","0.000","-1","-1","1","0","1","0","-1","0","1","0"
"105","[-4.07,0.638]","(0.142,0.274]","[1.89,21.1]","(2.29,3.3]","(29.6,38.4]","0.000","-1","-1","1","0","1","1","-1","1","1","0"
"106","[-4.07,0.638]","(0.142,0.274]","[1.89,21.1]","(2.29,3.3]","(20.7,29.6]","0.000","-1","0","1","0","1","1","0","1","1","1"
"107","[-4.07,0.638]","(0.142,0.274]","(21.1,40.1]","(2.29,3.3]","(38.4,47.2]","0.000","-1","0","1","1","1","1","0","1","1","1"
"108","[-4.07,0.638]","(0.142,0.274]","(21.1,40.1]","[0.254,1.27]","(29.6,38.4]","0.000","0","1","1","1","1","1","0","1","1","1"
"133","[-4.07,0.638]","(0.142,0.274]","(59.2,78.3]","(2.29,3.3]","(20.7,29.6]","0.000","-1","-1","-1","-1","-1","0","-1","-1","-1","-1"
"134","[-4.07,0.638]","[0.00895,0.142]","(40.1,59.2]","(2.29,3.3]","(20.7,29.6]","0.000","-1","-1","-1","-1","-1","0","-1","0","-1","-1"
"135","[-4.07,0.638]","[0.00895,0.142]","(40.1,59.2]","(2.29,3.3]","(20.7,29.6]","0.000","-1","-1","0","-1","-1","1","-1","0","-1","0"
"136","[-4.07,0.638]","[0.00895,0.142]","(59.2,78.3]","(2.29,3.3]","(20.7,29.6]","0.000","-1","-1","0","-1","0","1","0","1","-1","0"
"137","[-4.07,0.638]","(0.142,0.274]","(21.1,40.1]","(1.27,2.29]","(20.7,29.6]","0.000","-1","0","0","-1","0","1","0","1","-1","0"
"138","[-4.07,0.638]","[0.00895,0.142]","(59.2,78.3]","(2.29,3.3]","(20.7,29.6]","0.000","-1","0","0","-1","0","1","0","1","-1","0"
"139","[-4.07,0.638]","[0.00895,0.142]","(40.1,59.2]","(2.29,3.3]","(11.9,20.7]","0.000","-1","0","0","-1","0","1","0","1","-1","1"
"140","[-4.07,0.638]","[0.00895,0.142]","(21.1,40.1]","(2.29,3.3]","(20.7,29.6]","0.000","-1","1","0","-1","1","1","1","1","-1","1"
"141","[-4.07,0.638]","[0.00895,0.142]","(21.1,40.1]","(2.29,3.3]","(20.7,29.6]","0.000","-1","1","1","-1","1","1","1","1","-1","1"
"142","[-4.07,0.638]","(0.142,0.274]","(21.1,40.1]","(2.29,3.3]","(38.4,47.2]","0.000","0","1","1","-1","1","1","1","1","-1","1"
"143","[-4.07,0.638]","[0.00895,0.142]","(59.2,78.3]","(2.29,3.3]","(20.7,29.6]","0.000","0","1","1","0","1","1","1","1","0","1"
"144","[-4.07,0.638]","[0.00895,0.142]","(59.2,78.3]","(2.29,3.3]","(11.9,20.7]","0.000","0","1","1","0","1","1","1","1","0","1"
"121","[-4.07,0.638]","(0.142,0.274]","(59.2,78.3]","(1.27,2.29]","(29.6,38.4]","0.000","-1","-1","-1","-1","0","0","-1","-1","-1","-1"
"122","[-4.07,0.638]","(0.142,0.274]","(21.1,40.1]","[0.254,1.27]","(38.4,47.2]","0.000","-1","-1","0","-1","0","0","-1","-1","-1","-1"
"123","[-4.07,0.638]","(0.142,0.274]","(59.2,78.3]","[0.254,1.27]","(38.4,47.2]","0.000","-1","-1","0","-1","0","1","0","0","-1","-1"
"124","[-4.07,0.638]","[0.00895,0.142]","(59.2,78.3]","(1.27,2.29]","(29.6,38.4]","0.000","-1","-1","0","-1","0","1","0","0","-1","-1"
"125","[-4.07,0.638]","(0.142,0.274]","(59.2,78.3]","[0.254,1.27]","(29.6,38.4]","0.000","-1","-1","1","-1","0","1","0","0","-1","-1"
"126","[-4.07,0.638]","[0.00895,0.142]","(21.1,40.1]","[0.254,1.27]","(29.6,38.4]","0.000","-1","0","1","-1","1","1","0","0","-1","-1"
"127","[-4.07,0.638]","(0.142,0.274]","(40.1,59.2]","[0.254,1.27]","(29.6,38.4]","0.000","-1","0","1","-1","1","1","0","0","-1","0"
"128","[-4.07,0.638]","(0.142,0.274]","(21.1,40.1]","[0.254,1.27]","(38.4,47.2]","0.000","-1","0","1","-1","1","1","0","1","-1","0"
"129","[-4.07,0.638]","(0.142,0.274]","(40.1,59.2]","[0.254,1.27]","(29.6,38.4]","0.000","-1","0","1","-1","1","1","1","1","0","0"
"130","[-4.07,0.638]","(0.142,0.274]","(78.3,97.4]","(1.27,2.29]","(29.6,38.4]","0.000","-1","0","1","-1","1","1","1","1","0","0"
"131","[-4.07,0.638]","[0.00895,0.142]","(40.1,59.2]","[0.254,1.27]","(29.6,38.4]","0.000","-1","1","1","0","1","1","1","1","0","1"
"132","[-4.07,0.638]","(0.142,0.274]","(40.1,59.2]","[0.254,1.27]","(20.7,29.6]","0.000","-1","1","1","0","1","1","1","1","0","1"
"157","(5.33,10]","(0.274,0.406]","[1.89,21.1]","(3.3,4.32]","(11.9,20.7]","[0.706,0.764]","0","0","-1","-1","-1","-1","0","-1","-1","-1"
"158","(10,14.7]","(0.406,0.538]","[1.89,21.1]","(3.3,4.32]","(20.7,29.6]","[0.706,0.764]","0","1","-1","-1","-1","0","1","-1","-1","-1"
"159","(10,14.7]","(0.406,0.538]","[1.89,21.1]","(2.29,3.3]","(11.9,20.7]","[0.706,0.764]","0","1","-1","-1","-1","0","1","-1","-1","-1"
"160","(10,14.7]","(0.406,0.538]","[1.89,21.1]","(3.3,4.32]","(20.7,29.6]","[0.706,0.764]","0","1","-1","-1","-1","0","1","0","-1","-1"
"161","(5.33,10]","(0.274,0.406]","[1.89,21.1]","(4.32,5.34]","(11.9,20.7]","[0.706,0.764]","0","1","-1","-1","-1","1","1","0","-1","0"
"162","(5.33,10]","(0.274,0.406]","[1.89,21.1]","(3.3,4.32]","(20.7,29.6]","[0.706,0.764]","0","1","-1","-1","-1","1","1","0","-1","0"
"163","(5.33,10]","(0.406,0.538]","[1.89,21.1]","(3.3,4.32]","(20.7,29.6]","[0.706,0.764]","0","1","-1","-1","-1","1","1","0","-1","0"
"164","(5.33,10]","(0.274,0.406]","[1.89,21.1]","(4.32,5.34]","(11.9,20.7]","[0.706,0.764]","1","1","-1","-1","-1","1","1","0","-1","0"
"165","(0.638,5.33]","(0.142,0.274]","[1.89,21.1]","(2.29,3.3]","(20.7,29.6]","[0.706,0.764]","1","1","-1","0","-1","1","1","1","-1","0"
"166","(5.33,10]","(0.274,0.406]","[1.89,21.1]","(4.32,5.34]","(20.7,29.6]","[0.706,0.764]","1","1","0","0","0","1","1","1","-1","0"
"167","(0.638,5.33]","(0.274,0.406]","[1.89,21.1]","(2.29,3.3]","(20.7,29.6]","[0.706,0.764]","1","1","0","0","0","1","1","1","-1","1"
"168","(10,14.7]","(0.274,0.406]","[1.89,21.1]","(3.3,4.32]","(20.7,29.6]","[0.706,0.764]","1","1","0","0","1","1","1","1","-1","1"
"145","(10,14.7]","(0.274,0.406]","[1.89,21.1]","(2.29,3.3]","(20.7,29.6]","[0.706,0.764]","-1","0","-1","-1","-1","0","0","-1","-1","-1"
"146","(10,14.7]","(0.274,0.406]","[1.89,21.1]","(2.29,3.3]","(29.6,38.4]","[0.706,0.764]","-1","0","-1","-1","-1","0","1","-1","-1","-1"
"147","(5.33,10]","(0.274,0.406]","(40.1,59.2]","(1.27,2.29]","(29.6,38.4]","[0.706,0.764]","0","0","-1","-1","-1","0","1","-1","-1","-1"
"148","(5.33,10]","(0.406,0.538]","[1.89,21.1]","(4.32,5.34]","(29.6,38.4]","[0.706,0.764]","0","1","0","-1","-1","0","1","-1","-1","-1"
"149","(5.33,10]","[0.00895,0.142]","[1.89,21.1]","(2.29,3.3]","(29.6,38.4]","[0.706,0.764]","0","1","0","-1","-1","1","1","0","-1","-1"
"150","(10,14.7]","(0.274,0.406]","(21.1,40.1]","(2.29,3.3]","(29.6,38.4]","[0.706,0.764]","0","1","0","-1","-1","1","1","0","-1","-1"
"151","(5.33,10]","(0.274,0.406]","[1.89,21.1]","(2.29,3.3]","(38.4,47.2]","[0.706,0.764]","0","1","0","-1","-1","1","1","0","-1","0"
"152","(10,14.7]","(0.406,0.538]","[1.89,21.1]","(2.29,3.3]","(38.4,47.2]","[0.706,0.764]","0","1","0","-1","0","1","1","0","-1","0"
"153","(5.33,10]","(0.274,0.406]","(21.1,40.1]","(2.29,3.3]","(29.6,38.4]","[0.706,0.764]","0","1","1","-1","0","1","1","0","-1","0"
"154","(10,14.7]","(0.274,0.406]","[1.89,21.1]","(1.27,2.29]","(38.4,47.2]","[0.706,0.764]","0","1","1","0","0","1","1","0","-1","0"
"155","(10,14.7]","(0.274,0.406]","[1.89,21.1]","(2.29,3.3]","(38.4,47.2]","[0.706,0.764]","1","1","1","0","0","1","1","1","-1","0"
"156","(10,14.7]","(0.406,0.538]","(21.1,40.1]","(2.29,3.3]","(38.4,47.2]","[0.706,0.764]","1","1","1","0","1","1","1","1","-1","1"
"181","(10,14.7]","(0.538,0.671]","(21.1,40.1]","(2.29,3.3]","(20.7,29.6]","[0.706,0.764]","0","-1","-1","-1","-1","-1","0","-1","-1","-1"
"182","(14.7,19.4]","(0.538,0.671]","(21.1,40.1]","(2.29,3.3]","(20.7,29.6]","[0.337,0.706)","1","0","-1","0","-1","-1","0","-1","-1","-1"
"183","(14.7,19.4]","(0.406,0.538]","[1.89,21.1]","(2.29,3.3]","(20.7,29.6]","[0.706,0.764]","1","0","-1","0","-1","-1","0","-1","-1","-1"
"184","(14.7,19.4]","(0.538,0.671]","[1.89,21.1]","(1.27,2.29]","(11.9,20.7]","[0.706,0.764]","1","0","-1","0","-1","-1","0","0","-1","0"
"185","(14.7,19.4]","(0.538,0.671]","[1.89,21.1]","(1.27,2.29]","[3.06,11.9]","[0.706,0.764]","1","0","-1","1","-1","-1","1","0","-1","1"
"186","(14.7,19.4]","(0.406,0.538]","(21.1,40.1]","(1.27,2.29]","(20.7,29.6]","[0.706,0.764]","1","1","-1","1","-1","-1","1","0","0","1"
"187","(10,14.7]","(0.274,0.406]","[1.89,21.1]","(2.29,3.3]","(20.7,29.6]","[0.706,0.764]","1","1","-1","1","-1","0","1","0","0","1"
"188","(14.7,19.4]","(0.274,0.406]","[1.89,21.1]","(2.29,3.3]","(11.9,20.7]","[0.706,0.764]","1","1","-1","1","-1","0","1","1","0","1"
"189","(14.7,19.4]","(0.538,0.671]","[1.89,21.1]","(2.29,3.3]","(11.9,20.7]","[0.337,0.706)","1","1","-1","1","-1","0","1","1","0","1"
"190","(10,14.7]","(0.142,0.274]","[1.89,21.1]","(2.29,3.3]","(20.7,29.6]","[0.706,0.764]","1","1","-1","1","-1","0","1","1","0","1"
"191","(5.33,10]","(0.406,0.538]","[1.89,21.1]","(1.27,2.29]","(20.7,29.6]","[0.706,0.764]","1","1","-1","1","-1","0","1","1","0","1"
"192","(5.33,10]","(0.274,0.406]","(21.1,40.1]","(2.29,3.3]","(20.7,29.6]","[0.706,0.764]","1","1","-1","1","0","1","1","1","1","1"
"169","(14.7,19.4]","(0.538,0.671]","[1.89,21.1]","(2.29,3.3]","(38.4,47.2]","[0.706,0.764]","-1","-1","-1","-1","-1","-1","-1","-1","-1","-1"
"170","(14.7,19.4]","(0.538,0.671]","[1.89,21.1]","(1.27,2.29]","(29.6,38.4]","[0.706,0.764]","0","-1","-1","0","-1","-1","0","-1","-1","0"
"171","(14.7,19.4]","(0.406,0.538]","[1.89,21.1]","[0.254,1.27]","(29.6,38.4]","[0.337,0.706)","0","0","-1","0","-1","-1","0","-1","-1","0"
"172","(14.7,19.4]","(0.406,0.538]","[1.89,21.1]","(2.29,3.3]","(20.7,29.6]","[0.337,0.706)","0","0","-1","0","-1","-1","0","-1","-1","0"
"173","(14.7,19.4]","(0.406,0.538]","[1.89,21.1]","(3.3,4.32]","(29.6,38.4]","[0.706,0.764]","1","0","-1","0","-1","-1","0","-1","-1","1"
"174","(10,14.7]","(0.406,0.538]","[1.89,21.1]","(2.29,3.3]","(29.6,38.4]","[0.337,0.706)","1","0","-1","0","-1","0","1","0","-1","1"
"175","(10,14.7]","(0.538,0.671]","[1.89,21.1]","(2.29,3.3]","(29.6,38.4]","[0.706,0.764]","1","0","-1","0","-1","0","1","0","0","1"
"176","(10,14.7]","(0.538,0.671]","[1.89,21.1]","(2.29,3.3]","(29.6,38.4]","[0.337,0.706)","1","0","-1","1","-1","0","1","0","0","1"
"177","(5.33,10]","(0.538,0.671]","[1.89,21.1]","(2.29,3.3]","(20.7,29.6]","[0.337,0.706)","1","1","0","1","-1","0","1","0","0","1"
"178","(10,14.7]","(0.538,0.671]","[1.89,21.1]","(2.29,3.3]","(29.6,38.4]","[0.337,0.706)","1","1","0","1","-1","0","1","1","0","1"
"179","(10,14.7]","(0.538,0.671]","(21.1,40.1]","(2.29,3.3]","(29.6,38.4]","[0.706,0.764]","1","1","0","1","-1","0","1","1","0","1"
"180","(10,14.7]","(0.406,0.538]","[1.89,21.1]","(2.29,3.3]","(20.7,29.6]","[0.706,0.764]","1","1","1","1","0","1","1","1","0","1"
"205","(5.33,10]","(0.274,0.406]","[1.89,21.1]","(2.29,3.3]","(20.7,29.6]","[0.337,0.706)","0","-1","-1","-1","-1","-1","-1","-1","0","-1"
"206","(10,14.7]","(0.406,0.538]","(21.1,40.1]","(2.29,3.3]","(20.7,29.6]","[0.337,0.706)","0","-1","-1","0","-1","-1","-1","0","0","0"
"207","(10,14.7]","(0.406,0.538]","(21.1,40.1]","(2.29,3.3]","(11.9,20.7]","[0.337,0.706)","1","-1","-1","0","-1","-1","-1","0","0","0"
"208","(10,14.7]","(0.406,0.538]","(21.1,40.1]","(1.27,2.29]","(11.9,20.7]","[0.337,0.706)","1","0","-1","0","-1","-1","-1","1","0","0"
"209","(10,14.7]","(0.274,0.406]","(21.1,40.1]","(2.29,3.3]","(11.9,20.7]","[0.706,0.764]","1","0","-1","1","-1","-1","-1","1","0","1"
"210","(10,14.7]","(0.142,0.274]","(21.1,40.1]","(2.29,3.3]","(11.9,20.7]","[0.337,0.706)","1","0","-1","1","-1","-1","0","1","1","1"
"211","(0.638,5.33]","[0.00895,0.142]","(21.1,40.1]","(2.29,3.3]","(20.7,29.6]","[0.337,0.706)","1","0","-1","1","0","-1","0","1","1","1"
"212","(5.33,10]","(0.274,0.406]","(21.1,40.1]","(2.29,3.3]","(11.9,20.7]","[0.337,0.706)","1","0","-1","1","0","-1","0","1","1","1"
"213","(10,14.7]","(0.274,0.406]","[1.89,21.1]","(1.27,2.29]","[3.06,11.9]","[0.706,0.764]","1","1","-1","1","0","-1","0","1","1","1"
"214","(10,14.7]","(0.274,0.406]","(21.1,40.1]","(2.29,3.3]","(11.9,20.7]","[0.706,0.764]","1","1","-1","1","0","0","0","1","1","1"
"215","(5.33,10]","(0.274,0.406]","[1.89,21.1]","(2.29,3.3]","(11.9,20.7]","[0.337,0.706)","1","1","-1","1","1","0","0","1","1","1"
"216","(10,14.7]","(0.274,0.406]","(21.1,40.1]","(2.29,3.3]","[3.06,11.9]","[0.706,0.764]","1","1","0","1","1","0","1","1","1","1"
"193","(5.33,10]","(0.274,0.406]","[1.89,21.1]","(1.27,2.29]","(29.6,38.4]","[0.337,0.706)","0","-1","-1","0","-1","-1","-1","-1","0","0"
"194","(5.33,10]","(0.406,0.538]","(21.1,40.1]","(2.29,3.3]","(29.6,38.4]","[0.337,0.706)","0","-1","-1","0","-1","-1","-1","0","0","0"
"195","(10,14.7]","(0.406,0.538]","(21.1,40.1]","(2.29,3.3]","(29.6,38.4]","[0.706,0.764]","0","-1","-1","0","-1","-1","-1","0","0","1"
"196","(10,14.7]","(0.406,0.538]","[1.89,21.1]","(2.29,3.3]","(29.6,38.4]","[0.706,0.764]","0","-1","-1","1","-1","-1","-1","0","1","1"
"197","(10,14.7]","(0.274,0.406]","(21.1,40.1]","(2.29,3.3]","(29.6,38.4]","[0.337,0.706)","0","0","-1","1","0","-1","-1","0","1","1"
"198","(5.33,10]","(0.142,0.274]","[1.89,21.1]","(1.27,2.29]","(29.6,38.4]","[0.706,0.764]","1","0","0","1","0","-1","-1","0","1","1"
"199","(10,14.7]","(0.406,0.538]","(21.1,40.1]","(2.29,3.3]","(29.6,38.4]","[0.706,0.764]","1","0","0","1","0","-1","-1","1","1","1"
"200","(5.33,10]","(0.142,0.274]","(21.1,40.1]","(2.29,3.3]","(29.6,38.4]","[0.337,0.706)","1","0","0","1","0","-1","-1","1","1","1"
"201","(5.33,10]","(0.142,0.274]","[1.89,21.1]","(2.29,3.3]","(29.6,38.4]","[0.337,0.706)","1","0","0","1","0","-1","0","1","1","1"
"202","(5.33,10]","(0.142,0.274]","[1.89,21.1]","(2.29,3.3]","(29.6,38.4]","[0.337,0.706)","1","0","0","1","0","0","0","1","1","1"
"203","(5.33,10]","(0.274,0.406]","(21.1,40.1]","(2.29,3.3]","(38.4,47.2]","[0.337,0.706)","1","1","0","1","0","0","0","1","1","1"
"204","(5.33,10]","(0.274,0.406]","(21.1,40.1]","(2.29,3.3]","(29.6,38.4]","[0.337,0.706)","1","1","1","1","1","0","0","1","1","1"
"229","(10,14.7]","(0.142,0.274]","(21.1,40.1]","(1.27,2.29]","(11.9,20.7]","[0.706,0.764]","0","0","-1","-1","-1","-1","-1","-1","-1","-1"
"230","(10,14.7]","(0.274,0.406]","(21.1,40.1]","(1.27,2.29]","(11.9,20.7]","[0.337,0.706)","0","0","-1","-1","-1","-1","-1","-1","0","-1"
"231","(10,14.7]","(0.274,0.406]","(40.1,59.2]","(1.27,2.29]","(11.9,20.7]","[0.706,0.764]","0","0","-1","0","-1","-1","-1","-1","0","-1"
"232","(5.33,10]","(0.406,0.538]","(21.1,40.1]","(1.27,2.29]","(11.9,20.7]","[0.337,0.706)","0","1","-1","0","0","-1","-1","0","0","-1"
"233","(10,14.7]","(0.274,0.406]","(40.1,59.2]","(1.27,2.29]","(11.9,20.7]","[0.706,0.764]","1","1","-1","0","0","-1","0","0","0","-1"
"234","(10,14.7]","(0.274,0.406]","(21.1,40.1]","(1.27,2.29]","(11.9,20.7]","[0.337,0.706)","1","1","-1","0","0","-1","0","0","0","-1"
"235","(10,14.7]","(0.142,0.274]","[1.89,21.1]","(2.29,3.3]","(11.9,20.7]","[0.337,0.706)","1","1","-1","1","0","-1","0","0","1","0"
"236","(5.33,10]","(0.142,0.274]","[1.89,21.1]","(2.29,3.3]","(11.9,20.7]","[0.337,0.706)","1","1","-1","1","0","-1","0","1","1","0"
"237","(5.33,10]","(0.274,0.406]","(21.1,40.1]","(2.29,3.3]","(11.9,20.7]","[0.337,0.706)","1","1","-1","1","0","0","0","1","1","0"
"238","(5.33,10]","(0.142,0.274]","[1.89,21.1]","(1.27,2.29]","(11.9,20.7]","[0.337,0.706)","1","1","-1","1","1","0","1","1","1","0"
"239","(5.33,10]","(0.274,0.406]","[1.89,21.1]","(1.27,2.29]","[3.06,11.9]","[0.337,0.706)","1","1","0","1","1","0","1","1","1","0"
"240","(0.638,5.33]","[0.00895,0.142]","[1.89,21.1]","(1.27,2.29]","(11.9,20.7]","[0.337,0.706)","1","1","0","1","1","0","1","1","1","1"
"217","(5.33,10]","(0.274,0.406]","(21.1,40.1]","(3.3,4.32]","(20.7,29.6]","[0.337,0.706)","0","0","-1","0","-1","-1","-1","-1","0","-1"
"218","(10,14.7]","(0.406,0.538]","(21.1,40.1]","(3.3,4.32]","(29.6,38.4]","[0.706,0.764]","0","0","-1","0","-1","-1","-1","-1","0","-1"
"219","(10,14.7]","(0.406,0.538]","(40.1,59.2]","(3.3,4.32]","(29.6,38.4]","[0.706,0.764]","0","0","-1","0","0","-1","-1","-1","1","-1"
"220","(5.33,10]","(0.274,0.406]","(40.1,59.2]","(3.3,4.32]","(38.4,47.2]","[0.706,0.764]","0","1","-1","0","0","-1","-1","-1","1","-1"
"221","(5.33,10]","(0.142,0.274]","(40.1,59.2]","(2.29,3.3]","(38.4,47.2]","[0.337,0.706)","0","1","-1","1","0","-1","-1","-1","1","-1"
"222","(5.33,10]","(0.274,0.406]","(21.1,40.1]","(3.3,4.32]","(38.4,47.2]","[0.337,0.706)","0","1","-1","1","0","-1","-1","0","1","0"
"223","(10,14.7]","(0.274,0.406]","(21.1,40.1]","(3.3,4.32]","(29.6,38.4]","[0.706,0.764]","1","1","-1","1","0","-1","-1","0","1","0"
"224","(10,14.7]","(0.538,0.671]","(21.1,40.1]","(3.3,4.32]","(29.6,38.4]","[0.706,0.764]","1","1","0","1","0","-1","0","0","1","0"
"225","(10,14.7]","(0.406,0.538]","(40.1,59.2]","(3.3,4.32]","(38.4,47.2]","[0.337,0.706)","1","1","0","1","1","0","0","0","1","0"
"226","(5.33,10]","(0.274,0.406]","(21.1,40.1]","(3.3,4.32]","(29.6,38.4]","[0.706,0.764]","1","1","0","1","1","0","0","1","1","0"
"227","(10,14.7]","(0.274,0.406]","(21.1,40.1]","(3.3,4.32]","(29.6,38.4]","[0.706,0.764]","1","1","0","1","1","0","0","1","1","0"
"228","(10,14.7]","(0.142,0.274]","[1.89,21.1]","(2.29,3.3]","(29.6,38.4]","[0.337,0.706)","1","1","1","1","1","1","1","1","1","1"
"253","[-4.07,0.638]","[0.00895,0.142]","[1.89,21.1]","(1.27,2.29]","[3.06,11.9]","0.000","-1","-1","-1","-1","-1","-1","-1","-1","0","-1"
"254","[-4.07,0.638]","[0.00895,0.142]","[1.89,21.1]","(1.27,2.29]","[3.06,11.9]","0.000","-1","-1","-1","-1","0","-1","-1","-1","0","-1"
"255","[-4.07,0.638]","[0.00895,0.142]","[1.89,21.1]","(1.27,2.29]","(11.9,20.7]","0.000","-1","-1","0","-1","0","0","-1","-1","0","-1"
"256","[-4.07,0.638]","[0.00895,0.142]","[1.89,21.1]","(2.29,3.3]","(11.9,20.7]","0.000","-1","-1","0","-1","0","0","-1","-1","0","-1"
"257","[-4.07,0.638]","[0.00895,0.142]","(59.2,78.3]","(1.27,2.29]","[3.06,11.9]","0.000","-1","-1","0","0","1","0","-1","0","0","-1"
"258","[-4.07,0.638]","[0.00895,0.142]","(21.1,40.1]","(1.27,2.29]","(11.9,20.7]","0.000","-1","-1","0","0","1","0","-1","0","0","-1"
"259","[-4.07,0.638]","[0.00895,0.142]","(21.1,40.1]","(1.27,2.29]","(11.9,20.7]","0.000","-1","-1","0","0","1","0","0","1","0","0"
"260","[-4.07,0.638]","[0.00895,0.142]","(21.1,40.1]","(1.27,2.29]","(11.9,20.7]","0.000","-1","-1","0","0","1","0","0","1","1","0"
"261","[-4.07,0.638]","[0.00895,0.142]","(21.1,40.1]","(1.27,2.29]","(20.7,29.6]","0.000","-1","-1","1","0","1","1","0","1","1","0"
"262","[-4.07,0.638]","[0.00895,0.142]","(21.1,40.1]","(1.27,2.29]","(11.9,20.7]","0.000","-1","0","1","0","1","1","0","1","1","0"
"263","[-4.07,0.638]","[0.00895,0.142]","(21.1,40.1]","(1.27,2.29]","(11.9,20.7]","0.000","-1","0","1","0","1","1","0","1","1","0"
"264","[-4.07,0.638]","[0.00895,0.142]","(21.1,40.1]","(2.29,3.3]","[3.06,11.9]","0.000","0","0","1","1","1","1","1","1","1","1"
"241","[-4.07,0.638]","[0.00895,0.142]","(59.2,78.3]","(2.29,3.3]","(29.6,38.4]","0.000","-1","-1","-1","-1","0","-1","-1","-1","0","-1"
"242","[-4.07,0.638]","[0.00895,0.142]","(21.1,40.1]","(2.29,3.3]","(29.6,38.4]","0.000","-1","-1","0","-1","0","0","-1","-1","0","-1"
"243","[-4.07,0.638]","[0.00895,0.142]","(40.1,59.2]","(3.3,4.32]","(29.6,38.4]","0.000","-1","-1","0","-1","0","0","-1","-1","0","-1"
"244","[-4.07,0.638]","[0.00895,0.142]","(21.1,40.1]","(2.29,3.3]","(29.6,38.4]","0.000","-1","-1","0","-1","1","0","-1","0","0","-1"
"245","[-4.07,0.638]","[0.00895,0.142]","[1.89,21.1]","(2.29,3.3]","(29.6,38.4]","0.000","-1","-1","0","0","1","0","-1","0","0","0"
"246","[-4.07,0.638]","[0.00895,0.142]","[1.89,21.1]","(2.29,3.3]","(29.6,38.4]","0.000","-1","-1","0","0","1","0","-1","0","0","0"
"247","[-4.07,0.638]","[0.00895,0.142]","(21.1,40.1]","(2.29,3.3]","(29.6,38.4]","0.000","-1","-1","1","0","1","0","-1","0","0","0"
"248","[-4.07,0.638]","(0.142,0.274]","(21.1,40.1]","(2.29,3.3]","(20.7,29.6]","0.000","-1","0","1","0","1","1","-1","0","1","0"
"249","[-4.07,0.638]","[0.00895,0.142]","(40.1,59.2]","(2.29,3.3]","(29.6,38.4]","0.000","-1","0","1","0","1","1","0","1","1","0"
"250","[-4.07,0.638]","(0.142,0.274]","[1.89,21.1]","(3.3,4.32]","(29.6,38.4]","0.000","-1","0","1","0","1","1","0","1","1","0"
"251","[-4.07,0.638]","[0.00895,0.142]","[1.89,21.1]","(2.29,3.3]","(29.6,38.4]","0.000","0","0","1","0","1","1","0","1","1","1"
"252","[-4.07,0.638]","[0.00895,0.142]","(40.1,59.2]","(3.3,4.32]","(29.6,38.4]","0.000","0","1","1","1","1","1","0","1","1","1"
"277","[-4.07,0.638]","[0.00895,0.142]","[1.89,21.1]","(2.29,3.3]","[3.06,11.9]","0.000","-1","-1","-1","-1","-1","0","-1","0","-1","-1"
"278","[-4.07,0.638]","[0.00895,0.142]","[1.89,21.1]","(1.27,2.29]","(11.9,20.7]","0.000","-1","-1","-1","-1","0","0","-1","0","-1","-1"
"279","[-4.07,0.638]","[0.00895,0.142]","[1.89,21.1]","(1.27,2.29]","(11.9,20.7]","0.000","-1","-1","-1","-1","0","0","0","0","-1","-1"
"280","[-4.07,0.638]","[0.00895,0.142]","(21.1,40.1]","(1.27,2.29]","(11.9,20.7]","0.000","-1","0","-1","-1","0","1","0","1","-1","-1"
"281","[-4.07,0.638]","[0.00895,0.142]","[1.89,21.1]","(1.27,2.29]","(11.9,20.7]","0.000","-1","0","0","-1","0","1","0","1","-1","-1"
"282","[-4.07,0.638]","(0.142,0.274]","[1.89,21.1]","(1.27,2.29]","(11.9,20.7]","0.000","-1","0","0","-1","0","1","0","1","-1","-1"
"283","[-4.07,0.638]","[0.00895,0.142]","(21.1,40.1]","(1.27,2.29]","[3.06,11.9]","0.000","-1","0","0","-1","1","1","1","1","-1","0"
"284","[-4.07,0.638]","[0.00895,0.142]","(21.1,40.1]","(1.27,2.29]","[3.06,11.9]","0.000","-1","0","0","-1","1","1","1","1","-1","0"
"285","[-4.07,0.638]","[0.00895,0.142]","(21.1,40.1]","(1.27,2.29]","(11.9,20.7]","0.000","-1","1","0","-1","1","1","1","1","-1","0"
"286","[-4.07,0.638]","[0.00895,0.142]","[1.89,21.1]","(1.27,2.29]","[3.06,11.9]","0.000","0","1","1","-1","1","1","1","1","0","0"
"287","[-4.07,0.638]","[0.00895,0.142]","[1.89,21.1]","(1.27,2.29]","(11.9,20.7]","0.000","0","1","1","0","1","1","1","1","0","0"
"288","[-4.07,0.638]","[0.00895,0.142]","(40.1,59.2]","[0.254,1.27]","(11.9,20.7]","0.000","0","1","1","0","1","1","1","1","0","1"
"265","[-4.07,0.638]","(0.142,0.274]","(40.1,59.2]","[0.254,1.27]","(29.6,38.4]","0.000","-1","-1","-1","-1","-1","-1","-1","-1","-1","-1"
"266","[-4.07,0.638]","[0.00895,0.142]","(40.1,59.2]","[0.254,1.27]","(29.6,38.4]","0.000","-1","-1","0","-1","0","0","-1","-1","-1","-1"
"267","[-4.07,0.638]","[0.00895,0.142]","(21.1,40.1]","(2.29,3.3]","(29.6,38.4]","0.000","-1","-1","0","-1","0","0","0","-1","-1","-1"
"268","[-4.07,0.638]","[0.00895,0.142]","(78.3,97.4]","[0.254,1.27]","(29.6,38.4]","0.000","-1","-1","0","-1","0","0","0","-1","-1","-1"
"269","[-4.07,0.638]","[0.00895,0.142]","(40.1,59.2]","[0.254,1.27]","(29.6,38.4]","0.000","-1","-1","1","-1","1","1","0","0","0","-1"
"270","[-4.07,0.638]","[0.00895,0.142]","(21.1,40.1]","[0.254,1.27]","(20.7,29.6]","0.000","-1","0","1","-1","1","1","0","0","0","-1"
"271","[-4.07,0.638]","(0.142,0.274]","(40.1,59.2]","[0.254,1.27]","(20.7,29.6]","0.000","-1","0","1","-1","1","1","0","0","0","-1"
"272","[-4.07,0.638]","[0.00895,0.142]","(21.1,40.1]","[0.254,1.27]","(29.6,38.4]","0.000","-1","0","1","0","1","1","0","0","0","-1"
"273","[-4.07,0.638]","(0.142,0.274]","(21.1,40.1]","[0.254,1.27]","(29.6,38.4]","0.000","-1","0","1","0","1","1","0","1","0","0"
"274","[-4.07,0.638]","[0.00895,0.142]","(21.1,40.1]","[0.254,1.27]","(29.6,38.4]","0.000","-1","1","1","0","1","1","1","1","0","0"
"275","[-4.07,0.638]","(0.142,0.274]","(40.1,59.2]","[0.254,1.27]","(29.6,38.4]","0.000","-1","1","1","0","1","1","1","1","1","0"
"276","[-4.07,0.638]","(0.142,0.274]","[1.89,21.1]","(1.27,2.29]","(29.6,38.4]","0.000","0","1","1","1","1","1","1","1","1","0"
